session_id,stage_awareness,stage_consideration,stage_quote,stage_purchase,stage_onboarding,channel,product
1,1,0,0,0,0,organic_search,term
2,1,0,0,0,0,paid_search,term
3,1,1,1,0,0,embedded_partner,motor
4,1,1,0,0,0,organic_search,motor
5,1,0,0,0,0,aggregator,motor
6,1,0,0,0,0,referral,motor
7,1,1,0,0,0,organic_search,motor
8,1,0,0,0,0,organic_search,travel
9,1,1,0,0,0,aggregator,motor
10,1,1,0,0,0,paid_search,motor
11,1,0,0,0,0,paid_search,term
12,1,1,0,0,0,embedded_partner,health
13,1,0,0,0,0,social_media,motor
14,1,0,0,0,0,embedded_partner,motor
15,1,0,0,0,0,paid_search,travel
16,1,1,1,0,0,aggregator,motor
17,1,0,0,0,0,social_media,health
18,1,1,1,0,0,aggregator,term
19,1,1,1,0,0,embedded_partner,motor
20,1,0,0,0,0,social_media,term
21,1,1,0,0,0,organic_search,motor
22,1,0,0,0,0,paid_search,motor
23,1,1,1,1,1,referral,motor
24,1,0,0,0,0,embedded_partner,travel
25,1,1,0,0,0,organic_search,motor
26,1,1,0,0,0,aggregator,motor
27,1,0,0,0,0,paid_search,travel
28,1,0,0,0,0,aggregator,motor
29,1,1,1,0,0,aggregator,travel
30,1,1,0,0,0,organic_search,term
31,1,0,0,0,0,organic_search,health
32,1,1,0,0,0,referral,term
33,1,1,0,0,0,paid_search,term
34,1,0,0,0,0,paid_search,motor
35,1,0,0,0,0,paid_search,travel
36,1,0,0,0,0,aggregator,travel
37,1,0,0,0,0,aggregator,travel
38,1,1,1,1,1,social_media,health
39,1,0,0,0,0,aggregator,health
40,1,1,0,0,0,organic_search,health
41,1,0,0,0,0,paid_search,motor
42,1,1,1,0,0,embedded_partner,health
43,1,1,0,0,0,organic_search,health
44,1,1,0,0,0,paid_search,term
45,1,1,0,0,0,embedded_partner,motor
46,1,1,1,0,0,embedded_partner,health
47,1,0,0,0,0,paid_search,health
48,1,0,0,0,0,paid_search,health
49,1,1,0,0,0,organic_search,travel
50,1,0,0,0,0,aggregator,term
51,1,0,0,0,0,aggregator,motor
52,1,1,0,0,0,aggregator,motor
53,1,1,0,0,0,organic_search,term
54,1,0,0,0,0,organic_search,health
55,1,1,1,1,1,organic_search,term
56,1,0,0,0,0,organic_search,motor
57,1,1,1,1,1,paid_search,motor
58,1,0,0,0,0,social_media,motor
59,1,1,0,0,0,aggregator,term
60,1,0,0,0,0,aggregator,travel
61,1,0,0,0,0,organic_search,travel
62,1,0,0,0,0,social_media,health
63,1,0,0,0,0,social_media,term
64,1,0,0,0,0,organic_search,motor
65,1,1,0,0,0,social_media,health
66,1,0,0,0,0,social_media,travel
67,1,0,0,0,0,social_media,motor
68,1,0,0,0,0,paid_search,travel
69,1,0,0,0,0,aggregator,motor
70,1,0,0,0,0,paid_search,motor
71,1,1,1,0,0,aggregator,health
72,1,1,0,0,0,paid_search,travel
73,1,1,0,0,0,embedded_partner,motor
74,1,0,0,0,0,aggregator,term
75,1,0,0,0,0,aggregator,motor
76,1,0,0,0,0,paid_search,term
77,1,1,0,0,0,paid_search,health
78,1,1,1,1,1,organic_search,motor
79,1,0,0,0,0,social_media,term
80,1,1,0,0,0,organic_search,term
81,1,1,1,1,1,organic_search,health
82,1,0,0,0,0,paid_search,motor
83,1,1,1,0,0,embedded_partner,motor
84,1,0,0,0,0,aggregator,travel
85,1,1,0,0,0,aggregator,term
86,1,0,0,0,0,aggregator,term
87,1,1,1,0,0,organic_search,term
88,1,0,0,0,0,paid_search,term
89,1,1,0,0,0,aggregator,motor
90,1,0,0,0,0,social_media,health
91,1,0,0,0,0,aggregator,term
92,1,0,0,0,0,organic_search,motor
93,1,1,0,0,0,paid_search,motor
94,1,1,0,0,0,paid_search,health
95,1,0,0,0,0,paid_search,travel
96,1,1,0,0,0,social_media,term
97,1,0,0,0,0,paid_search,motor
98,1,0,0,0,0,aggregator,travel
99,1,0,0,0,0,aggregator,motor
100,1,1,1,0,0,referral,motor
101,1,1,0,0,0,embedded_partner,travel
102,1,0,0,0,0,organic_search,term
103,1,0,0,0,0,paid_search,travel
104,1,1,0,0,0,referral,term
105,1,0,0,0,0,organic_search,term
106,1,0,0,0,0,organic_search,motor
107,1,0,0,0,0,paid_search,motor
108,1,1,0,0,0,paid_search,travel
109,1,1,0,0,0,aggregator,travel
110,1,0,0,0,0,embedded_partner,motor
111,1,0,0,0,0,paid_search,motor
112,1,1,0,0,0,aggregator,motor
113,1,1,0,0,0,paid_search,motor
114,1,0,0,0,0,social_media,travel
115,1,0,0,0,0,aggregator,motor
116,1,1,0,0,0,embedded_partner,health
117,1,0,0,0,0,organic_search,travel
118,1,0,0,0,0,organic_search,health
119,1,0,0,0,0,paid_search,health
120,1,0,0,0,0,social_media,motor
121,1,0,0,0,0,social_media,motor
122,1,1,0,0,0,social_media,motor
123,1,0,0,0,0,aggregator,motor
124,1,1,1,0,0,paid_search,motor
125,1,0,0,0,0,aggregator,motor
126,1,0,0,0,0,social_media,motor
127,1,0,0,0,0,paid_search,motor
128,1,0,0,0,0,aggregator,travel
129,1,0,0,0,0,aggregator,motor
130,1,1,0,0,0,social_media,motor
131,1,0,0,0,0,aggregator,travel
132,1,0,0,0,0,embedded_partner,motor
133,1,1,0,0,0,social_media,health
134,1,0,0,0,0,paid_search,term
135,1,0,0,0,0,social_media,health
136,1,0,0,0,0,aggregator,motor
137,1,0,0,0,0,referral,term
138,1,0,0,0,0,social_media,term
139,1,0,0,0,0,organic_search,motor
140,1,1,0,0,0,aggregator,motor
141,1,0,0,0,0,social_media,motor
142,1,0,0,0,0,social_media,term
143,1,0,0,0,0,referral,motor
144,1,0,0,0,0,social_media,motor
145,1,0,0,0,0,social_media,health
146,1,0,0,0,0,paid_search,travel
147,1,1,0,0,0,paid_search,motor
148,1,1,0,0,0,social_media,motor
149,1,0,0,0,0,paid_search,health
150,1,0,0,0,0,aggregator,term
151,1,1,0,0,0,embedded_partner,health
152,1,1,0,0,0,embedded_partner,travel
153,1,0,0,0,0,aggregator,motor
154,1,0,0,0,0,social_media,motor
155,1,0,0,0,0,aggregator,motor
156,1,1,1,0,0,organic_search,motor
157,1,0,0,0,0,paid_search,health
158,1,1,1,0,0,organic_search,term
159,1,1,0,0,0,organic_search,motor
160,1,1,0,0,0,organic_search,term
161,1,1,1,1,1,aggregator,motor
162,1,0,0,0,0,embedded_partner,health
163,1,0,0,0,0,aggregator,motor
164,1,1,0,0,0,aggregator,health
165,1,0,0,0,0,social_media,motor
166,1,1,0,0,0,paid_search,travel
167,1,0,0,0,0,embedded_partner,travel
168,1,0,0,0,0,embedded_partner,term
169,1,0,0,0,0,paid_search,travel
170,1,1,0,0,0,referral,motor
171,1,1,0,0,0,paid_search,health
172,1,0,0,0,0,social_media,motor
173,1,0,0,0,0,paid_search,travel
174,1,1,1,0,0,referral,motor
175,1,1,0,0,0,aggregator,motor
176,1,1,1,0,0,aggregator,term
177,1,1,0,0,0,paid_search,motor
178,1,0,0,0,0,referral,term
179,1,1,0,0,0,embedded_partner,motor
180,1,1,0,0,0,organic_search,term
181,1,0,0,0,0,embedded_partner,travel
182,1,0,0,0,0,embedded_partner,health
183,1,0,0,0,0,social_media,motor
184,1,0,0,0,0,paid_search,motor
185,1,0,0,0,0,organic_search,motor
186,1,1,1,1,1,organic_search,motor
187,1,1,0,0,0,paid_search,health
188,1,0,0,0,0,aggregator,motor
189,1,1,0,0,0,organic_search,motor
190,1,0,0,0,0,paid_search,motor
191,1,1,0,0,0,referral,travel
192,1,0,0,0,0,aggregator,motor
193,1,0,0,0,0,aggregator,motor
194,1,1,1,0,0,embedded_partner,health
195,1,1,1,1,1,aggregator,motor
196,1,1,0,0,0,aggregator,travel
197,1,0,0,0,0,social_media,motor
198,1,0,0,0,0,embedded_partner,term
199,1,0,0,0,0,aggregator,health
200,1,0,0,0,0,paid_search,term
201,1,1,1,0,0,organic_search,term
202,1,0,0,0,0,referral,term
203,1,0,0,0,0,social_media,health
204,1,0,0,0,0,aggregator,health
205,1,0,0,0,0,aggregator,term
206,1,1,0,0,0,aggregator,health
207,1,0,0,0,0,aggregator,health
208,1,0,0,0,0,organic_search,motor
209,1,1,1,0,0,aggregator,motor
210,1,1,1,0,0,social_media,motor
211,1,1,1,0,0,organic_search,motor
212,1,1,0,0,0,social_media,health
213,1,0,0,0,0,aggregator,motor
214,1,0,0,0,0,embedded_partner,health
215,1,1,0,0,0,organic_search,term
216,1,0,0,0,0,organic_search,health
217,1,0,0,0,0,aggregator,term
218,1,0,0,0,0,aggregator,motor
219,1,1,1,0,0,embedded_partner,motor
220,1,0,0,0,0,paid_search,term
221,1,1,1,1,1,paid_search,term
222,1,1,0,0,0,social_media,term
223,1,1,0,0,0,organic_search,term
224,1,1,1,0,0,referral,term
225,1,1,0,0,0,paid_search,term
226,1,0,0,0,0,embedded_partner,term
227,1,1,1,0,0,aggregator,term
228,1,0,0,0,0,social_media,motor
229,1,0,0,0,0,social_media,motor
230,1,1,1,0,0,aggregator,motor
231,1,0,0,0,0,aggregator,health
232,1,1,0,0,0,paid_search,term
233,1,0,0,0,0,referral,motor
234,1,0,0,0,0,social_media,motor
235,1,1,0,0,0,referral,term
236,1,0,0,0,0,embedded_partner,motor
237,1,1,0,0,0,paid_search,term
238,1,1,0,0,0,organic_search,motor
239,1,0,0,0,0,aggregator,motor
240,1,1,0,0,0,aggregator,health
241,1,0,0,0,0,embedded_partner,motor
242,1,1,0,0,0,organic_search,motor
243,1,1,0,0,0,aggregator,motor
244,1,0,0,0,0,social_media,motor
245,1,0,0,0,0,social_media,motor
246,1,1,0,0,0,embedded_partner,term
247,1,1,0,0,0,social_media,motor
248,1,1,0,0,0,paid_search,motor
249,1,1,0,0,0,paid_search,motor
250,1,1,0,0,0,paid_search,travel
251,1,0,0,0,0,organic_search,term
252,1,0,0,0,0,embedded_partner,travel
253,1,0,0,0,0,paid_search,travel
254,1,1,1,1,1,aggregator,motor
255,1,0,0,0,0,aggregator,term
256,1,1,0,0,0,organic_search,motor
257,1,0,0,0,0,embedded_partner,travel
258,1,0,0,0,0,aggregator,health
259,1,1,0,0,0,aggregator,motor
260,1,0,0,0,0,social_media,travel
261,1,0,0,0,0,aggregator,term
262,1,0,0,0,0,embedded_partner,travel
263,1,1,0,0,0,paid_search,motor
264,1,0,0,0,0,aggregator,motor
265,1,0,0,0,0,embedded_partner,motor
266,1,0,0,0,0,aggregator,health
267,1,0,0,0,0,paid_search,health
268,1,1,0,0,0,aggregator,motor
269,1,0,0,0,0,aggregator,term
270,1,0,0,0,0,aggregator,motor
271,1,0,0,0,0,aggregator,term
272,1,1,0,0,0,aggregator,travel
273,1,0,0,0,0,aggregator,health
274,1,0,0,0,0,social_media,motor
275,1,1,1,0,0,organic_search,motor
276,1,0,0,0,0,paid_search,motor
277,1,0,0,0,0,paid_search,term
278,1,0,0,0,0,social_media,health
279,1,1,0,0,0,embedded_partner,motor
280,1,1,1,0,0,embedded_partner,travel
281,1,1,0,0,0,aggregator,term
282,1,0,0,0,0,aggregator,term
283,1,1,0,0,0,aggregator,health
284,1,1,0,0,0,aggregator,travel
285,1,0,0,0,0,social_media,motor
286,1,0,0,0,0,paid_search,motor
287,1,0,0,0,0,aggregator,travel
288,1,0,0,0,0,paid_search,travel
289,1,0,0,0,0,social_media,health
290,1,0,0,0,0,aggregator,motor
291,1,0,0,0,0,embedded_partner,motor
292,1,1,1,0,0,aggregator,term
293,1,0,0,0,0,embedded_partner,term
294,1,1,0,0,0,aggregator,motor
295,1,1,0,0,0,embedded_partner,motor
296,1,0,0,0,0,embedded_partner,term
297,1,1,0,0,0,referral,term
298,1,0,0,0,0,embedded_partner,health
299,1,0,0,0,0,organic_search,health
300,1,0,0,0,0,social_media,travel
301,1,0,0,0,0,organic_search,motor
302,1,0,0,0,0,aggregator,health
303,1,0,0,0,0,social_media,health
304,1,0,0,0,0,social_media,health
305,1,1,1,1,0,embedded_partner,travel
306,1,0,0,0,0,paid_search,health
307,1,0,0,0,0,paid_search,health
308,1,1,0,0,0,social_media,motor
309,1,0,0,0,0,paid_search,term
310,1,1,0,0,0,aggregator,motor
311,1,0,0,0,0,social_media,motor
312,1,0,0,0,0,paid_search,health
313,1,1,0,0,0,aggregator,health
314,1,0,0,0,0,paid_search,travel
315,1,0,0,0,0,paid_search,term
316,1,1,0,0,0,paid_search,term
317,1,0,0,0,0,paid_search,motor
318,1,1,1,0,0,organic_search,health
319,1,0,0,0,0,paid_search,travel
320,1,0,0,0,0,referral,health
321,1,1,0,0,0,embedded_partner,term
322,1,0,0,0,0,social_media,health
323,1,1,1,1,1,paid_search,motor
324,1,1,0,0,0,social_media,health
325,1,1,1,0,0,embedded_partner,motor
326,1,0,0,0,0,organic_search,motor
327,1,0,0,0,0,embedded_partner,motor
328,1,0,0,0,0,social_media,motor
329,1,1,0,0,0,social_media,motor
330,1,1,0,0,0,paid_search,travel
331,1,0,0,0,0,organic_search,motor
332,1,0,0,0,0,aggregator,term
333,1,1,0,0,0,organic_search,health
334,1,0,0,0,0,embedded_partner,motor
335,1,0,0,0,0,aggregator,motor
336,1,1,0,0,0,social_media,travel
337,1,1,0,0,0,aggregator,health
338,1,1,0,0,0,organic_search,travel
339,1,0,0,0,0,aggregator,motor
340,1,1,1,1,1,referral,term
341,1,0,0,0,0,aggregator,term
342,1,0,0,0,0,referral,travel
343,1,1,0,0,0,embedded_partner,motor
344,1,0,0,0,0,social_media,travel
345,1,1,0,0,0,organic_search,motor
346,1,0,0,0,0,organic_search,term
347,1,1,0,0,0,referral,health
348,1,0,0,0,0,paid_search,health
349,1,0,0,0,0,social_media,motor
350,1,1,0,0,0,aggregator,term
351,1,1,0,0,0,social_media,motor
352,1,0,0,0,0,aggregator,health
353,1,0,0,0,0,social_media,health
354,1,0,0,0,0,social_media,term
355,1,0,0,0,0,paid_search,health
356,1,0,0,0,0,social_media,term
357,1,0,0,0,0,organic_search,health
358,1,0,0,0,0,organic_search,term
359,1,1,0,0,0,social_media,term
360,1,0,0,0,0,social_media,term
361,1,0,0,0,0,referral,term
362,1,0,0,0,0,aggregator,health
363,1,0,0,0,0,aggregator,motor
364,1,1,0,0,0,aggregator,term
365,1,0,0,0,0,organic_search,motor
366,1,0,0,0,0,paid_search,motor
367,1,1,1,0,0,organic_search,term
368,1,1,0,0,0,organic_search,health
369,1,1,0,0,0,paid_search,health
370,1,1,1,0,0,embedded_partner,travel
371,1,1,1,0,0,organic_search,motor
372,1,1,1,0,0,paid_search,motor
373,1,0,0,0,0,paid_search,motor
374,1,0,0,0,0,paid_search,motor
375,1,0,0,0,0,aggregator,term
376,1,0,0,0,0,aggregator,term
377,1,1,0,0,0,referral,health
378,1,0,0,0,0,paid_search,motor
379,1,0,0,0,0,paid_search,health
380,1,1,0,0,0,organic_search,motor
381,1,0,0,0,0,social_media,term
382,1,1,0,0,0,referral,health
383,1,1,0,0,0,organic_search,motor
384,1,0,0,0,0,social_media,term
385,1,1,1,0,0,paid_search,term
386,1,1,0,0,0,referral,motor
387,1,1,1,1,1,organic_search,health
388,1,1,0,0,0,referral,health
389,1,0,0,0,0,aggregator,motor
390,1,1,0,0,0,embedded_partner,motor
391,1,0,0,0,0,social_media,term
392,1,0,0,0,0,aggregator,travel
393,1,0,0,0,0,social_media,health
394,1,1,1,1,0,organic_search,health
395,1,0,0,0,0,aggregator,health
396,1,0,0,0,0,paid_search,health
397,1,1,0,0,0,embedded_partner,motor
398,1,1,0,0,0,paid_search,motor
399,1,1,0,0,0,paid_search,travel
400,1,1,1,1,1,paid_search,term
401,1,0,0,0,0,paid_search,travel
402,1,0,0,0,0,embedded_partner,motor
403,1,0,0,0,0,organic_search,health
404,1,0,0,0,0,aggregator,health
405,1,0,0,0,0,referral,motor
406,1,1,0,0,0,embedded_partner,motor
407,1,0,0,0,0,paid_search,term
408,1,0,0,0,0,embedded_partner,term
409,1,1,1,1,0,aggregator,health
410,1,1,0,0,0,referral,motor
411,1,1,0,0,0,organic_search,health
412,1,1,1,0,0,organic_search,motor
413,1,1,0,0,0,aggregator,motor
414,1,1,1,0,0,embedded_partner,health
415,1,0,0,0,0,aggregator,motor
416,1,0,0,0,0,aggregator,travel
417,1,0,0,0,0,aggregator,health
418,1,1,0,0,0,organic_search,motor
419,1,0,0,0,0,aggregator,motor
420,1,1,0,0,0,embedded_partner,term
421,1,1,0,0,0,organic_search,motor
422,1,0,0,0,0,aggregator,motor
423,1,0,0,0,0,aggregator,health
424,1,0,0,0,0,aggregator,motor
425,1,0,0,0,0,social_media,health
426,1,1,0,0,0,embedded_partner,health
427,1,0,0,0,0,aggregator,motor
428,1,0,0,0,0,embedded_partner,term
429,1,0,0,0,0,aggregator,health
430,1,1,0,0,0,embedded_partner,health
431,1,0,0,0,0,embedded_partner,motor
432,1,1,0,0,0,organic_search,health
433,1,1,0,0,0,organic_search,motor
434,1,1,1,0,0,embedded_partner,health
435,1,0,0,0,0,aggregator,motor
436,1,0,0,0,0,aggregator,travel
437,1,1,0,0,0,aggregator,motor
438,1,0,0,0,0,social_media,travel
439,1,0,0,0,0,organic_search,travel
440,1,0,0,0,0,social_media,health
441,1,0,0,0,0,embedded_partner,motor
442,1,0,0,0,0,aggregator,motor
443,1,0,0,0,0,organic_search,travel
444,1,0,0,0,0,aggregator,health
445,1,0,0,0,0,paid_search,health
446,1,0,0,0,0,organic_search,motor
447,1,1,0,0,0,referral,term
448,1,0,0,0,0,social_media,motor
449,1,0,0,0,0,aggregator,motor
450,1,0,0,0,0,social_media,motor
451,1,0,0,0,0,aggregator,health
452,1,0,0,0,0,embedded_partner,travel
453,1,0,0,0,0,organic_search,term
454,1,1,0,0,0,aggregator,motor
455,1,0,0,0,0,aggregator,motor
456,1,0,0,0,0,aggregator,term
457,1,1,1,1,1,referral,health
458,1,1,0,0,0,paid_search,motor
459,1,0,0,0,0,organic_search,motor
460,1,0,0,0,0,social_media,health
461,1,0,0,0,0,social_media,travel
462,1,0,0,0,0,aggregator,term
463,1,1,0,0,0,referral,motor
464,1,1,0,0,0,paid_search,term
465,1,0,0,0,0,social_media,motor
466,1,1,0,0,0,organic_search,travel
467,1,0,0,0,0,social_media,motor
468,1,1,0,0,0,referral,motor
469,1,1,0,0,0,aggregator,health
470,1,0,0,0,0,social_media,motor
471,1,1,1,1,0,paid_search,motor
472,1,1,0,0,0,social_media,health
473,1,0,0,0,0,aggregator,term
474,1,0,0,0,0,aggregator,term
475,1,0,0,0,0,paid_search,motor
476,1,0,0,0,0,paid_search,motor
477,1,1,0,0,0,paid_search,health
478,1,0,0,0,0,social_media,health
479,1,0,0,0,0,social_media,motor
480,1,0,0,0,0,paid_search,travel
481,1,0,0,0,0,paid_search,travel
482,1,1,1,1,0,aggregator,motor
483,1,1,0,0,0,social_media,term
484,1,1,0,0,0,paid_search,health
485,1,0,0,0,0,aggregator,motor
486,1,1,1,0,0,paid_search,health
487,1,1,0,0,0,social_media,motor
488,1,0,0,0,0,aggregator,motor
489,1,0,0,0,0,social_media,travel
490,1,0,0,0,0,social_media,health
491,1,0,0,0,0,organic_search,motor
492,1,0,0,0,0,social_media,health
493,1,0,0,0,0,organic_search,travel
494,1,1,0,0,0,paid_search,health
495,1,0,0,0,0,organic_search,travel
496,1,0,0,0,0,social_media,travel
497,1,0,0,0,0,paid_search,motor
498,1,0,0,0,0,social_media,term
499,1,0,0,0,0,paid_search,term
500,1,0,0,0,0,social_media,term
501,1,1,0,0,0,organic_search,motor
502,1,0,0,0,0,embedded_partner,motor
503,1,1,0,0,0,embedded_partner,motor
504,1,0,0,0,0,social_media,health
505,1,0,0,0,0,social_media,term
506,1,0,0,0,0,organic_search,term
507,1,1,0,0,0,paid_search,health
508,1,0,0,0,0,embedded_partner,motor
509,1,1,0,0,0,social_media,motor
510,1,1,1,0,0,aggregator,term
511,1,0,0,0,0,aggregator,health
512,1,0,0,0,0,embedded_partner,term
513,1,1,0,0,0,aggregator,motor
514,1,0,0,0,0,paid_search,health
515,1,0,0,0,0,paid_search,travel
516,1,1,1,0,0,aggregator,motor
517,1,0,0,0,0,paid_search,motor
518,1,1,1,0,0,organic_search,term
519,1,0,0,0,0,aggregator,health
520,1,0,0,0,0,embedded_partner,travel
521,1,0,0,0,0,embedded_partner,travel
522,1,0,0,0,0,paid_search,term
523,1,0,0,0,0,aggregator,motor
524,1,0,0,0,0,social_media,health
525,1,1,0,0,0,aggregator,travel
526,1,0,0,0,0,paid_search,health
527,1,1,1,0,0,referral,travel
528,1,0,0,0,0,referral,term
529,1,1,0,0,0,organic_search,motor
530,1,0,0,0,0,paid_search,health
531,1,1,1,0,0,organic_search,term
532,1,1,0,0,0,organic_search,motor
533,1,0,0,0,0,paid_search,motor
534,1,0,0,0,0,social_media,term
535,1,0,0,0,0,aggregator,motor
536,1,0,0,0,0,aggregator,motor
537,1,0,0,0,0,social_media,term
538,1,1,1,0,0,aggregator,term
539,1,1,0,0,0,aggregator,health
540,1,0,0,0,0,embedded_partner,travel
541,1,1,1,1,1,referral,travel
542,1,0,0,0,0,social_media,health
543,1,0,0,0,0,embedded_partner,motor
544,1,1,0,0,0,referral,term
545,1,0,0,0,0,aggregator,motor
546,1,1,1,1,1,paid_search,term
547,1,1,0,0,0,paid_search,health
548,1,1,1,1,1,aggregator,motor
549,1,1,1,1,0,organic_search,health
550,1,1,1,0,0,paid_search,health
551,1,1,0,0,0,paid_search,travel
552,1,1,0,0,0,aggregator,motor
553,1,0,0,0,0,aggregator,travel
554,1,0,0,0,0,embedded_partner,motor
555,1,1,0,0,0,aggregator,term
556,1,1,0,0,0,aggregator,travel
557,1,1,0,0,0,paid_search,motor
558,1,0,0,0,0,social_media,motor
559,1,0,0,0,0,social_media,term
560,1,0,0,0,0,social_media,term
561,1,1,0,0,0,aggregator,motor
562,1,0,0,0,0,aggregator,health
563,1,1,1,0,0,embedded_partner,term
564,1,0,0,0,0,social_media,motor
565,1,0,0,0,0,social_media,health
566,1,1,0,0,0,organic_search,health
567,1,0,0,0,0,organic_search,motor
568,1,1,0,0,0,aggregator,term
569,1,0,0,0,0,paid_search,motor
570,1,1,0,0,0,social_media,travel
571,1,1,1,0,0,paid_search,health
572,1,0,0,0,0,embedded_partner,health
573,1,1,0,0,0,social_media,health
574,1,1,0,0,0,organic_search,health
575,1,1,0,0,0,embedded_partner,term
576,1,0,0,0,0,social_media,term
577,1,1,0,0,0,embedded_partner,term
578,1,1,0,0,0,social_media,health
579,1,1,0,0,0,embedded_partner,motor
580,1,1,0,0,0,paid_search,motor
581,1,0,0,0,0,social_media,term
582,1,0,0,0,0,social_media,health
583,1,0,0,0,0,aggregator,health
584,1,0,0,0,0,paid_search,health
585,1,0,0,0,0,embedded_partner,health
586,1,0,0,0,0,social_media,term
587,1,1,0,0,0,aggregator,health
588,1,0,0,0,0,paid_search,travel
589,1,0,0,0,0,aggregator,motor
590,1,0,0,0,0,aggregator,health
591,1,1,0,0,0,embedded_partner,motor
592,1,1,0,0,0,paid_search,term
593,1,0,0,0,0,paid_search,health
594,1,1,0,0,0,social_media,health
595,1,0,0,0,0,aggregator,term
596,1,0,0,0,0,paid_search,health
597,1,0,0,0,0,organic_search,motor
598,1,0,0,0,0,social_media,health
599,1,1,0,0,0,referral,motor
600,1,0,0,0,0,social_media,travel
601,1,1,1,0,0,social_media,term
602,1,0,0,0,0,organic_search,term
603,1,0,0,0,0,embedded_partner,travel
604,1,1,1,0,0,organic_search,term
605,1,1,0,0,0,referral,health
606,1,1,0,0,0,organic_search,motor
607,1,0,0,0,0,embedded_partner,motor
608,1,1,0,0,0,aggregator,travel
609,1,1,0,0,0,organic_search,travel
610,1,0,0,0,0,paid_search,term
611,1,0,0,0,0,social_media,motor
612,1,1,1,1,0,organic_search,motor
613,1,1,0,0,0,referral,travel
614,1,1,0,0,0,referral,motor
615,1,0,0,0,0,paid_search,health
616,1,1,0,0,0,organic_search,motor
617,1,1,0,0,0,organic_search,motor
618,1,0,0,0,0,paid_search,term
619,1,0,0,0,0,aggregator,travel
620,1,0,0,0,0,aggregator,term
621,1,1,0,0,0,organic_search,health
622,1,0,0,0,0,social_media,health
623,1,0,0,0,0,referral,travel
624,1,1,0,0,0,paid_search,health
625,1,1,1,0,0,referral,health
626,1,1,0,0,0,paid_search,term
627,1,1,0,0,0,organic_search,motor
628,1,0,0,0,0,aggregator,motor
629,1,0,0,0,0,social_media,travel
630,1,0,0,0,0,embedded_partner,health
631,1,1,0,0,0,embedded_partner,motor
632,1,0,0,0,0,embedded_partner,motor
633,1,0,0,0,0,aggregator,travel
634,1,0,0,0,0,paid_search,health
635,1,0,0,0,0,aggregator,health
636,1,1,0,0,0,aggregator,motor
637,1,0,0,0,0,organic_search,travel
638,1,0,0,0,0,organic_search,travel
639,1,0,0,0,0,organic_search,health
640,1,0,0,0,0,embedded_partner,motor
641,1,0,0,0,0,organic_search,term
642,1,0,0,0,0,embedded_partner,term
643,1,1,0,0,0,aggregator,term
644,1,1,0,0,0,aggregator,travel
645,1,0,0,0,0,social_media,health
646,1,1,1,0,0,embedded_partner,motor
647,1,0,0,0,0,aggregator,health
648,1,1,0,0,0,social_media,term
649,1,1,0,0,0,organic_search,motor
650,1,0,0,0,0,aggregator,motor
651,1,0,0,0,0,paid_search,term
652,1,0,0,0,0,embedded_partner,health
653,1,0,0,0,0,organic_search,term
654,1,0,0,0,0,aggregator,motor
655,1,0,0,0,0,embedded_partner,motor
656,1,1,0,0,0,paid_search,motor
657,1,0,0,0,0,embedded_partner,term
658,1,1,0,0,0,paid_search,term
659,1,0,0,0,0,social_media,health
660,1,1,0,0,0,paid_search,health
661,1,0,0,0,0,paid_search,motor
662,1,1,0,0,0,embedded_partner,term
663,1,1,0,0,0,aggregator,travel
664,1,0,0,0,0,aggregator,term
665,1,0,0,0,0,paid_search,motor
666,1,1,1,1,1,organic_search,health
667,1,1,0,0,0,embedded_partner,motor
668,1,1,1,1,0,referral,motor
669,1,1,0,0,0,paid_search,motor
670,1,1,0,0,0,paid_search,motor
671,1,0,0,0,0,aggregator,motor
672,1,0,0,0,0,social_media,term
673,1,1,1,0,0,referral,motor
674,1,1,1,1,1,organic_search,term
675,1,0,0,0,0,social_media,travel
676,1,1,0,0,0,paid_search,health
677,1,0,0,0,0,embedded_partner,health
678,1,1,1,0,0,social_media,term
679,1,1,0,0,0,aggregator,motor
680,1,0,0,0,0,paid_search,health
681,1,1,0,0,0,aggregator,health
682,1,1,0,0,0,aggregator,term
683,1,0,0,0,0,aggregator,term
684,1,1,0,0,0,paid_search,term
685,1,1,0,0,0,social_media,term
686,1,0,0,0,0,paid_search,health
687,1,0,0,0,0,paid_search,term
688,1,0,0,0,0,referral,travel
689,1,1,0,0,0,organic_search,health
690,1,0,0,0,0,social_media,travel
691,1,1,0,0,0,paid_search,travel
692,1,1,0,0,0,embedded_partner,health
693,1,0,0,0,0,aggregator,motor
694,1,1,0,0,0,paid_search,motor
695,1,1,1,0,0,embedded_partner,term
696,1,1,0,0,0,social_media,motor
697,1,1,0,0,0,organic_search,health
698,1,1,1,0,0,social_media,health
699,1,1,0,0,0,organic_search,travel
700,1,0,0,0,0,paid_search,term
701,1,1,0,0,0,aggregator,term
702,1,1,0,0,0,paid_search,health
703,1,0,0,0,0,aggregator,motor
704,1,1,1,0,0,embedded_partner,term
705,1,0,0,0,0,paid_search,motor
706,1,0,0,0,0,social_media,health
707,1,0,0,0,0,organic_search,travel
708,1,0,0,0,0,organic_search,health
709,1,0,0,0,0,paid_search,health
710,1,0,0,0,0,social_media,term
711,1,1,0,0,0,referral,term
712,1,1,0,0,0,organic_search,health
713,1,0,0,0,0,embedded_partner,health
714,1,0,0,0,0,embedded_partner,motor
715,1,1,1,0,0,organic_search,health
716,1,1,0,0,0,aggregator,motor
717,1,0,0,0,0,social_media,health
718,1,0,0,0,0,aggregator,term
719,1,0,0,0,0,organic_search,motor
720,1,1,0,0,0,referral,health
721,1,1,1,0,0,social_media,motor
722,1,0,0,0,0,paid_search,motor
723,1,1,0,0,0,aggregator,motor
724,1,0,0,0,0,referral,motor
725,1,0,0,0,0,aggregator,travel
726,1,1,0,0,0,aggregator,travel
727,1,1,1,0,0,aggregator,term
728,1,0,0,0,0,aggregator,health
729,1,1,1,0,0,paid_search,term
730,1,0,0,0,0,social_media,travel
731,1,1,1,0,0,paid_search,health
732,1,1,0,0,0,aggregator,motor
733,1,0,0,0,0,aggregator,term
734,1,0,0,0,0,paid_search,travel
735,1,0,0,0,0,aggregator,motor
736,1,0,0,0,0,organic_search,health
737,1,1,0,0,0,aggregator,motor
738,1,1,0,0,0,paid_search,motor
739,1,1,0,0,0,paid_search,term
740,1,1,0,0,0,paid_search,motor
741,1,0,0,0,0,aggregator,travel
742,1,1,0,0,0,aggregator,term
743,1,1,0,0,0,embedded_partner,motor
744,1,1,0,0,0,aggregator,term
745,1,0,0,0,0,social_media,term
746,1,0,0,0,0,social_media,health
747,1,0,0,0,0,paid_search,health
748,1,0,0,0,0,paid_search,term
749,1,0,0,0,0,organic_search,health
750,1,1,0,0,0,embedded_partner,motor
751,1,1,0,0,0,paid_search,motor
752,1,1,0,0,0,paid_search,motor
753,1,0,0,0,0,aggregator,term
754,1,0,0,0,0,social_media,motor
755,1,1,1,0,0,organic_search,health
756,1,0,0,0,0,aggregator,health
757,1,0,0,0,0,paid_search,term
758,1,1,1,0,0,referral,health
759,1,0,0,0,0,aggregator,travel
760,1,1,0,0,0,paid_search,travel
761,1,1,1,1,1,organic_search,motor
762,1,0,0,0,0,aggregator,term
763,1,1,0,0,0,aggregator,motor
764,1,0,0,0,0,aggregator,term
765,1,1,1,1,1,embedded_partner,health
766,1,0,0,0,0,aggregator,motor
767,1,0,0,0,0,aggregator,motor
768,1,1,0,0,0,aggregator,health
769,1,1,1,1,1,aggregator,term
770,1,1,0,0,0,social_media,term
771,1,1,0,0,0,aggregator,motor
772,1,0,0,0,0,social_media,motor
773,1,0,0,0,0,social_media,health
774,1,1,0,0,0,embedded_partner,health
775,1,0,0,0,0,aggregator,motor
776,1,1,0,0,0,embedded_partner,motor
777,1,1,0,0,0,social_media,travel
778,1,0,0,0,0,aggregator,health
779,1,0,0,0,0,organic_search,term
780,1,0,0,0,0,embedded_partner,health
781,1,0,0,0,0,paid_search,health
782,1,1,0,0,0,embedded_partner,health
783,1,1,0,0,0,paid_search,motor
784,1,0,0,0,0,social_media,motor
785,1,1,0,0,0,referral,travel
786,1,1,1,0,0,paid_search,travel
787,1,1,0,0,0,embedded_partner,term
788,1,0,0,0,0,paid_search,motor
789,1,1,1,1,1,organic_search,motor
790,1,0,0,0,0,social_media,motor
791,1,0,0,0,0,aggregator,travel
792,1,1,0,0,0,paid_search,term
793,1,1,0,0,0,paid_search,health
794,1,0,0,0,0,aggregator,travel
795,1,0,0,0,0,aggregator,motor
796,1,1,0,0,0,paid_search,health
797,1,0,0,0,0,aggregator,motor
798,1,1,0,0,0,aggregator,motor
799,1,1,0,0,0,organic_search,travel
800,1,0,0,0,0,organic_search,travel
801,1,1,0,0,0,organic_search,motor
802,1,1,0,0,0,paid_search,motor
803,1,1,0,0,0,embedded_partner,health
804,1,0,0,0,0,social_media,motor
805,1,1,0,0,0,aggregator,health
806,1,0,0,0,0,aggregator,health
807,1,1,1,1,1,organic_search,motor
808,1,0,0,0,0,aggregator,motor
809,1,0,0,0,0,social_media,motor
810,1,1,0,0,0,referral,travel
811,1,1,1,0,0,aggregator,motor
812,1,0,0,0,0,aggregator,health
813,1,0,0,0,0,referral,motor
814,1,0,0,0,0,social_media,term
815,1,1,0,0,0,aggregator,motor
816,1,1,0,0,0,embedded_partner,motor
817,1,1,0,0,0,embedded_partner,term
818,1,0,0,0,0,social_media,term
819,1,0,0,0,0,social_media,motor
820,1,1,0,0,0,paid_search,motor
821,1,0,0,0,0,aggregator,travel
822,1,0,0,0,0,social_media,motor
823,1,0,0,0,0,paid_search,motor
824,1,0,0,0,0,organic_search,health
825,1,0,0,0,0,embedded_partner,motor
826,1,0,0,0,0,aggregator,health
827,1,0,0,0,0,social_media,term
828,1,0,0,0,0,aggregator,health
829,1,1,0,0,0,embedded_partner,health
830,1,0,0,0,0,paid_search,health
831,1,0,0,0,0,social_media,term
832,1,0,0,0,0,social_media,motor
833,1,0,0,0,0,paid_search,motor
834,1,1,0,0,0,organic_search,term
835,1,1,0,0,0,organic_search,motor
836,1,0,0,0,0,social_media,motor
837,1,0,0,0,0,organic_search,motor
838,1,0,0,0,0,referral,term
839,1,0,0,0,0,paid_search,motor
840,1,0,0,0,0,social_media,term
841,1,0,0,0,0,aggregator,term
842,1,1,0,0,0,organic_search,health
843,1,1,0,0,0,social_media,motor
844,1,0,0,0,0,paid_search,term
845,1,0,0,0,0,aggregator,motor
846,1,1,0,0,0,embedded_partner,travel
847,1,0,0,0,0,paid_search,term
848,1,1,1,1,1,organic_search,motor
849,1,0,0,0,0,aggregator,term
850,1,1,1,1,0,referral,health
851,1,0,0,0,0,aggregator,health
852,1,1,1,1,0,aggregator,health
853,1,0,0,0,0,embedded_partner,health
854,1,0,0,0,0,embedded_partner,term
855,1,0,0,0,0,aggregator,travel
856,1,0,0,0,0,paid_search,motor
857,1,1,0,0,0,organic_search,health
858,1,1,0,0,0,embedded_partner,term
859,1,0,0,0,0,paid_search,term
860,1,0,0,0,0,social_media,health
861,1,0,0,0,0,organic_search,motor
862,1,1,0,0,0,organic_search,term
863,1,0,0,0,0,organic_search,motor
864,1,0,0,0,0,social_media,motor
865,1,1,0,0,0,aggregator,health
866,1,0,0,0,0,embedded_partner,motor
867,1,0,0,0,0,embedded_partner,motor
868,1,0,0,0,0,organic_search,motor
869,1,1,1,1,1,aggregator,term
870,1,0,0,0,0,aggregator,travel
871,1,0,0,0,0,organic_search,health
872,1,0,0,0,0,aggregator,motor
873,1,1,1,0,0,referral,term
874,1,1,1,0,0,paid_search,motor
875,1,1,1,1,0,organic_search,travel
876,1,1,0,0,0,embedded_partner,health
877,1,0,0,0,0,paid_search,motor
878,1,0,0,0,0,paid_search,health
879,1,0,0,0,0,social_media,motor
880,1,1,1,0,0,social_media,term
881,1,0,0,0,0,paid_search,motor
882,1,0,0,0,0,social_media,travel
883,1,1,0,0,0,referral,term
884,1,0,0,0,0,paid_search,travel
885,1,0,0,0,0,aggregator,travel
886,1,0,0,0,0,paid_search,motor
887,1,0,0,0,0,paid_search,health
888,1,0,0,0,0,aggregator,term
889,1,0,0,0,0,aggregator,motor
890,1,0,0,0,0,organic_search,motor
891,1,0,0,0,0,paid_search,motor
892,1,0,0,0,0,referral,motor
893,1,0,0,0,0,aggregator,travel
894,1,0,0,0,0,aggregator,health
895,1,1,0,0,0,organic_search,term
896,1,1,0,0,0,embedded_partner,travel
897,1,1,0,0,0,paid_search,motor
898,1,0,0,0,0,aggregator,term
899,1,1,0,0,0,aggregator,motor
900,1,0,0,0,0,social_media,motor
901,1,1,0,0,0,paid_search,motor
902,1,0,0,0,0,paid_search,motor
903,1,0,0,0,0,aggregator,health
904,1,0,0,0,0,social_media,health
905,1,1,1,1,1,referral,motor
906,1,0,0,0,0,organic_search,motor
907,1,1,0,0,0,social_media,term
908,1,0,0,0,0,aggregator,motor
909,1,0,0,0,0,paid_search,term
910,1,1,0,0,0,paid_search,travel
911,1,0,0,0,0,organic_search,term
912,1,0,0,0,0,embedded_partner,health
913,1,1,1,0,0,embedded_partner,term
914,1,1,0,0,0,referral,term
915,1,0,0,0,0,referral,travel
916,1,0,0,0,0,referral,travel
917,1,0,0,0,0,aggregator,health
918,1,0,0,0,0,aggregator,health
919,1,1,1,0,0,paid_search,term
920,1,0,0,0,0,social_media,motor
921,1,0,0,0,0,aggregator,health
922,1,1,1,0,0,embedded_partner,term
923,1,0,0,0,0,social_media,term
924,1,0,0,0,0,social_media,motor
925,1,1,0,0,0,aggregator,motor
926,1,0,0,0,0,paid_search,motor
927,1,0,0,0,0,aggregator,health
928,1,1,0,0,0,embedded_partner,travel
929,1,1,0,0,0,social_media,travel
930,1,1,0,0,0,organic_search,motor
931,1,1,0,0,0,paid_search,motor
932,1,0,0,0,0,paid_search,term
933,1,1,0,0,0,paid_search,term
934,1,0,0,0,0,organic_search,health
935,1,0,0,0,0,organic_search,motor
936,1,0,0,0,0,aggregator,motor
937,1,1,1,0,0,referral,term
938,1,1,0,0,0,aggregator,health
939,1,0,0,0,0,embedded_partner,motor
940,1,0,0,0,0,aggregator,travel
941,1,1,0,0,0,paid_search,term
942,1,0,0,0,0,embedded_partner,travel
943,1,1,0,0,0,aggregator,health
944,1,0,0,0,0,paid_search,health
945,1,1,0,0,0,paid_search,travel
946,1,0,0,0,0,aggregator,travel
947,1,0,0,0,0,organic_search,travel
948,1,1,1,1,1,embedded_partner,term
949,1,0,0,0,0,embedded_partner,health
950,1,0,0,0,0,paid_search,motor
951,1,0,0,0,0,social_media,motor
952,1,0,0,0,0,aggregator,travel
953,1,0,0,0,0,aggregator,motor
954,1,1,0,0,0,aggregator,term
955,1,1,0,0,0,referral,travel
956,1,0,0,0,0,embedded_partner,travel
957,1,1,0,0,0,organic_search,travel
958,1,0,0,0,0,social_media,health
959,1,0,0,0,0,social_media,health
960,1,0,0,0,0,social_media,travel
961,1,0,0,0,0,social_media,motor
962,1,0,0,0,0,paid_search,motor
963,1,0,0,0,0,aggregator,travel
964,1,0,0,0,0,aggregator,term
965,1,0,0,0,0,referral,health
966,1,0,0,0,0,social_media,motor
967,1,1,0,0,0,referral,health
968,1,1,0,0,0,aggregator,travel
969,1,0,0,0,0,social_media,health
970,1,0,0,0,0,aggregator,health
971,1,1,0,0,0,paid_search,health
972,1,1,1,1,1,aggregator,travel
973,1,1,1,1,1,aggregator,travel
974,1,1,0,0,0,embedded_partner,health
975,1,0,0,0,0,paid_search,health
976,1,0,0,0,0,social_media,motor
977,1,0,0,0,0,paid_search,health
978,1,1,0,0,0,paid_search,motor
979,1,0,0,0,0,social_media,health
980,1,1,1,0,0,aggregator,health
981,1,1,1,0,0,referral,motor
982,1,0,0,0,0,embedded_partner,motor
983,1,1,0,0,0,organic_search,motor
984,1,1,0,0,0,paid_search,motor
985,1,0,0,0,0,aggregator,term
986,1,0,0,0,0,embedded_partner,motor
987,1,0,0,0,0,paid_search,motor
988,1,0,0,0,0,aggregator,travel
989,1,0,0,0,0,paid_search,motor
990,1,0,0,0,0,organic_search,travel
991,1,0,0,0,0,social_media,health
992,1,1,0,0,0,organic_search,term
993,1,1,0,0,0,organic_search,health
994,1,1,0,0,0,aggregator,motor
995,1,0,0,0,0,embedded_partner,term
996,1,0,0,0,0,paid_search,term
997,1,1,0,0,0,social_media,motor
998,1,0,0,0,0,aggregator,term
999,1,0,0,0,0,referral,health
1000,1,0,0,0,0,paid_search,travel
1001,1,1,0,0,0,aggregator,term
1002,1,0,0,0,0,paid_search,motor
1003,1,1,0,0,0,aggregator,travel
1004,1,0,0,0,0,aggregator,travel
1005,1,0,0,0,0,social_media,term
1006,1,0,0,0,0,paid_search,motor
1007,1,1,0,0,0,embedded_partner,term
1008,1,0,0,0,0,paid_search,health
1009,1,1,0,0,0,organic_search,motor
1010,1,0,0,0,0,paid_search,travel
1011,1,0,0,0,0,organic_search,health
1012,1,0,0,0,0,social_media,travel
1013,1,0,0,0,0,social_media,term
1014,1,1,0,0,0,referral,motor
1015,1,0,0,0,0,paid_search,travel
1016,1,0,0,0,0,aggregator,health
1017,1,0,0,0,0,organic_search,health
1018,1,0,0,0,0,embedded_partner,health
1019,1,0,0,0,0,aggregator,motor
1020,1,0,0,0,0,paid_search,term
1021,1,1,1,1,1,embedded_partner,health
1022,1,1,0,0,0,organic_search,travel
1023,1,1,1,1,1,referral,travel
1024,1,0,0,0,0,social_media,term
1025,1,0,0,0,0,organic_search,motor
1026,1,1,1,0,0,paid_search,term
1027,1,0,0,0,0,referral,motor
1028,1,0,0,0,0,paid_search,term
1029,1,1,0,0,0,organic_search,health
1030,1,0,0,0,0,paid_search,travel
1031,1,1,1,1,0,social_media,motor
1032,1,0,0,0,0,organic_search,motor
1033,1,1,1,1,1,social_media,travel
1034,1,0,0,0,0,embedded_partner,health
1035,1,0,0,0,0,paid_search,travel
1036,1,0,0,0,0,social_media,travel
1037,1,1,0,0,0,paid_search,health
1038,1,0,0,0,0,paid_search,health
1039,1,1,0,0,0,paid_search,health
1040,1,0,0,0,0,aggregator,term
1041,1,1,0,0,0,aggregator,travel
1042,1,0,0,0,0,organic_search,motor
1043,1,0,0,0,0,organic_search,term
1044,1,1,1,0,0,organic_search,motor
1045,1,1,1,1,1,aggregator,health
1046,1,0,0,0,0,paid_search,term
1047,1,0,0,0,0,aggregator,travel
1048,1,1,0,0,0,organic_search,health
1049,1,0,0,0,0,embedded_partner,motor
1050,1,0,0,0,0,aggregator,motor
1051,1,1,1,0,0,organic_search,motor
1052,1,0,0,0,0,aggregator,motor
1053,1,1,0,0,0,paid_search,travel
1054,1,1,0,0,0,aggregator,health
1055,1,1,1,1,0,paid_search,motor
1056,1,0,0,0,0,organic_search,term
1057,1,1,1,0,0,embedded_partner,motor
1058,1,1,0,0,0,aggregator,motor
1059,1,0,0,0,0,social_media,travel
1060,1,0,0,0,0,organic_search,motor
1061,1,1,0,0,0,referral,health
1062,1,0,0,0,0,social_media,health
1063,1,0,0,0,0,paid_search,motor
1064,1,0,0,0,0,social_media,motor
1065,1,0,0,0,0,paid_search,motor
1066,1,1,0,0,0,referral,motor
1067,1,0,0,0,0,paid_search,travel
1068,1,0,0,0,0,organic_search,health
1069,1,0,0,0,0,aggregator,health
1070,1,0,0,0,0,paid_search,motor
1071,1,1,1,0,0,embedded_partner,travel
1072,1,0,0,0,0,social_media,motor
1073,1,1,0,0,0,paid_search,travel
1074,1,1,0,0,0,referral,motor
1075,1,1,1,0,0,embedded_partner,travel
1076,1,0,0,0,0,paid_search,motor
1077,1,1,0,0,0,social_media,motor
1078,1,0,0,0,0,social_media,health
1079,1,0,0,0,0,social_media,motor
1080,1,0,0,0,0,paid_search,term
1081,1,1,0,0,0,aggregator,term
1082,1,1,1,1,1,embedded_partner,term
1083,1,0,0,0,0,embedded_partner,motor
1084,1,0,0,0,0,embedded_partner,term
1085,1,1,1,0,0,referral,motor
1086,1,1,1,0,0,organic_search,travel
1087,1,0,0,0,0,organic_search,term
1088,1,0,0,0,0,organic_search,health
1089,1,0,0,0,0,social_media,travel
1090,1,0,0,0,0,paid_search,health
1091,1,0,0,0,0,aggregator,health
1092,1,0,0,0,0,social_media,motor
1093,1,1,0,0,0,paid_search,term
1094,1,0,0,0,0,paid_search,motor
1095,1,1,1,1,0,social_media,motor
1096,1,0,0,0,0,paid_search,term
1097,1,0,0,0,0,aggregator,motor
1098,1,1,0,0,0,embedded_partner,term
1099,1,1,0,0,0,embedded_partner,motor
1100,1,0,0,0,0,aggregator,health
1101,1,0,0,0,0,aggregator,travel
1102,1,0,0,0,0,paid_search,motor
1103,1,1,0,0,0,organic_search,term
1104,1,1,0,0,0,embedded_partner,health
1105,1,1,0,0,0,aggregator,travel
1106,1,0,0,0,0,organic_search,motor
1107,1,0,0,0,0,aggregator,term
1108,1,0,0,0,0,paid_search,health
1109,1,1,0,0,0,referral,health
1110,1,1,0,0,0,aggregator,motor
1111,1,1,1,0,0,aggregator,motor
1112,1,0,0,0,0,paid_search,health
1113,1,0,0,0,0,social_media,motor
1114,1,1,0,0,0,referral,health
1115,1,1,0,0,0,referral,term
1116,1,1,0,0,0,aggregator,health
1117,1,1,0,0,0,aggregator,motor
1118,1,1,1,0,0,organic_search,motor
1119,1,0,0,0,0,paid_search,health
1120,1,1,0,0,0,embedded_partner,term
1121,1,1,0,0,0,organic_search,travel
1122,1,0,0,0,0,aggregator,health
1123,1,0,0,0,0,embedded_partner,term
1124,1,0,0,0,0,aggregator,motor
1125,1,1,0,0,0,paid_search,travel
1126,1,0,0,0,0,social_media,motor
1127,1,0,0,0,0,social_media,motor
1128,1,1,0,0,0,organic_search,motor
1129,1,0,0,0,0,organic_search,motor
1130,1,0,0,0,0,referral,term
1131,1,1,1,0,0,referral,motor
1132,1,0,0,0,0,social_media,motor
1133,1,1,0,0,0,aggregator,motor
1134,1,0,0,0,0,organic_search,travel
1135,1,0,0,0,0,referral,term
1136,1,0,0,0,0,paid_search,travel
1137,1,1,1,0,0,paid_search,travel
1138,1,1,0,0,0,paid_search,travel
1139,1,0,0,0,0,aggregator,health
1140,1,1,0,0,0,organic_search,motor
1141,1,1,0,0,0,paid_search,motor
1142,1,0,0,0,0,organic_search,motor
1143,1,0,0,0,0,embedded_partner,term
1144,1,0,0,0,0,embedded_partner,motor
1145,1,1,0,0,0,paid_search,motor
1146,1,1,0,0,0,paid_search,term
1147,1,1,0,0,0,organic_search,motor
1148,1,1,0,0,0,embedded_partner,motor
1149,1,1,0,0,0,social_media,motor
1150,1,1,1,0,0,embedded_partner,term
1151,1,0,0,0,0,aggregator,motor
1152,1,1,0,0,0,embedded_partner,motor
1153,1,0,0,0,0,aggregator,motor
1154,1,1,0,0,0,aggregator,term
1155,1,0,0,0,0,social_media,motor
1156,1,0,0,0,0,aggregator,motor
1157,1,0,0,0,0,aggregator,travel
1158,1,0,0,0,0,aggregator,travel
1159,1,0,0,0,0,paid_search,motor
1160,1,0,0,0,0,organic_search,motor
1161,1,0,0,0,0,aggregator,motor
1162,1,0,0,0,0,organic_search,term
1163,1,0,0,0,0,embedded_partner,motor
1164,1,0,0,0,0,aggregator,travel
1165,1,0,0,0,0,aggregator,term
1166,1,1,1,1,1,embedded_partner,health
1167,1,0,0,0,0,embedded_partner,motor
1168,1,0,0,0,0,social_media,travel
1169,1,1,0,0,0,embedded_partner,term
1170,1,1,0,0,0,aggregator,term
1171,1,0,0,0,0,paid_search,motor
1172,1,1,0,0,0,organic_search,term
1173,1,0,0,0,0,paid_search,term
1174,1,0,0,0,0,organic_search,travel
1175,1,0,0,0,0,social_media,health
1176,1,1,1,0,0,organic_search,health
1177,1,1,0,0,0,paid_search,health
1178,1,0,0,0,0,paid_search,term
1179,1,1,0,0,0,aggregator,travel
1180,1,0,0,0,0,aggregator,health
1181,1,0,0,0,0,organic_search,motor
1182,1,1,0,0,0,aggregator,motor
1183,1,1,0,0,0,aggregator,health
1184,1,0,0,0,0,aggregator,travel
1185,1,1,0,0,0,aggregator,motor
1186,1,0,0,0,0,embedded_partner,motor
1187,1,0,0,0,0,paid_search,travel
1188,1,1,0,0,0,referral,health
1189,1,0,0,0,0,aggregator,motor
1190,1,1,1,0,0,organic_search,motor
1191,1,0,0,0,0,paid_search,health
1192,1,0,0,0,0,paid_search,motor
1193,1,0,0,0,0,embedded_partner,term
1194,1,1,0,0,0,referral,health
1195,1,1,1,0,0,embedded_partner,health
1196,1,0,0,0,0,aggregator,health
1197,1,1,0,0,0,aggregator,motor
1198,1,0,0,0,0,organic_search,motor
1199,1,0,0,0,0,paid_search,motor
1200,1,1,1,0,0,organic_search,motor
1201,1,0,0,0,0,social_media,term
1202,1,1,0,0,0,social_media,motor
1203,1,1,0,0,0,embedded_partner,term
1204,1,0,0,0,0,organic_search,motor
1205,1,1,0,0,0,aggregator,motor
1206,1,0,0,0,0,aggregator,motor
1207,1,0,0,0,0,social_media,health
1208,1,0,0,0,0,social_media,health
1209,1,1,1,0,0,paid_search,term
1210,1,0,0,0,0,paid_search,motor
1211,1,1,0,0,0,organic_search,health
1212,1,1,1,0,0,embedded_partner,term
1213,1,0,0,0,0,social_media,motor
1214,1,0,0,0,0,paid_search,motor
1215,1,1,0,0,0,paid_search,motor
1216,1,1,0,0,0,social_media,motor
1217,1,0,0,0,0,paid_search,travel
1218,1,0,0,0,0,social_media,motor
1219,1,1,0,0,0,organic_search,health
1220,1,1,1,0,0,aggregator,term
1221,1,1,1,1,1,aggregator,motor
1222,1,0,0,0,0,aggregator,health
1223,1,0,0,0,0,embedded_partner,motor
1224,1,0,0,0,0,social_media,health
1225,1,0,0,0,0,aggregator,motor
1226,1,1,0,0,0,embedded_partner,motor
1227,1,0,0,0,0,paid_search,motor
1228,1,0,0,0,0,social_media,term
1229,1,1,0,0,0,referral,term
1230,1,1,0,0,0,aggregator,term
1231,1,0,0,0,0,aggregator,motor
1232,1,1,1,0,0,social_media,travel
1233,1,0,0,0,0,aggregator,motor
1234,1,0,0,0,0,organic_search,term
1235,1,1,0,0,0,aggregator,term
1236,1,1,0,0,0,aggregator,health
1237,1,1,1,0,0,aggregator,health
1238,1,1,0,0,0,paid_search,term
1239,1,1,0,0,0,aggregator,term
1240,1,1,0,0,0,aggregator,motor
1241,1,1,0,0,0,embedded_partner,term
1242,1,1,0,0,0,paid_search,motor
1243,1,0,0,0,0,paid_search,health
1244,1,1,1,1,1,aggregator,health
1245,1,0,0,0,0,paid_search,term
1246,1,0,0,0,0,paid_search,health
1247,1,0,0,0,0,social_media,motor
1248,1,0,0,0,0,aggregator,health
1249,1,1,1,1,1,embedded_partner,motor
1250,1,0,0,0,0,embedded_partner,health
1251,1,1,1,1,1,aggregator,health
1252,1,1,0,0,0,aggregator,term
1253,1,1,0,0,0,aggregator,motor
1254,1,0,0,0,0,social_media,motor
1255,1,0,0,0,0,aggregator,health
1256,1,1,0,0,0,embedded_partner,motor
1257,1,1,0,0,0,organic_search,motor
1258,1,1,0,0,0,embedded_partner,motor
1259,1,0,0,0,0,social_media,health
1260,1,0,0,0,0,referral,motor
1261,1,0,0,0,0,aggregator,health
1262,1,0,0,0,0,paid_search,travel
1263,1,0,0,0,0,paid_search,health
1264,1,1,0,0,0,referral,motor
1265,1,0,0,0,0,social_media,motor
1266,1,1,1,0,0,embedded_partner,motor
1267,1,1,1,0,0,aggregator,health
1268,1,1,1,1,0,referral,term
1269,1,0,0,0,0,social_media,motor
1270,1,0,0,0,0,social_media,motor
1271,1,1,1,1,1,referral,motor
1272,1,0,0,0,0,paid_search,motor
1273,1,0,0,0,0,paid_search,travel
1274,1,0,0,0,0,social_media,motor
1275,1,0,0,0,0,aggregator,motor
1276,1,0,0,0,0,paid_search,motor
1277,1,1,0,0,0,aggregator,motor
1278,1,0,0,0,0,aggregator,motor
1279,1,0,0,0,0,embedded_partner,health
1280,1,0,0,0,0,social_media,motor
1281,1,0,0,0,0,paid_search,motor
1282,1,0,0,0,0,paid_search,health
1283,1,1,0,0,0,paid_search,health
1284,1,1,0,0,0,social_media,motor
1285,1,1,0,0,0,embedded_partner,travel
1286,1,1,0,0,0,referral,motor
1287,1,0,0,0,0,paid_search,travel
1288,1,0,0,0,0,paid_search,travel
1289,1,1,0,0,0,paid_search,health
1290,1,1,0,0,0,social_media,motor
1291,1,1,0,0,0,paid_search,term
1292,1,0,0,0,0,organic_search,motor
1293,1,0,0,0,0,social_media,motor
1294,1,0,0,0,0,paid_search,health
1295,1,1,0,0,0,paid_search,health
1296,1,0,0,0,0,paid_search,travel
1297,1,1,0,0,0,aggregator,term
1298,1,0,0,0,0,aggregator,travel
1299,1,0,0,0,0,organic_search,term
1300,1,0,0,0,0,paid_search,health
1301,1,1,1,0,0,aggregator,health
1302,1,1,0,0,0,social_media,travel
1303,1,0,0,0,0,organic_search,travel
1304,1,0,0,0,0,paid_search,term
1305,1,1,0,0,0,embedded_partner,term
1306,1,0,0,0,0,embedded_partner,health
1307,1,0,0,0,0,social_media,motor
1308,1,0,0,0,0,organic_search,travel
1309,1,0,0,0,0,aggregator,motor
1310,1,1,0,0,0,referral,motor
1311,1,1,0,0,0,paid_search,health
1312,1,1,0,0,0,embedded_partner,health
1313,1,1,0,0,0,social_media,health
1314,1,0,0,0,0,aggregator,motor
1315,1,0,0,0,0,aggregator,motor
1316,1,0,0,0,0,organic_search,motor
1317,1,0,0,0,0,social_media,motor
1318,1,1,0,0,0,aggregator,motor
1319,1,0,0,0,0,organic_search,term
1320,1,1,0,0,0,embedded_partner,motor
1321,1,0,0,0,0,social_media,motor
1322,1,1,0,0,0,paid_search,motor
1323,1,1,0,0,0,aggregator,health
1324,1,0,0,0,0,organic_search,travel
1325,1,1,0,0,0,paid_search,motor
1326,1,0,0,0,0,embedded_partner,motor
1327,1,1,0,0,0,paid_search,term
1328,1,0,0,0,0,social_media,motor
1329,1,0,0,0,0,paid_search,term
1330,1,0,0,0,0,aggregator,travel
1331,1,1,1,0,0,organic_search,health
1332,1,1,0,0,0,social_media,travel
1333,1,0,0,0,0,social_media,health
1334,1,0,0,0,0,referral,health
1335,1,1,0,0,0,referral,motor
1336,1,0,0,0,0,embedded_partner,motor
1337,1,0,0,0,0,aggregator,motor
1338,1,1,0,0,0,social_media,health
1339,1,1,1,1,1,embedded_partner,health
1340,1,0,0,0,0,paid_search,motor
1341,1,0,0,0,0,aggregator,health
1342,1,1,0,0,0,embedded_partner,motor
1343,1,1,0,0,0,social_media,motor
1344,1,1,0,0,0,social_media,motor
1345,1,1,0,0,0,referral,term
1346,1,0,0,0,0,social_media,health
1347,1,0,0,0,0,paid_search,term
1348,1,0,0,0,0,paid_search,motor
1349,1,0,0,0,0,paid_search,health
1350,1,1,0,0,0,aggregator,travel
1351,1,1,0,0,0,organic_search,motor
1352,1,1,0,0,0,embedded_partner,health
1353,1,0,0,0,0,paid_search,motor
1354,1,0,0,0,0,paid_search,motor
1355,1,0,0,0,0,embedded_partner,health
1356,1,1,0,0,0,aggregator,motor
1357,1,0,0,0,0,social_media,health
1358,1,1,1,1,1,paid_search,travel
1359,1,0,0,0,0,organic_search,motor
1360,1,1,0,0,0,aggregator,motor
1361,1,1,0,0,0,organic_search,term
1362,1,1,0,0,0,paid_search,health
1363,1,0,0,0,0,social_media,travel
1364,1,0,0,0,0,aggregator,motor
1365,1,0,0,0,0,paid_search,health
1366,1,0,0,0,0,social_media,travel
1367,1,0,0,0,0,aggregator,motor
1368,1,0,0,0,0,aggregator,term
1369,1,0,0,0,0,aggregator,health
1370,1,1,1,1,0,paid_search,term
1371,1,1,1,0,0,aggregator,motor
1372,1,0,0,0,0,referral,health
1373,1,0,0,0,0,paid_search,motor
1374,1,0,0,0,0,embedded_partner,travel
1375,1,1,0,0,0,referral,motor
1376,1,1,0,0,0,aggregator,motor
1377,1,1,1,0,0,organic_search,travel
1378,1,0,0,0,0,embedded_partner,motor
1379,1,1,1,1,1,social_media,health
1380,1,0,0,0,0,paid_search,motor
1381,1,0,0,0,0,paid_search,health
1382,1,1,1,0,0,aggregator,motor
1383,1,0,0,0,0,social_media,health
1384,1,0,0,0,0,referral,health
1385,1,1,0,0,0,referral,motor
1386,1,1,0,0,0,aggregator,motor
1387,1,1,0,0,0,organic_search,motor
1388,1,1,0,0,0,paid_search,term
1389,1,1,0,0,0,embedded_partner,motor
1390,1,1,0,0,0,aggregator,motor
1391,1,1,0,0,0,referral,motor
1392,1,0,0,0,0,embedded_partner,health
1393,1,1,1,1,1,aggregator,term
1394,1,0,0,0,0,aggregator,health
1395,1,1,1,1,1,embedded_partner,travel
1396,1,1,0,0,0,aggregator,term
1397,1,1,0,0,0,social_media,term
1398,1,0,0,0,0,embedded_partner,term
1399,1,0,0,0,0,social_media,motor
1400,1,0,0,0,0,paid_search,travel
1401,1,0,0,0,0,paid_search,term
1402,1,0,0,0,0,aggregator,health
1403,1,1,0,0,0,referral,motor
1404,1,1,0,0,0,paid_search,motor
1405,1,1,0,0,0,aggregator,health
1406,1,0,0,0,0,paid_search,health
1407,1,1,1,0,0,referral,term
1408,1,1,1,1,0,aggregator,motor
1409,1,0,0,0,0,embedded_partner,health
1410,1,0,0,0,0,organic_search,motor
1411,1,0,0,0,0,embedded_partner,motor
1412,1,0,0,0,0,referral,motor
1413,1,0,0,0,0,embedded_partner,term
1414,1,0,0,0,0,referral,health
1415,1,0,0,0,0,aggregator,travel
1416,1,0,0,0,0,organic_search,term
1417,1,1,1,1,1,social_media,term
1418,1,0,0,0,0,social_media,health
1419,1,0,0,0,0,embedded_partner,term
1420,1,0,0,0,0,referral,travel
1421,1,0,0,0,0,organic_search,term
1422,1,0,0,0,0,social_media,motor
1423,1,0,0,0,0,paid_search,term
1424,1,1,0,0,0,paid_search,motor
1425,1,0,0,0,0,paid_search,motor
1426,1,1,0,0,0,paid_search,term
1427,1,1,1,1,0,aggregator,term
1428,1,1,0,0,0,aggregator,motor
1429,1,1,0,0,0,organic_search,motor
1430,1,0,0,0,0,paid_search,travel
1431,1,0,0,0,0,referral,motor
1432,1,0,0,0,0,social_media,motor
1433,1,0,0,0,0,aggregator,term
1434,1,1,0,0,0,aggregator,term
1435,1,0,0,0,0,aggregator,health
1436,1,1,1,0,0,referral,health
1437,1,1,0,0,0,aggregator,motor
1438,1,1,0,0,0,social_media,motor
1439,1,1,0,0,0,referral,term
1440,1,0,0,0,0,referral,term
1441,1,0,0,0,0,aggregator,motor
1442,1,1,0,0,0,aggregator,motor
1443,1,0,0,0,0,aggregator,motor
1444,1,1,1,0,0,aggregator,motor
1445,1,0,0,0,0,aggregator,motor
1446,1,0,0,0,0,social_media,motor
1447,1,1,0,0,0,embedded_partner,term
1448,1,0,0,0,0,social_media,motor
1449,1,0,0,0,0,social_media,term
1450,1,0,0,0,0,aggregator,health
1451,1,0,0,0,0,embedded_partner,term
1452,1,0,0,0,0,social_media,travel
1453,1,0,0,0,0,embedded_partner,motor
1454,1,1,1,0,0,referral,motor
1455,1,0,0,0,0,paid_search,term
1456,1,1,0,0,0,aggregator,motor
1457,1,0,0,0,0,aggregator,motor
1458,1,1,0,0,0,paid_search,motor
1459,1,1,0,0,0,referral,travel
1460,1,0,0,0,0,paid_search,motor
1461,1,0,0,0,0,organic_search,health
1462,1,0,0,0,0,social_media,health
1463,1,0,0,0,0,aggregator,term
1464,1,0,0,0,0,paid_search,motor
1465,1,0,0,0,0,organic_search,travel
1466,1,1,0,0,0,organic_search,term
1467,1,0,0,0,0,paid_search,health
1468,1,0,0,0,0,aggregator,motor
1469,1,1,0,0,0,organic_search,term
1470,1,1,1,0,0,aggregator,term
1471,1,1,0,0,0,referral,motor
1472,1,1,0,0,0,aggregator,motor
1473,1,1,0,0,0,aggregator,motor
1474,1,0,0,0,0,social_media,motor
1475,1,0,0,0,0,social_media,motor
1476,1,0,0,0,0,social_media,motor
1477,1,0,0,0,0,paid_search,motor
1478,1,1,0,0,0,referral,travel
1479,1,0,0,0,0,social_media,term
1480,1,0,0,0,0,social_media,term
1481,1,0,0,0,0,paid_search,health
1482,1,1,0,0,0,aggregator,health
1483,1,0,0,0,0,social_media,motor
1484,1,0,0,0,0,aggregator,term
1485,1,0,0,0,0,social_media,motor
1486,1,0,0,0,0,aggregator,health
1487,1,0,0,0,0,referral,travel
1488,1,1,0,0,0,paid_search,travel
1489,1,0,0,0,0,embedded_partner,motor
1490,1,1,0,0,0,social_media,term
1491,1,1,0,0,0,aggregator,motor
1492,1,0,0,0,0,embedded_partner,motor
1493,1,1,1,0,0,social_media,motor
1494,1,1,1,0,0,organic_search,motor
1495,1,0,0,0,0,paid_search,term
1496,1,0,0,0,0,social_media,motor
1497,1,1,0,0,0,embedded_partner,motor
1498,1,0,0,0,0,social_media,travel
1499,1,1,0,0,0,paid_search,health
1500,1,0,0,0,0,organic_search,motor
1501,1,0,0,0,0,organic_search,health
1502,1,1,0,0,0,referral,health
1503,1,0,0,0,0,paid_search,health
1504,1,1,0,0,0,paid_search,health
1505,1,1,0,0,0,embedded_partner,travel
1506,1,0,0,0,0,social_media,motor
1507,1,1,0,0,0,organic_search,health
1508,1,1,0,0,0,paid_search,motor
1509,1,0,0,0,0,aggregator,travel
1510,1,0,0,0,0,organic_search,motor
1511,1,1,0,0,0,aggregator,motor
1512,1,0,0,0,0,aggregator,travel
1513,1,0,0,0,0,social_media,health
1514,1,0,0,0,0,organic_search,motor
1515,1,1,0,0,0,embedded_partner,motor
1516,1,0,0,0,0,paid_search,motor
1517,1,0,0,0,0,aggregator,travel
1518,1,1,0,0,0,referral,health
1519,1,0,0,0,0,aggregator,motor
1520,1,0,0,0,0,aggregator,health
1521,1,0,0,0,0,paid_search,health
1522,1,0,0,0,0,social_media,motor
1523,1,1,0,0,0,embedded_partner,travel
1524,1,0,0,0,0,organic_search,motor
1525,1,1,1,1,1,organic_search,travel
1526,1,0,0,0,0,aggregator,term
1527,1,1,0,0,0,paid_search,motor
1528,1,0,0,0,0,social_media,term
1529,1,0,0,0,0,aggregator,term
1530,1,0,0,0,0,paid_search,health
1531,1,0,0,0,0,paid_search,health
1532,1,0,0,0,0,aggregator,motor
1533,1,0,0,0,0,social_media,motor
1534,1,1,0,0,0,organic_search,term
1535,1,0,0,0,0,aggregator,motor
1536,1,0,0,0,0,social_media,motor
1537,1,1,1,1,1,organic_search,health
1538,1,1,0,0,0,organic_search,motor
1539,1,1,0,0,0,embedded_partner,term
1540,1,0,0,0,0,paid_search,term
1541,1,0,0,0,0,embedded_partner,term
1542,1,0,0,0,0,aggregator,motor
1543,1,1,0,0,0,paid_search,health
1544,1,0,0,0,0,aggregator,term
1545,1,1,0,0,0,paid_search,motor
1546,1,1,0,0,0,paid_search,term
1547,1,1,0,0,0,aggregator,health
1548,1,1,0,0,0,organic_search,motor
1549,1,1,0,0,0,paid_search,motor
1550,1,1,0,0,0,paid_search,term
1551,1,0,0,0,0,aggregator,motor
1552,1,0,0,0,0,paid_search,travel
1553,1,0,0,0,0,paid_search,health
1554,1,0,0,0,0,paid_search,motor
1555,1,1,0,0,0,aggregator,term
1556,1,0,0,0,0,organic_search,health
1557,1,1,1,1,1,referral,motor
1558,1,1,0,0,0,social_media,travel
1559,1,1,0,0,0,social_media,term
1560,1,1,0,0,0,embedded_partner,health
1561,1,1,0,0,0,referral,term
1562,1,0,0,0,0,social_media,health
1563,1,0,0,0,0,embedded_partner,health
1564,1,1,0,0,0,embedded_partner,motor
1565,1,0,0,0,0,organic_search,motor
1566,1,0,0,0,0,paid_search,health
1567,1,1,1,0,0,aggregator,health
1568,1,0,0,0,0,aggregator,term
1569,1,0,0,0,0,social_media,health
1570,1,0,0,0,0,social_media,health
1571,1,1,0,0,0,paid_search,term
1572,1,0,0,0,0,social_media,travel
1573,1,0,0,0,0,social_media,motor
1574,1,0,0,0,0,embedded_partner,travel
1575,1,0,0,0,0,aggregator,term
1576,1,0,0,0,0,aggregator,motor
1577,1,0,0,0,0,organic_search,motor
1578,1,1,0,0,0,embedded_partner,motor
1579,1,1,1,0,0,referral,term
1580,1,1,0,0,0,embedded_partner,health
1581,1,1,0,0,0,embedded_partner,health
1582,1,0,0,0,0,paid_search,term
1583,1,0,0,0,0,paid_search,motor
1584,1,0,0,0,0,paid_search,motor
1585,1,0,0,0,0,social_media,travel
1586,1,1,0,0,0,referral,travel
1587,1,0,0,0,0,paid_search,term
1588,1,1,0,0,0,social_media,motor
1589,1,0,0,0,0,paid_search,motor
1590,1,1,0,0,0,aggregator,motor
1591,1,1,0,0,0,aggregator,health
1592,1,0,0,0,0,aggregator,motor
1593,1,1,0,0,0,referral,travel
1594,1,0,0,0,0,paid_search,term
1595,1,0,0,0,0,embedded_partner,health
1596,1,0,0,0,0,organic_search,motor
1597,1,1,1,0,0,aggregator,motor
1598,1,0,0,0,0,aggregator,health
1599,1,0,0,0,0,embedded_partner,term
1600,1,1,0,0,0,paid_search,motor
1601,1,1,0,0,0,embedded_partner,term
1602,1,1,0,0,0,aggregator,motor
1603,1,0,0,0,0,organic_search,motor
1604,1,1,0,0,0,embedded_partner,travel
1605,1,0,0,0,0,aggregator,motor
1606,1,1,0,0,0,paid_search,motor
1607,1,0,0,0,0,referral,health
1608,1,1,1,0,0,paid_search,motor
1609,1,0,0,0,0,paid_search,motor
1610,1,0,0,0,0,paid_search,motor
1611,1,0,0,0,0,paid_search,motor
1612,1,1,0,0,0,organic_search,health
1613,1,1,1,0,0,organic_search,motor
1614,1,0,0,0,0,paid_search,term
1615,1,1,0,0,0,embedded_partner,travel
1616,1,0,0,0,0,aggregator,motor
1617,1,0,0,0,0,aggregator,motor
1618,1,0,0,0,0,social_media,motor
1619,1,1,0,0,0,referral,motor
1620,1,1,0,0,0,aggregator,motor
1621,1,1,0,0,0,aggregator,term
1622,1,0,0,0,0,social_media,motor
1623,1,1,0,0,0,embedded_partner,health
1624,1,1,0,0,0,aggregator,term
1625,1,0,0,0,0,paid_search,term
1626,1,0,0,0,0,organic_search,motor
1627,1,0,0,0,0,paid_search,motor
1628,1,0,0,0,0,aggregator,travel
1629,1,1,0,0,0,aggregator,motor
1630,1,1,0,0,0,paid_search,term
1631,1,0,0,0,0,social_media,term
1632,1,0,0,0,0,embedded_partner,health
1633,1,1,0,0,0,social_media,motor
1634,1,0,0,0,0,organic_search,motor
1635,1,1,1,1,1,referral,health
1636,1,0,0,0,0,paid_search,health
1637,1,1,0,0,0,paid_search,term
1638,1,1,1,1,0,embedded_partner,term
1639,1,0,0,0,0,aggregator,travel
1640,1,0,0,0,0,organic_search,travel
1641,1,0,0,0,0,organic_search,term
1642,1,0,0,0,0,aggregator,motor
1643,1,0,0,0,0,paid_search,health
1644,1,0,0,0,0,aggregator,health
1645,1,1,0,0,0,aggregator,health
1646,1,1,0,0,0,paid_search,motor
1647,1,0,0,0,0,paid_search,health
1648,1,1,0,0,0,organic_search,motor
1649,1,1,0,0,0,embedded_partner,motor
1650,1,0,0,0,0,embedded_partner,term
1651,1,0,0,0,0,paid_search,health
1652,1,0,0,0,0,paid_search,health
1653,1,0,0,0,0,paid_search,health
1654,1,0,0,0,0,aggregator,health
1655,1,1,0,0,0,referral,motor
1656,1,0,0,0,0,paid_search,health
1657,1,1,1,1,1,aggregator,motor
1658,1,1,0,0,0,embedded_partner,term
1659,1,0,0,0,0,paid_search,motor
1660,1,0,0,0,0,aggregator,travel
1661,1,1,0,0,0,aggregator,term
1662,1,0,0,0,0,social_media,health
1663,1,1,1,0,0,organic_search,motor
1664,1,1,0,0,0,aggregator,motor
1665,1,1,0,0,0,embedded_partner,term
1666,1,0,0,0,0,embedded_partner,term
1667,1,0,0,0,0,embedded_partner,term
1668,1,1,0,0,0,aggregator,travel
1669,1,0,0,0,0,aggregator,health
1670,1,0,0,0,0,embedded_partner,term
1671,1,0,0,0,0,paid_search,health
1672,1,0,0,0,0,social_media,health
1673,1,1,1,1,1,organic_search,health
1674,1,1,0,0,0,aggregator,term
1675,1,1,0,0,0,organic_search,motor
1676,1,0,0,0,0,referral,motor
1677,1,1,0,0,0,organic_search,motor
1678,1,0,0,0,0,paid_search,travel
1679,1,0,0,0,0,embedded_partner,health
1680,1,0,0,0,0,social_media,motor
1681,1,1,0,0,0,organic_search,health
1682,1,1,1,0,0,embedded_partner,health
1683,1,1,0,0,0,organic_search,travel
1684,1,0,0,0,0,paid_search,travel
1685,1,0,0,0,0,aggregator,term
1686,1,1,0,0,0,aggregator,term
1687,1,1,0,0,0,social_media,motor
1688,1,1,0,0,0,social_media,motor
1689,1,0,0,0,0,social_media,health
1690,1,0,0,0,0,paid_search,term
1691,1,0,0,0,0,organic_search,motor
1692,1,0,0,0,0,embedded_partner,term
1693,1,0,0,0,0,aggregator,motor
1694,1,1,0,0,0,organic_search,motor
1695,1,1,0,0,0,organic_search,motor
1696,1,0,0,0,0,social_media,term
1697,1,0,0,0,0,aggregator,term
1698,1,0,0,0,0,organic_search,health
1699,1,1,0,0,0,referral,term
1700,1,0,0,0,0,organic_search,term
1701,1,0,0,0,0,embedded_partner,motor
1702,1,0,0,0,0,referral,term
1703,1,1,0,0,0,paid_search,motor
1704,1,0,0,0,0,social_media,health
1705,1,0,0,0,0,social_media,motor
1706,1,1,1,0,0,referral,health
1707,1,1,0,0,0,aggregator,health
1708,1,1,0,0,0,paid_search,motor
1709,1,0,0,0,0,embedded_partner,health
1710,1,0,0,0,0,paid_search,term
1711,1,0,0,0,0,organic_search,health
1712,1,1,1,1,1,paid_search,motor
1713,1,0,0,0,0,referral,motor
1714,1,1,0,0,0,embedded_partner,motor
1715,1,0,0,0,0,paid_search,term
1716,1,0,0,0,0,organic_search,travel
1717,1,0,0,0,0,paid_search,motor
1718,1,0,0,0,0,social_media,term
1719,1,1,0,0,0,organic_search,health
1720,1,1,0,0,0,embedded_partner,travel
1721,1,1,0,0,0,aggregator,motor
1722,1,0,0,0,0,aggregator,health
1723,1,1,1,0,0,organic_search,health
1724,1,1,0,0,0,social_media,motor
1725,1,1,0,0,0,social_media,motor
1726,1,1,0,0,0,aggregator,motor
1727,1,0,0,0,0,paid_search,health
1728,1,0,0,0,0,embedded_partner,term
1729,1,1,1,1,1,aggregator,term
1730,1,0,0,0,0,paid_search,motor
1731,1,1,0,0,0,referral,travel
1732,1,0,0,0,0,aggregator,motor
1733,1,0,0,0,0,organic_search,travel
1734,1,0,0,0,0,paid_search,motor
1735,1,1,0,0,0,embedded_partner,term
1736,1,1,1,0,0,organic_search,travel
1737,1,0,0,0,0,embedded_partner,term
1738,1,1,0,0,0,aggregator,term
1739,1,1,0,0,0,social_media,motor
1740,1,1,0,0,0,organic_search,term
1741,1,0,0,0,0,aggregator,health
1742,1,1,0,0,0,aggregator,health
1743,1,0,0,0,0,aggregator,travel
1744,1,0,0,0,0,referral,motor
1745,1,1,0,0,0,organic_search,health
1746,1,0,0,0,0,social_media,travel
1747,1,0,0,0,0,organic_search,motor
1748,1,0,0,0,0,social_media,motor
1749,1,0,0,0,0,social_media,motor
1750,1,0,0,0,0,paid_search,term
1751,1,1,1,1,1,social_media,travel
1752,1,0,0,0,0,aggregator,motor
1753,1,1,0,0,0,embedded_partner,health
1754,1,0,0,0,0,embedded_partner,health
1755,1,1,0,0,0,paid_search,term
1756,1,1,1,0,0,social_media,term
1757,1,1,0,0,0,aggregator,travel
1758,1,1,1,1,1,referral,motor
1759,1,0,0,0,0,embedded_partner,motor
1760,1,0,0,0,0,embedded_partner,health
1761,1,0,0,0,0,paid_search,health
1762,1,1,0,0,0,aggregator,health
1763,1,1,1,0,0,aggregator,motor
1764,1,0,0,0,0,aggregator,motor
1765,1,1,0,0,0,aggregator,travel
1766,1,1,0,0,0,aggregator,motor
1767,1,1,0,0,0,referral,health
1768,1,1,0,0,0,aggregator,term
1769,1,0,0,0,0,aggregator,motor
1770,1,0,0,0,0,embedded_partner,motor
1771,1,1,0,0,0,social_media,motor
1772,1,0,0,0,0,organic_search,health
1773,1,0,0,0,0,social_media,motor
1774,1,0,0,0,0,embedded_partner,health
1775,1,0,0,0,0,social_media,motor
1776,1,0,0,0,0,social_media,motor
1777,1,1,1,0,0,organic_search,motor
1778,1,0,0,0,0,paid_search,motor
1779,1,0,0,0,0,paid_search,motor
1780,1,1,0,0,0,paid_search,travel
1781,1,0,0,0,0,aggregator,motor
1782,1,0,0,0,0,organic_search,health
1783,1,0,0,0,0,paid_search,health
1784,1,0,0,0,0,aggregator,term
1785,1,0,0,0,0,aggregator,health
1786,1,1,0,0,0,embedded_partner,motor
1787,1,1,0,0,0,paid_search,health
1788,1,0,0,0,0,organic_search,motor
1789,1,1,0,0,0,embedded_partner,term
1790,1,0,0,0,0,aggregator,motor
1791,1,1,0,0,0,organic_search,term
1792,1,1,1,0,0,paid_search,health
1793,1,1,0,0,0,aggregator,term
1794,1,0,0,0,0,organic_search,motor
1795,1,0,0,0,0,embedded_partner,term
1796,1,0,0,0,0,paid_search,term
1797,1,0,0,0,0,social_media,health
1798,1,0,0,0,0,paid_search,motor
1799,1,0,0,0,0,social_media,motor
1800,1,0,0,0,0,social_media,motor
1801,1,0,0,0,0,social_media,term
1802,1,0,0,0,0,social_media,health
1803,1,0,0,0,0,aggregator,term
1804,1,1,0,0,0,organic_search,term
1805,1,1,0,0,0,organic_search,term
1806,1,1,0,0,0,organic_search,term
1807,1,0,0,0,0,aggregator,health
1808,1,1,0,0,0,paid_search,health
1809,1,0,0,0,0,paid_search,motor
1810,1,0,0,0,0,aggregator,term
1811,1,1,0,0,0,aggregator,travel
1812,1,0,0,0,0,paid_search,health
1813,1,0,0,0,0,organic_search,travel
1814,1,0,0,0,0,aggregator,travel
1815,1,0,0,0,0,embedded_partner,health
1816,1,0,0,0,0,social_media,term
1817,1,0,0,0,0,organic_search,health
1818,1,0,0,0,0,social_media,motor
1819,1,0,0,0,0,social_media,motor
1820,1,0,0,0,0,social_media,health
1821,1,1,0,0,0,embedded_partner,term
1822,1,1,1,0,0,social_media,motor
1823,1,0,0,0,0,social_media,term
1824,1,0,0,0,0,social_media,term
1825,1,0,0,0,0,organic_search,term
1826,1,1,1,1,1,aggregator,motor
1827,1,1,1,0,0,social_media,health
1828,1,0,0,0,0,social_media,motor
1829,1,0,0,0,0,embedded_partner,motor
1830,1,1,0,0,0,social_media,motor
1831,1,0,0,0,0,paid_search,motor
1832,1,1,1,1,1,referral,motor
1833,1,1,0,0,0,paid_search,health
1834,1,1,1,1,0,aggregator,health
1835,1,0,0,0,0,aggregator,motor
1836,1,0,0,0,0,aggregator,travel
1837,1,0,0,0,0,aggregator,health
1838,1,0,0,0,0,paid_search,travel
1839,1,1,0,0,0,organic_search,health
1840,1,1,0,0,0,organic_search,motor
1841,1,1,0,0,0,aggregator,travel
1842,1,0,0,0,0,social_media,travel
1843,1,1,0,0,0,aggregator,health
1844,1,1,1,1,0,referral,health
1845,1,1,0,0,0,aggregator,health
1846,1,0,0,0,0,social_media,health
1847,1,0,0,0,0,paid_search,term
1848,1,0,0,0,0,social_media,health
1849,1,1,0,0,0,paid_search,motor
1850,1,1,0,0,0,organic_search,motor
1851,1,1,0,0,0,aggregator,motor
1852,1,0,0,0,0,embedded_partner,motor
1853,1,0,0,0,0,social_media,motor
1854,1,1,0,0,0,organic_search,travel
1855,1,1,1,0,0,embedded_partner,motor
1856,1,1,1,1,1,referral,motor
1857,1,0,0,0,0,aggregator,motor
1858,1,0,0,0,0,paid_search,health
1859,1,0,0,0,0,paid_search,health
1860,1,0,0,0,0,paid_search,health
1861,1,0,0,0,0,social_media,travel
1862,1,1,0,0,0,referral,travel
1863,1,0,0,0,0,referral,term
1864,1,0,0,0,0,social_media,term
1865,1,0,0,0,0,social_media,motor
1866,1,0,0,0,0,embedded_partner,health
1867,1,1,0,0,0,referral,motor
1868,1,0,0,0,0,aggregator,term
1869,1,1,0,0,0,social_media,motor
1870,1,0,0,0,0,embedded_partner,motor
1871,1,0,0,0,0,paid_search,motor
1872,1,1,0,0,0,paid_search,health
1873,1,1,1,1,1,referral,term
1874,1,1,1,1,1,referral,motor
1875,1,1,0,0,0,embedded_partner,health
1876,1,1,0,0,0,organic_search,motor
1877,1,0,0,0,0,paid_search,term
1878,1,1,0,0,0,paid_search,motor
1879,1,1,1,0,0,social_media,motor
1880,1,0,0,0,0,social_media,health
1881,1,0,0,0,0,social_media,health
1882,1,0,0,0,0,social_media,term
1883,1,0,0,0,0,paid_search,health
1884,1,0,0,0,0,organic_search,travel
1885,1,1,1,0,0,paid_search,motor
1886,1,1,0,0,0,paid_search,motor
1887,1,1,0,0,0,aggregator,travel
1888,1,1,0,0,0,aggregator,motor
1889,1,1,1,0,0,embedded_partner,term
1890,1,0,0,0,0,paid_search,motor
1891,1,0,0,0,0,aggregator,health
1892,1,0,0,0,0,organic_search,motor
1893,1,1,0,0,0,social_media,health
1894,1,1,1,0,0,aggregator,term
1895,1,0,0,0,0,paid_search,motor
1896,1,1,0,0,0,aggregator,motor
1897,1,0,0,0,0,organic_search,motor
1898,1,1,1,0,0,paid_search,motor
1899,1,0,0,0,0,aggregator,motor
1900,1,1,0,0,0,aggregator,travel
1901,1,1,0,0,0,social_media,motor
1902,1,0,0,0,0,aggregator,health
1903,1,1,0,0,0,embedded_partner,health
1904,1,0,0,0,0,aggregator,motor
1905,1,0,0,0,0,social_media,motor
1906,1,0,0,0,0,paid_search,term
1907,1,0,0,0,0,paid_search,health
1908,1,1,1,0,0,aggregator,term
1909,1,0,0,0,0,embedded_partner,health
1910,1,1,0,0,0,embedded_partner,health
1911,1,0,0,0,0,aggregator,travel
1912,1,1,1,0,0,aggregator,travel
1913,1,1,0,0,0,embedded_partner,travel
1914,1,0,0,0,0,social_media,motor
1915,1,1,0,0,0,aggregator,travel
1916,1,1,0,0,0,aggregator,term
1917,1,1,0,0,0,organic_search,term
1918,1,0,0,0,0,organic_search,term
1919,1,0,0,0,0,social_media,travel
1920,1,1,1,0,0,referral,health
1921,1,0,0,0,0,social_media,term
1922,1,0,0,0,0,paid_search,term
1923,1,0,0,0,0,social_media,term
1924,1,0,0,0,0,paid_search,term
1925,1,0,0,0,0,aggregator,motor
1926,1,1,0,0,0,aggregator,motor
1927,1,0,0,0,0,paid_search,motor
1928,1,1,1,0,0,organic_search,term
1929,1,1,0,0,0,aggregator,term
1930,1,0,0,0,0,paid_search,term
1931,1,0,0,0,0,social_media,term
1932,1,1,0,0,0,social_media,health
1933,1,1,1,1,1,organic_search,motor
1934,1,0,0,0,0,embedded_partner,health
1935,1,0,0,0,0,organic_search,travel
1936,1,1,0,0,0,aggregator,health
1937,1,1,0,0,0,social_media,travel
1938,1,0,0,0,0,social_media,travel
1939,1,0,0,0,0,aggregator,motor
1940,1,0,0,0,0,aggregator,term
1941,1,1,0,0,0,aggregator,health
1942,1,0,0,0,0,paid_search,health
1943,1,1,1,1,1,paid_search,motor
1944,1,0,0,0,0,aggregator,motor
1945,1,0,0,0,0,embedded_partner,motor
1946,1,0,0,0,0,embedded_partner,health
1947,1,1,0,0,0,aggregator,motor
1948,1,1,1,1,1,embedded_partner,health
1949,1,0,0,0,0,aggregator,health
1950,1,0,0,0,0,embedded_partner,health
1951,1,1,0,0,0,referral,travel
1952,1,1,1,0,0,aggregator,health
1953,1,0,0,0,0,organic_search,motor
1954,1,0,0,0,0,referral,travel
1955,1,1,0,0,0,embedded_partner,term
1956,1,1,1,1,1,referral,term
1957,1,0,0,0,0,social_media,term
1958,1,1,0,0,0,aggregator,motor
1959,1,1,1,0,0,embedded_partner,term
1960,1,0,0,0,0,social_media,motor
1961,1,1,0,0,0,social_media,health
1962,1,1,0,0,0,paid_search,motor
1963,1,0,0,0,0,social_media,term
1964,1,1,0,0,0,aggregator,motor
1965,1,0,0,0,0,organic_search,motor
1966,1,1,0,0,0,aggregator,motor
1967,1,1,1,1,1,organic_search,term
1968,1,0,0,0,0,embedded_partner,motor
1969,1,0,0,0,0,social_media,health
1970,1,0,0,0,0,social_media,motor
1971,1,0,0,0,0,paid_search,term
1972,1,1,0,0,0,referral,motor
1973,1,1,1,1,1,organic_search,travel
1974,1,0,0,0,0,paid_search,motor
1975,1,0,0,0,0,aggregator,motor
1976,1,0,0,0,0,aggregator,motor
1977,1,0,0,0,0,paid_search,motor
1978,1,1,1,0,0,referral,health
1979,1,0,0,0,0,organic_search,motor
1980,1,0,0,0,0,aggregator,travel
1981,1,1,0,0,0,embedded_partner,health
1982,1,0,0,0,0,paid_search,motor
1983,1,0,0,0,0,embedded_partner,health
1984,1,0,0,0,0,aggregator,motor
1985,1,0,0,0,0,social_media,motor
1986,1,1,0,0,0,embedded_partner,motor
1987,1,1,0,0,0,paid_search,motor
1988,1,1,0,0,0,organic_search,motor
1989,1,1,0,0,0,referral,travel
1990,1,1,1,1,1,aggregator,term
1991,1,1,0,0,0,aggregator,travel
1992,1,1,0,0,0,organic_search,motor
1993,1,0,0,0,0,paid_search,travel
1994,1,0,0,0,0,aggregator,motor
1995,1,0,0,0,0,social_media,motor
1996,1,0,0,0,0,organic_search,term
1997,1,1,0,0,0,paid_search,motor
1998,1,0,0,0,0,paid_search,health
1999,1,0,0,0,0,embedded_partner,term
2000,1,0,0,0,0,social_media,health
2001,1,1,0,0,0,embedded_partner,health
2002,1,0,0,0,0,paid_search,motor
2003,1,0,0,0,0,referral,motor
2004,1,1,1,0,0,organic_search,travel
2005,1,0,0,0,0,aggregator,motor
2006,1,0,0,0,0,embedded_partner,motor
2007,1,0,0,0,0,social_media,motor
2008,1,1,0,0,0,aggregator,travel
2009,1,0,0,0,0,aggregator,term
2010,1,1,1,1,1,organic_search,health
2011,1,0,0,0,0,aggregator,travel
2012,1,1,0,0,0,paid_search,motor
2013,1,0,0,0,0,aggregator,travel
2014,1,1,0,0,0,paid_search,motor
2015,1,0,0,0,0,paid_search,motor
2016,1,0,0,0,0,social_media,motor
2017,1,0,0,0,0,paid_search,travel
2018,1,0,0,0,0,aggregator,travel
2019,1,0,0,0,0,social_media,health
2020,1,0,0,0,0,paid_search,motor
2021,1,1,0,0,0,organic_search,motor
2022,1,0,0,0,0,aggregator,health
2023,1,1,0,0,0,aggregator,motor
2024,1,0,0,0,0,aggregator,motor
2025,1,1,0,0,0,paid_search,term
2026,1,0,0,0,0,paid_search,health
2027,1,1,1,0,0,embedded_partner,travel
2028,1,1,0,0,0,paid_search,health
2029,1,1,0,0,0,social_media,motor
2030,1,1,0,0,0,social_media,health
2031,1,0,0,0,0,aggregator,motor
2032,1,1,1,0,0,social_media,health
2033,1,0,0,0,0,paid_search,term
2034,1,0,0,0,0,paid_search,motor
2035,1,0,0,0,0,aggregator,motor
2036,1,1,0,0,0,organic_search,travel
2037,1,0,0,0,0,referral,health
2038,1,0,0,0,0,aggregator,health
2039,1,0,0,0,0,social_media,term
2040,1,0,0,0,0,organic_search,health
2041,1,0,0,0,0,paid_search,motor
2042,1,0,0,0,0,organic_search,term
2043,1,0,0,0,0,social_media,travel
2044,1,1,0,0,0,embedded_partner,motor
2045,1,0,0,0,0,referral,motor
2046,1,0,0,0,0,aggregator,term
2047,1,0,0,0,0,paid_search,health
2048,1,0,0,0,0,social_media,motor
2049,1,1,0,0,0,aggregator,health
2050,1,1,0,0,0,paid_search,term
2051,1,1,0,0,0,referral,health
2052,1,1,0,0,0,aggregator,motor
2053,1,0,0,0,0,paid_search,motor
2054,1,1,0,0,0,embedded_partner,health
2055,1,0,0,0,0,paid_search,travel
2056,1,0,0,0,0,social_media,health
2057,1,1,1,1,1,referral,motor
2058,1,0,0,0,0,social_media,travel
2059,1,0,0,0,0,aggregator,motor
2060,1,0,0,0,0,aggregator,health
2061,1,1,0,0,0,referral,motor
2062,1,0,0,0,0,paid_search,term
2063,1,0,0,0,0,social_media,term
2064,1,0,0,0,0,aggregator,term
2065,1,1,0,0,0,paid_search,motor
2066,1,0,0,0,0,referral,health
2067,1,0,0,0,0,social_media,motor
2068,1,1,0,0,0,referral,travel
2069,1,0,0,0,0,paid_search,motor
2070,1,0,0,0,0,social_media,health
2071,1,0,0,0,0,embedded_partner,term
2072,1,1,1,1,1,paid_search,motor
2073,1,1,1,1,1,paid_search,motor
2074,1,0,0,0,0,embedded_partner,motor
2075,1,1,1,0,0,paid_search,health
2076,1,0,0,0,0,social_media,travel
2077,1,1,0,0,0,referral,health
2078,1,0,0,0,0,aggregator,travel
2079,1,0,0,0,0,paid_search,motor
2080,1,0,0,0,0,aggregator,motor
2081,1,1,1,1,1,paid_search,travel
2082,1,0,0,0,0,aggregator,travel
2083,1,0,0,0,0,organic_search,motor
2084,1,0,0,0,0,aggregator,term
2085,1,1,1,0,0,organic_search,travel
2086,1,1,0,0,0,paid_search,term
2087,1,0,0,0,0,paid_search,health
2088,1,0,0,0,0,paid_search,motor
2089,1,1,0,0,0,organic_search,motor
2090,1,1,0,0,0,paid_search,health
2091,1,0,0,0,0,paid_search,health
2092,1,1,1,0,0,embedded_partner,motor
2093,1,0,0,0,0,social_media,motor
2094,1,1,0,0,0,aggregator,motor
2095,1,1,1,0,0,embedded_partner,health
2096,1,1,0,0,0,paid_search,motor
2097,1,0,0,0,0,aggregator,motor
2098,1,0,0,0,0,social_media,motor
2099,1,1,0,0,0,aggregator,travel
2100,1,0,0,0,0,aggregator,health
2101,1,1,0,0,0,organic_search,motor
2102,1,0,0,0,0,aggregator,health
2103,1,0,0,0,0,embedded_partner,health
2104,1,1,0,0,0,referral,health
2105,1,0,0,0,0,social_media,health
2106,1,1,0,0,0,organic_search,health
2107,1,1,0,0,0,organic_search,term
2108,1,1,1,0,0,referral,motor
2109,1,1,1,1,0,paid_search,motor
2110,1,1,0,0,0,aggregator,motor
2111,1,0,0,0,0,social_media,health
2112,1,0,0,0,0,social_media,health
2113,1,1,0,0,0,aggregator,term
2114,1,0,0,0,0,social_media,motor
2115,1,0,0,0,0,aggregator,health
2116,1,0,0,0,0,embedded_partner,motor
2117,1,0,0,0,0,paid_search,motor
2118,1,0,0,0,0,aggregator,term
2119,1,0,0,0,0,aggregator,motor
2120,1,0,0,0,0,aggregator,motor
2121,1,0,0,0,0,paid_search,motor
2122,1,1,1,0,0,aggregator,term
2123,1,0,0,0,0,paid_search,motor
2124,1,0,0,0,0,aggregator,travel
2125,1,0,0,0,0,paid_search,travel
2126,1,0,0,0,0,paid_search,term
2127,1,0,0,0,0,paid_search,motor
2128,1,1,0,0,0,paid_search,term
2129,1,0,0,0,0,aggregator,motor
2130,1,0,0,0,0,aggregator,travel
2131,1,0,0,0,0,aggregator,health
2132,1,1,1,0,0,organic_search,motor
2133,1,1,0,0,0,referral,motor
2134,1,1,0,0,0,embedded_partner,term
2135,1,0,0,0,0,social_media,travel
2136,1,0,0,0,0,social_media,health
2137,1,1,0,0,0,paid_search,health
2138,1,1,1,0,0,organic_search,term
2139,1,1,0,0,0,organic_search,term
2140,1,1,0,0,0,embedded_partner,term
2141,1,1,0,0,0,embedded_partner,motor
2142,1,1,0,0,0,paid_search,health
2143,1,1,0,0,0,organic_search,travel
2144,1,0,0,0,0,embedded_partner,motor
2145,1,0,0,0,0,paid_search,motor
2146,1,0,0,0,0,embedded_partner,motor
2147,1,0,0,0,0,aggregator,health
2148,1,0,0,0,0,referral,term
2149,1,1,0,0,0,organic_search,motor
2150,1,1,0,0,0,aggregator,health
2151,1,1,1,0,0,organic_search,motor
2152,1,1,0,0,0,aggregator,travel
2153,1,1,1,0,0,organic_search,term
2154,1,1,0,0,0,organic_search,health
2155,1,1,1,1,1,social_media,term
2156,1,1,0,0,0,embedded_partner,motor
2157,1,1,0,0,0,aggregator,term
2158,1,0,0,0,0,paid_search,term
2159,1,0,0,0,0,paid_search,motor
2160,1,1,1,1,1,aggregator,travel
2161,1,0,0,0,0,paid_search,motor
2162,1,1,0,0,0,paid_search,health
2163,1,0,0,0,0,paid_search,motor
2164,1,1,1,1,1,paid_search,term
2165,1,1,0,0,0,embedded_partner,motor
2166,1,0,0,0,0,paid_search,motor
2167,1,0,0,0,0,embedded_partner,health
2168,1,1,1,0,0,paid_search,travel
2169,1,1,0,0,0,paid_search,motor
2170,1,0,0,0,0,social_media,health
2171,1,0,0,0,0,paid_search,health
2172,1,1,0,0,0,paid_search,term
2173,1,0,0,0,0,social_media,motor
2174,1,0,0,0,0,aggregator,health
2175,1,1,0,0,0,paid_search,travel
2176,1,0,0,0,0,social_media,motor
2177,1,0,0,0,0,paid_search,health
2178,1,1,0,0,0,embedded_partner,travel
2179,1,0,0,0,0,paid_search,motor
2180,1,1,1,1,0,referral,motor
2181,1,0,0,0,0,organic_search,motor
2182,1,1,1,1,1,referral,term
2183,1,1,0,0,0,embedded_partner,travel
2184,1,1,0,0,0,aggregator,health
2185,1,0,0,0,0,social_media,health
2186,1,1,0,0,0,aggregator,motor
2187,1,0,0,0,0,embedded_partner,motor
2188,1,1,0,0,0,social_media,motor
2189,1,0,0,0,0,paid_search,motor
2190,1,1,0,0,0,embedded_partner,motor
2191,1,1,1,0,0,aggregator,term
2192,1,1,1,1,1,social_media,motor
2193,1,1,0,0,0,organic_search,motor
2194,1,1,0,0,0,aggregator,motor
2195,1,1,0,0,0,social_media,motor
2196,1,0,0,0,0,embedded_partner,motor
2197,1,0,0,0,0,aggregator,motor
2198,1,0,0,0,0,social_media,motor
2199,1,1,0,0,0,paid_search,health
2200,1,0,0,0,0,organic_search,term
2201,1,0,0,0,0,aggregator,travel
2202,1,0,0,0,0,referral,term
2203,1,1,1,1,1,embedded_partner,health
2204,1,1,1,0,0,aggregator,travel
2205,1,0,0,0,0,paid_search,health
2206,1,0,0,0,0,social_media,health
2207,1,0,0,0,0,organic_search,health
2208,1,1,0,0,0,paid_search,motor
2209,1,0,0,0,0,aggregator,motor
2210,1,0,0,0,0,aggregator,motor
2211,1,0,0,0,0,referral,term
2212,1,0,0,0,0,paid_search,motor
2213,1,0,0,0,0,embedded_partner,term
2214,1,0,0,0,0,social_media,travel
2215,1,0,0,0,0,embedded_partner,health
2216,1,0,0,0,0,aggregator,motor
2217,1,0,0,0,0,aggregator,health
2218,1,0,0,0,0,embedded_partner,motor
2219,1,0,0,0,0,referral,travel
2220,1,0,0,0,0,paid_search,term
2221,1,1,1,0,0,paid_search,term
2222,1,0,0,0,0,paid_search,health
2223,1,0,0,0,0,paid_search,term
2224,1,1,0,0,0,aggregator,term
2225,1,0,0,0,0,embedded_partner,motor
2226,1,0,0,0,0,paid_search,motor
2227,1,0,0,0,0,organic_search,motor
2228,1,1,0,0,0,aggregator,health
2229,1,0,0,0,0,aggregator,travel
2230,1,1,1,0,0,organic_search,health
2231,1,1,0,0,0,paid_search,health
2232,1,0,0,0,0,organic_search,travel
2233,1,0,0,0,0,aggregator,motor
2234,1,0,0,0,0,referral,motor
2235,1,1,1,1,1,organic_search,travel
2236,1,0,0,0,0,embedded_partner,travel
2237,1,1,1,0,0,aggregator,term
2238,1,1,1,0,0,paid_search,motor
2239,1,1,1,0,0,paid_search,travel
2240,1,0,0,0,0,social_media,term
2241,1,0,0,0,0,paid_search,term
2242,1,0,0,0,0,aggregator,motor
2243,1,1,0,0,0,paid_search,health
2244,1,0,0,0,0,paid_search,term
2245,1,1,0,0,0,paid_search,travel
2246,1,0,0,0,0,aggregator,health
2247,1,1,0,0,0,paid_search,health
2248,1,0,0,0,0,social_media,term
2249,1,0,0,0,0,paid_search,health
2250,1,1,0,0,0,paid_search,health
2251,1,1,0,0,0,social_media,motor
2252,1,1,0,0,0,organic_search,motor
2253,1,0,0,0,0,paid_search,term
2254,1,0,0,0,0,social_media,motor
2255,1,1,0,0,0,referral,motor
2256,1,0,0,0,0,social_media,travel
2257,1,1,0,0,0,embedded_partner,term
2258,1,1,0,0,0,organic_search,motor
2259,1,0,0,0,0,aggregator,motor
2260,1,0,0,0,0,paid_search,term
2261,1,0,0,0,0,organic_search,health
2262,1,1,1,0,0,referral,health
2263,1,1,0,0,0,paid_search,health
2264,1,1,0,0,0,aggregator,motor
2265,1,0,0,0,0,social_media,term
2266,1,0,0,0,0,aggregator,motor
2267,1,1,0,0,0,organic_search,health
2268,1,0,0,0,0,social_media,motor
2269,1,0,0,0,0,organic_search,motor
2270,1,0,0,0,0,embedded_partner,motor
2271,1,1,0,0,0,social_media,travel
2272,1,0,0,0,0,social_media,motor
2273,1,0,0,0,0,organic_search,motor
2274,1,1,1,1,1,embedded_partner,motor
2275,1,1,0,0,0,embedded_partner,term
2276,1,1,1,1,1,aggregator,health
2277,1,0,0,0,0,social_media,travel
2278,1,0,0,0,0,aggregator,term
2279,1,0,0,0,0,embedded_partner,health
2280,1,1,0,0,0,social_media,term
2281,1,0,0,0,0,paid_search,motor
2282,1,1,0,0,0,aggregator,travel
2283,1,0,0,0,0,paid_search,travel
2284,1,0,0,0,0,organic_search,motor
2285,1,1,0,0,0,aggregator,health
2286,1,0,0,0,0,aggregator,motor
2287,1,1,0,0,0,embedded_partner,health
2288,1,1,1,0,0,organic_search,term
2289,1,1,1,1,1,aggregator,travel
2290,1,0,0,0,0,paid_search,motor
2291,1,1,0,0,0,referral,term
2292,1,1,0,0,0,organic_search,term
2293,1,0,0,0,0,social_media,motor
2294,1,0,0,0,0,paid_search,health
2295,1,0,0,0,0,paid_search,term
2296,1,0,0,0,0,aggregator,term
2297,1,0,0,0,0,organic_search,travel
2298,1,0,0,0,0,aggregator,motor
2299,1,0,0,0,0,aggregator,motor
2300,1,1,0,0,0,organic_search,motor
2301,1,0,0,0,0,referral,motor
2302,1,0,0,0,0,organic_search,health
2303,1,0,0,0,0,social_media,travel
2304,1,0,0,0,0,social_media,health
2305,1,1,1,0,0,paid_search,term
2306,1,0,0,0,0,paid_search,motor
2307,1,0,0,0,0,social_media,motor
2308,1,0,0,0,0,paid_search,term
2309,1,0,0,0,0,social_media,term
2310,1,1,1,1,0,embedded_partner,motor
2311,1,1,0,0,0,referral,travel
2312,1,1,0,0,0,aggregator,health
2313,1,1,0,0,0,paid_search,motor
2314,1,1,0,0,0,aggregator,health
2315,1,0,0,0,0,paid_search,term
2316,1,0,0,0,0,paid_search,motor
2317,1,0,0,0,0,aggregator,term
2318,1,0,0,0,0,organic_search,health
2319,1,1,0,0,0,social_media,health
2320,1,0,0,0,0,embedded_partner,travel
2321,1,0,0,0,0,aggregator,health
2322,1,0,0,0,0,aggregator,health
2323,1,0,0,0,0,paid_search,motor
2324,1,1,0,0,0,aggregator,motor
2325,1,1,0,0,0,paid_search,motor
2326,1,1,1,0,0,referral,motor
2327,1,1,1,0,0,aggregator,health
2328,1,0,0,0,0,aggregator,motor
2329,1,0,0,0,0,social_media,motor
2330,1,0,0,0,0,social_media,health
2331,1,0,0,0,0,social_media,motor
2332,1,0,0,0,0,paid_search,health
2333,1,1,1,1,0,embedded_partner,term
2334,1,1,0,0,0,aggregator,motor
2335,1,0,0,0,0,paid_search,motor
2336,1,0,0,0,0,organic_search,health
2337,1,1,0,0,0,embedded_partner,motor
2338,1,0,0,0,0,paid_search,health
2339,1,1,0,0,0,social_media,term
2340,1,1,1,1,1,aggregator,health
2341,1,1,0,0,0,aggregator,health
2342,1,0,0,0,0,aggregator,travel
2343,1,1,0,0,0,organic_search,motor
2344,1,0,0,0,0,paid_search,travel
2345,1,1,1,1,0,organic_search,term
2346,1,0,0,0,0,aggregator,health
2347,1,1,1,0,0,embedded_partner,motor
2348,1,0,0,0,0,embedded_partner,motor
2349,1,1,1,1,1,aggregator,travel
2350,1,0,0,0,0,aggregator,motor
2351,1,1,0,0,0,aggregator,travel
2352,1,1,0,0,0,embedded_partner,health
2353,1,0,0,0,0,aggregator,health
2354,1,0,0,0,0,social_media,health
2355,1,1,0,0,0,paid_search,motor
2356,1,0,0,0,0,organic_search,health
2357,1,0,0,0,0,social_media,travel
2358,1,0,0,0,0,social_media,motor
2359,1,1,1,1,1,referral,travel
2360,1,1,1,0,0,aggregator,travel
2361,1,0,0,0,0,embedded_partner,motor
2362,1,1,1,1,1,aggregator,health
2363,1,1,1,1,1,social_media,motor
2364,1,1,0,0,0,embedded_partner,health
2365,1,0,0,0,0,organic_search,travel
2366,1,1,1,0,0,organic_search,travel
2367,1,0,0,0,0,paid_search,travel
2368,1,0,0,0,0,paid_search,motor
2369,1,0,0,0,0,paid_search,health
2370,1,0,0,0,0,social_media,motor
2371,1,1,1,0,0,paid_search,travel
2372,1,1,0,0,0,paid_search,motor
2373,1,1,0,0,0,paid_search,motor
2374,1,0,0,0,0,paid_search,motor
2375,1,0,0,0,0,paid_search,motor
2376,1,0,0,0,0,aggregator,motor
2377,1,1,1,0,0,embedded_partner,motor
2378,1,1,0,0,0,social_media,travel
2379,1,0,0,0,0,aggregator,term
2380,1,1,0,0,0,organic_search,motor
2381,1,0,0,0,0,embedded_partner,term
2382,1,1,1,0,0,aggregator,health
2383,1,1,0,0,0,aggregator,term
2384,1,1,0,0,0,aggregator,motor
2385,1,0,0,0,0,aggregator,health
2386,1,1,0,0,0,organic_search,motor
2387,1,1,0,0,0,referral,motor
2388,1,0,0,0,0,aggregator,health
2389,1,0,0,0,0,organic_search,term
2390,1,0,0,0,0,aggregator,term
2391,1,0,0,0,0,social_media,motor
2392,1,1,0,0,0,organic_search,health
2393,1,0,0,0,0,paid_search,term
2394,1,0,0,0,0,aggregator,motor
2395,1,0,0,0,0,social_media,motor
2396,1,1,1,1,1,referral,motor
2397,1,1,1,0,0,paid_search,motor
2398,1,0,0,0,0,aggregator,motor
2399,1,0,0,0,0,aggregator,motor
2400,1,0,0,0,0,social_media,health
2401,1,0,0,0,0,social_media,term
2402,1,1,0,0,0,organic_search,term
2403,1,1,0,0,0,organic_search,term
2404,1,0,0,0,0,embedded_partner,motor
2405,1,1,0,0,0,embedded_partner,travel
2406,1,1,1,0,0,aggregator,term
2407,1,1,1,0,0,social_media,health
2408,1,1,0,0,0,paid_search,motor
2409,1,1,0,0,0,paid_search,health
2410,1,1,0,0,0,referral,health
2411,1,0,0,0,0,organic_search,term
2412,1,0,0,0,0,referral,term
2413,1,1,0,0,0,paid_search,travel
2414,1,0,0,0,0,social_media,travel
2415,1,0,0,0,0,social_media,health
2416,1,0,0,0,0,aggregator,travel
2417,1,0,0,0,0,aggregator,travel
2418,1,0,0,0,0,social_media,motor
2419,1,1,1,0,0,aggregator,health
2420,1,1,0,0,0,referral,motor
2421,1,0,0,0,0,aggregator,motor
2422,1,1,0,0,0,aggregator,motor
2423,1,0,0,0,0,organic_search,health
2424,1,0,0,0,0,aggregator,motor
2425,1,0,0,0,0,embedded_partner,motor
2426,1,0,0,0,0,organic_search,motor
2427,1,0,0,0,0,aggregator,term
2428,1,1,1,1,1,organic_search,travel
2429,1,0,0,0,0,social_media,travel
2430,1,1,0,0,0,organic_search,health
2431,1,1,0,0,0,embedded_partner,motor
2432,1,1,0,0,0,organic_search,travel
2433,1,1,0,0,0,social_media,motor
2434,1,0,0,0,0,paid_search,travel
2435,1,0,0,0,0,organic_search,term
2436,1,1,0,0,0,referral,health
2437,1,0,0,0,0,social_media,motor
2438,1,1,1,1,1,organic_search,motor
2439,1,1,0,0,0,paid_search,health
2440,1,0,0,0,0,organic_search,health
2441,1,1,0,0,0,referral,term
2442,1,0,0,0,0,aggregator,health
2443,1,1,0,0,0,aggregator,health
2444,1,0,0,0,0,social_media,motor
2445,1,0,0,0,0,social_media,health
2446,1,0,0,0,0,social_media,motor
2447,1,1,1,0,0,aggregator,term
2448,1,1,0,0,0,paid_search,health
2449,1,1,0,0,0,social_media,term
2450,1,1,0,0,0,social_media,health
2451,1,1,0,0,0,organic_search,motor
2452,1,1,0,0,0,organic_search,term
2453,1,0,0,0,0,social_media,term
2454,1,0,0,0,0,organic_search,term
2455,1,0,0,0,0,social_media,health
2456,1,0,0,0,0,social_media,travel
2457,1,0,0,0,0,social_media,motor
2458,1,0,0,0,0,aggregator,health
2459,1,0,0,0,0,paid_search,term
2460,1,0,0,0,0,social_media,motor
2461,1,1,0,0,0,embedded_partner,term
2462,1,0,0,0,0,organic_search,motor
2463,1,1,0,0,0,aggregator,motor
2464,1,0,0,0,0,social_media,motor
2465,1,0,0,0,0,aggregator,term
2466,1,0,0,0,0,organic_search,term
2467,1,1,1,0,0,embedded_partner,motor
2468,1,1,0,0,0,social_media,motor
2469,1,0,0,0,0,social_media,motor
2470,1,1,0,0,0,paid_search,motor
2471,1,1,1,0,0,paid_search,term
2472,1,0,0,0,0,embedded_partner,motor
2473,1,1,1,1,1,organic_search,motor
2474,1,0,0,0,0,social_media,motor
2475,1,1,1,0,0,paid_search,health
2476,1,0,0,0,0,aggregator,term
2477,1,0,0,0,0,aggregator,term
2478,1,0,0,0,0,aggregator,health
2479,1,0,0,0,0,paid_search,travel
2480,1,1,0,0,0,referral,health
2481,1,0,0,0,0,social_media,travel
2482,1,1,0,0,0,aggregator,health
2483,1,1,0,0,0,aggregator,motor
2484,1,0,0,0,0,paid_search,term
2485,1,0,0,0,0,embedded_partner,health
2486,1,1,0,0,0,paid_search,term
2487,1,1,1,0,0,organic_search,motor
2488,1,1,0,0,0,embedded_partner,health
2489,1,0,0,0,0,aggregator,travel
2490,1,0,0,0,0,social_media,motor
2491,1,0,0,0,0,referral,motor
2492,1,1,0,0,0,paid_search,motor
2493,1,1,0,0,0,aggregator,health
2494,1,0,0,0,0,embedded_partner,term
2495,1,0,0,0,0,embedded_partner,health
2496,1,0,0,0,0,social_media,travel
2497,1,0,0,0,0,social_media,health
2498,1,0,0,0,0,aggregator,motor
2499,1,0,0,0,0,embedded_partner,motor
2500,1,1,0,0,0,social_media,motor
2501,1,0,0,0,0,aggregator,term
2502,1,1,0,0,0,organic_search,motor
2503,1,0,0,0,0,referral,motor
2504,1,0,0,0,0,embedded_partner,travel
2505,1,1,1,1,1,paid_search,health
2506,1,1,0,0,0,aggregator,motor
2507,1,1,0,0,0,referral,term
2508,1,0,0,0,0,referral,health
2509,1,0,0,0,0,social_media,travel
2510,1,0,0,0,0,social_media,term
2511,1,1,0,0,0,paid_search,motor
2512,1,0,0,0,0,paid_search,motor
2513,1,0,0,0,0,aggregator,motor
2514,1,1,1,1,0,aggregator,term
2515,1,1,0,0,0,aggregator,health
2516,1,1,0,0,0,embedded_partner,term
2517,1,1,0,0,0,aggregator,health
2518,1,0,0,0,0,aggregator,motor
2519,1,0,0,0,0,social_media,motor
2520,1,0,0,0,0,aggregator,motor
2521,1,0,0,0,0,aggregator,health
2522,1,0,0,0,0,social_media,health
2523,1,0,0,0,0,paid_search,travel
2524,1,0,0,0,0,social_media,motor
2525,1,0,0,0,0,embedded_partner,term
2526,1,1,1,0,0,aggregator,motor
2527,1,0,0,0,0,embedded_partner,term
2528,1,1,0,0,0,embedded_partner,motor
2529,1,1,0,0,0,embedded_partner,term
2530,1,1,0,0,0,social_media,motor
2531,1,1,0,0,0,social_media,motor
2532,1,1,0,0,0,social_media,health
2533,1,1,1,0,0,organic_search,motor
2534,1,0,0,0,0,aggregator,health
2535,1,1,0,0,0,referral,motor
2536,1,1,1,1,1,social_media,travel
2537,1,0,0,0,0,organic_search,motor
2538,1,1,0,0,0,paid_search,health
2539,1,1,1,0,0,aggregator,travel
2540,1,0,0,0,0,social_media,term
2541,1,0,0,0,0,social_media,motor
2542,1,1,1,0,0,paid_search,health
2543,1,0,0,0,0,paid_search,motor
2544,1,0,0,0,0,aggregator,health
2545,1,1,0,0,0,social_media,health
2546,1,1,0,0,0,paid_search,term
2547,1,0,0,0,0,referral,term
2548,1,1,0,0,0,aggregator,motor
2549,1,0,0,0,0,paid_search,motor
2550,1,0,0,0,0,paid_search,motor
2551,1,0,0,0,0,social_media,health
2552,1,0,0,0,0,social_media,motor
2553,1,1,0,0,0,social_media,health
2554,1,1,1,0,0,referral,health
2555,1,1,1,1,0,paid_search,travel
2556,1,0,0,0,0,organic_search,health
2557,1,0,0,0,0,aggregator,motor
2558,1,1,0,0,0,paid_search,motor
2559,1,0,0,0,0,paid_search,health
2560,1,1,0,0,0,aggregator,motor
2561,1,0,0,0,0,social_media,motor
2562,1,1,0,0,0,organic_search,motor
2563,1,1,0,0,0,organic_search,term
2564,1,0,0,0,0,social_media,travel
2565,1,0,0,0,0,social_media,motor
2566,1,1,0,0,0,paid_search,motor
2567,1,0,0,0,0,aggregator,health
2568,1,1,0,0,0,aggregator,motor
2569,1,1,0,0,0,organic_search,travel
2570,1,1,1,0,0,referral,health
2571,1,1,0,0,0,aggregator,term
2572,1,0,0,0,0,social_media,travel
2573,1,0,0,0,0,organic_search,health
2574,1,1,1,1,0,embedded_partner,motor
2575,1,0,0,0,0,social_media,health
2576,1,1,0,0,0,social_media,health
2577,1,1,1,1,0,organic_search,health
2578,1,1,0,0,0,embedded_partner,travel
2579,1,1,0,0,0,aggregator,motor
2580,1,1,1,0,0,embedded_partner,health
2581,1,1,0,0,0,aggregator,motor
2582,1,0,0,0,0,embedded_partner,motor
2583,1,0,0,0,0,aggregator,health
2584,1,0,0,0,0,aggregator,term
2585,1,1,0,0,0,aggregator,health
2586,1,0,0,0,0,paid_search,motor
2587,1,1,0,0,0,paid_search,motor
2588,1,1,0,0,0,aggregator,health
2589,1,1,1,0,0,paid_search,health
2590,1,0,0,0,0,paid_search,term
2591,1,1,1,0,0,organic_search,health
2592,1,1,0,0,0,embedded_partner,travel
2593,1,0,0,0,0,organic_search,term
2594,1,1,0,0,0,aggregator,motor
2595,1,1,0,0,0,paid_search,health
2596,1,0,0,0,0,embedded_partner,term
2597,1,1,0,0,0,aggregator,travel
2598,1,0,0,0,0,paid_search,health
2599,1,1,0,0,0,referral,health
2600,1,1,1,0,0,referral,motor
2601,1,1,1,1,1,paid_search,term
2602,1,0,0,0,0,organic_search,travel
2603,1,0,0,0,0,paid_search,travel
2604,1,0,0,0,0,organic_search,motor
2605,1,0,0,0,0,aggregator,motor
2606,1,0,0,0,0,aggregator,term
2607,1,1,0,0,0,social_media,health
2608,1,1,1,0,0,aggregator,travel
2609,1,0,0,0,0,organic_search,motor
2610,1,0,0,0,0,paid_search,term
2611,1,1,0,0,0,embedded_partner,term
2612,1,1,0,0,0,embedded_partner,motor
2613,1,0,0,0,0,social_media,motor
2614,1,1,0,0,0,organic_search,term
2615,1,0,0,0,0,paid_search,motor
2616,1,0,0,0,0,social_media,term
2617,1,1,1,0,0,aggregator,health
2618,1,0,0,0,0,embedded_partner,health
2619,1,1,1,1,0,embedded_partner,motor
2620,1,1,0,0,0,embedded_partner,travel
2621,1,1,1,0,0,embedded_partner,term
2622,1,0,0,0,0,referral,term
2623,1,1,0,0,0,aggregator,term
2624,1,1,1,1,1,referral,health
2625,1,1,0,0,0,social_media,travel
2626,1,1,0,0,0,paid_search,health
2627,1,0,0,0,0,social_media,health
2628,1,0,0,0,0,paid_search,motor
2629,1,0,0,0,0,paid_search,motor
2630,1,0,0,0,0,aggregator,term
2631,1,1,0,0,0,aggregator,motor
2632,1,1,0,0,0,social_media,term
2633,1,1,0,0,0,embedded_partner,travel
2634,1,0,0,0,0,social_media,health
2635,1,0,0,0,0,social_media,motor
2636,1,1,0,0,0,paid_search,term
2637,1,0,0,0,0,paid_search,motor
2638,1,0,0,0,0,aggregator,term
2639,1,0,0,0,0,embedded_partner,health
2640,1,1,0,0,0,aggregator,health
2641,1,1,1,1,1,organic_search,health
2642,1,0,0,0,0,organic_search,health
2643,1,0,0,0,0,social_media,motor
2644,1,0,0,0,0,embedded_partner,motor
2645,1,0,0,0,0,paid_search,health
2646,1,1,0,0,0,embedded_partner,travel
2647,1,0,0,0,0,organic_search,motor
2648,1,1,0,0,0,organic_search,motor
2649,1,1,0,0,0,organic_search,motor
2650,1,1,0,0,0,embedded_partner,health
2651,1,1,1,0,0,referral,motor
2652,1,0,0,0,0,paid_search,term
2653,1,0,0,0,0,embedded_partner,motor
2654,1,1,0,0,0,organic_search,term
2655,1,0,0,0,0,paid_search,motor
2656,1,1,0,0,0,embedded_partner,health
2657,1,0,0,0,0,paid_search,motor
2658,1,0,0,0,0,social_media,term
2659,1,0,0,0,0,aggregator,travel
2660,1,1,1,0,0,aggregator,motor
2661,1,0,0,0,0,embedded_partner,travel
2662,1,0,0,0,0,paid_search,motor
2663,1,0,0,0,0,paid_search,health
2664,1,0,0,0,0,aggregator,term
2665,1,0,0,0,0,social_media,motor
2666,1,1,1,1,1,embedded_partner,health
2667,1,1,1,1,1,embedded_partner,motor
2668,1,0,0,0,0,aggregator,term
2669,1,0,0,0,0,social_media,health
2670,1,1,0,0,0,paid_search,travel
2671,1,1,0,0,0,social_media,motor
2672,1,1,0,0,0,paid_search,travel
2673,1,0,0,0,0,paid_search,motor
2674,1,0,0,0,0,social_media,health
2675,1,0,0,0,0,social_media,motor
2676,1,1,0,0,0,social_media,motor
2677,1,0,0,0,0,social_media,motor
2678,1,1,0,0,0,embedded_partner,term
2679,1,1,1,1,1,organic_search,motor
2680,1,0,0,0,0,paid_search,health
2681,1,0,0,0,0,embedded_partner,travel
2682,1,0,0,0,0,embedded_partner,motor
2683,1,0,0,0,0,aggregator,motor
2684,1,0,0,0,0,social_media,motor
2685,1,0,0,0,0,paid_search,motor
2686,1,1,0,0,0,organic_search,health
2687,1,0,0,0,0,aggregator,term
2688,1,0,0,0,0,organic_search,motor
2689,1,1,0,0,0,paid_search,motor
2690,1,1,0,0,0,social_media,health
2691,1,1,0,0,0,referral,motor
2692,1,1,0,0,0,paid_search,health
2693,1,0,0,0,0,embedded_partner,travel
2694,1,1,0,0,0,referral,motor
2695,1,1,0,0,0,embedded_partner,health
2696,1,1,0,0,0,aggregator,term
2697,1,0,0,0,0,embedded_partner,term
2698,1,1,0,0,0,aggregator,term
2699,1,0,0,0,0,paid_search,term
2700,1,1,0,0,0,embedded_partner,health
2701,1,0,0,0,0,organic_search,health
2702,1,0,0,0,0,social_media,term
2703,1,0,0,0,0,paid_search,term
2704,1,1,0,0,0,embedded_partner,term
2705,1,0,0,0,0,organic_search,motor
2706,1,1,0,0,0,paid_search,term
2707,1,0,0,0,0,embedded_partner,motor
2708,1,0,0,0,0,aggregator,motor
2709,1,1,0,0,0,aggregator,motor
2710,1,0,0,0,0,social_media,motor
2711,1,1,0,0,0,referral,term
2712,1,0,0,0,0,aggregator,motor
2713,1,0,0,0,0,aggregator,term
2714,1,1,0,0,0,aggregator,health
2715,1,0,0,0,0,embedded_partner,motor
2716,1,0,0,0,0,aggregator,motor
2717,1,1,0,0,0,social_media,health
2718,1,0,0,0,0,referral,term
2719,1,0,0,0,0,aggregator,motor
2720,1,1,0,0,0,social_media,motor
2721,1,1,1,0,0,social_media,motor
2722,1,0,0,0,0,embedded_partner,motor
2723,1,0,0,0,0,paid_search,motor
2724,1,1,0,0,0,paid_search,travel
2725,1,1,1,0,0,aggregator,motor
2726,1,1,1,0,0,organic_search,motor
2727,1,1,0,0,0,organic_search,travel
2728,1,0,0,0,0,aggregator,term
2729,1,1,0,0,0,paid_search,health
2730,1,1,0,0,0,embedded_partner,health
2731,1,1,0,0,0,aggregator,travel
2732,1,0,0,0,0,paid_search,motor
2733,1,1,1,1,1,social_media,motor
2734,1,1,0,0,0,paid_search,travel
2735,1,0,0,0,0,paid_search,term
2736,1,0,0,0,0,paid_search,travel
2737,1,1,1,0,0,aggregator,motor
2738,1,0,0,0,0,social_media,travel
2739,1,0,0,0,0,organic_search,motor
2740,1,1,1,0,0,social_media,term
2741,1,1,1,1,1,aggregator,travel
2742,1,0,0,0,0,embedded_partner,motor
2743,1,0,0,0,0,aggregator,motor
2744,1,0,0,0,0,organic_search,health
2745,1,0,0,0,0,paid_search,term
2746,1,0,0,0,0,organic_search,motor
2747,1,0,0,0,0,aggregator,travel
2748,1,0,0,0,0,aggregator,motor
2749,1,0,0,0,0,social_media,health
2750,1,0,0,0,0,aggregator,motor
2751,1,1,0,0,0,aggregator,travel
2752,1,0,0,0,0,organic_search,motor
2753,1,0,0,0,0,embedded_partner,health
2754,1,0,0,0,0,aggregator,motor
2755,1,1,0,0,0,embedded_partner,travel
2756,1,1,0,0,0,organic_search,term
2757,1,1,0,0,0,embedded_partner,motor
2758,1,0,0,0,0,organic_search,motor
2759,1,0,0,0,0,organic_search,motor
2760,1,0,0,0,0,social_media,health
2761,1,1,0,0,0,organic_search,term
2762,1,1,1,0,0,embedded_partner,health
2763,1,0,0,0,0,aggregator,health
2764,1,1,0,0,0,paid_search,term
2765,1,1,0,0,0,aggregator,health
2766,1,1,1,1,1,referral,motor
2767,1,0,0,0,0,paid_search,motor
2768,1,0,0,0,0,organic_search,motor
2769,1,0,0,0,0,embedded_partner,health
2770,1,0,0,0,0,referral,motor
2771,1,0,0,0,0,aggregator,health
2772,1,0,0,0,0,organic_search,motor
2773,1,0,0,0,0,embedded_partner,term
2774,1,1,1,0,0,aggregator,motor
2775,1,0,0,0,0,organic_search,health
2776,1,0,0,0,0,paid_search,motor
2777,1,0,0,0,0,social_media,motor
2778,1,0,0,0,0,social_media,motor
2779,1,0,0,0,0,paid_search,health
2780,1,0,0,0,0,aggregator,term
2781,1,1,0,0,0,aggregator,motor
2782,1,1,1,0,0,aggregator,term
2783,1,1,0,0,0,social_media,health
2784,1,0,0,0,0,paid_search,health
2785,1,0,0,0,0,aggregator,health
2786,1,1,0,0,0,organic_search,motor
2787,1,1,0,0,0,organic_search,term
2788,1,0,0,0,0,social_media,term
2789,1,1,0,0,0,referral,term
2790,1,0,0,0,0,paid_search,motor
2791,1,0,0,0,0,embedded_partner,term
2792,1,1,0,0,0,aggregator,motor
2793,1,1,1,1,1,organic_search,health
2794,1,1,0,0,0,referral,motor
2795,1,0,0,0,0,embedded_partner,motor
2796,1,0,0,0,0,social_media,health
2797,1,1,0,0,0,social_media,travel
2798,1,1,0,0,0,paid_search,motor
2799,1,1,0,0,0,organic_search,health
2800,1,0,0,0,0,organic_search,health
2801,1,1,1,1,1,referral,travel
2802,1,0,0,0,0,social_media,term
2803,1,0,0,0,0,aggregator,motor
2804,1,0,0,0,0,social_media,motor
2805,1,0,0,0,0,aggregator,health
2806,1,1,0,0,0,aggregator,motor
2807,1,0,0,0,0,paid_search,travel
2808,1,1,0,0,0,organic_search,travel
2809,1,0,0,0,0,aggregator,travel
2810,1,0,0,0,0,aggregator,motor
2811,1,0,0,0,0,aggregator,term
2812,1,0,0,0,0,embedded_partner,term
2813,1,0,0,0,0,organic_search,motor
2814,1,0,0,0,0,aggregator,motor
2815,1,1,0,0,0,aggregator,motor
2816,1,0,0,0,0,social_media,motor
2817,1,0,0,0,0,paid_search,travel
2818,1,0,0,0,0,social_media,term
2819,1,1,0,0,0,paid_search,motor
2820,1,0,0,0,0,embedded_partner,health
2821,1,0,0,0,0,paid_search,motor
2822,1,0,0,0,0,organic_search,motor
2823,1,0,0,0,0,aggregator,motor
2824,1,1,0,0,0,referral,health
2825,1,1,0,0,0,referral,term
2826,1,0,0,0,0,organic_search,term
2827,1,0,0,0,0,paid_search,travel
2828,1,0,0,0,0,aggregator,motor
2829,1,0,0,0,0,embedded_partner,term
2830,1,0,0,0,0,organic_search,motor
2831,1,1,0,0,0,aggregator,motor
2832,1,0,0,0,0,paid_search,health
2833,1,1,0,0,0,paid_search,motor
2834,1,1,0,0,0,embedded_partner,motor
2835,1,1,0,0,0,organic_search,motor
2836,1,0,0,0,0,social_media,motor
2837,1,0,0,0,0,social_media,travel
2838,1,1,0,0,0,paid_search,motor
2839,1,0,0,0,0,paid_search,health
2840,1,0,0,0,0,aggregator,travel
2841,1,1,1,0,0,organic_search,health
2842,1,1,0,0,0,paid_search,health
2843,1,0,0,0,0,paid_search,travel
2844,1,1,1,0,0,aggregator,motor
2845,1,1,0,0,0,aggregator,motor
2846,1,1,0,0,0,social_media,health
2847,1,0,0,0,0,aggregator,health
2848,1,0,0,0,0,aggregator,term
2849,1,1,0,0,0,organic_search,motor
2850,1,0,0,0,0,paid_search,health
2851,1,1,0,0,0,paid_search,term
2852,1,0,0,0,0,paid_search,travel
2853,1,1,0,0,0,embedded_partner,motor
2854,1,0,0,0,0,paid_search,motor
2855,1,1,1,1,1,organic_search,travel
2856,1,1,0,0,0,referral,health
2857,1,0,0,0,0,organic_search,motor
2858,1,1,0,0,0,paid_search,motor
2859,1,0,0,0,0,organic_search,term
2860,1,0,0,0,0,paid_search,health
2861,1,0,0,0,0,paid_search,health
2862,1,1,1,1,1,social_media,travel
2863,1,0,0,0,0,paid_search,motor
2864,1,1,0,0,0,aggregator,motor
2865,1,0,0,0,0,paid_search,health
2866,1,0,0,0,0,aggregator,travel
2867,1,0,0,0,0,paid_search,motor
2868,1,0,0,0,0,social_media,term
2869,1,0,0,0,0,referral,motor
2870,1,0,0,0,0,aggregator,motor
2871,1,0,0,0,0,social_media,travel
2872,1,1,1,0,0,paid_search,motor
2873,1,0,0,0,0,aggregator,motor
2874,1,1,1,0,0,aggregator,term
2875,1,1,0,0,0,aggregator,motor
2876,1,1,1,0,0,aggregator,motor
2877,1,1,0,0,0,paid_search,term
2878,1,0,0,0,0,paid_search,motor
2879,1,0,0,0,0,social_media,term
2880,1,0,0,0,0,aggregator,motor
2881,1,0,0,0,0,aggregator,motor
2882,1,1,0,0,0,aggregator,term
2883,1,0,0,0,0,social_media,motor
2884,1,1,0,0,0,paid_search,travel
2885,1,0,0,0,0,social_media,travel
2886,1,1,1,0,0,aggregator,term
2887,1,0,0,0,0,aggregator,motor
2888,1,1,1,0,0,referral,motor
2889,1,0,0,0,0,aggregator,travel
2890,1,0,0,0,0,aggregator,health
2891,1,0,0,0,0,aggregator,term
2892,1,1,1,1,1,referral,term
2893,1,0,0,0,0,social_media,motor
2894,1,0,0,0,0,social_media,motor
2895,1,1,0,0,0,referral,health
2896,1,1,0,0,0,aggregator,health
2897,1,1,0,0,0,referral,motor
2898,1,1,0,0,0,aggregator,health
2899,1,0,0,0,0,social_media,term
2900,1,0,0,0,0,paid_search,motor
2901,1,0,0,0,0,paid_search,motor
2902,1,0,0,0,0,referral,term
2903,1,1,0,0,0,aggregator,term
2904,1,0,0,0,0,referral,travel
2905,1,0,0,0,0,paid_search,motor
2906,1,0,0,0,0,social_media,travel
2907,1,0,0,0,0,referral,term
2908,1,1,1,1,1,aggregator,term
2909,1,1,1,0,0,embedded_partner,motor
2910,1,1,0,0,0,social_media,motor
2911,1,1,0,0,0,organic_search,health
2912,1,1,0,0,0,aggregator,motor
2913,1,0,0,0,0,social_media,motor
2914,1,0,0,0,0,organic_search,travel
2915,1,0,0,0,0,paid_search,motor
2916,1,1,1,1,1,aggregator,travel
2917,1,1,0,0,0,aggregator,health
2918,1,0,0,0,0,embedded_partner,term
2919,1,0,0,0,0,aggregator,motor
2920,1,1,0,0,0,organic_search,health
2921,1,1,0,0,0,referral,health
2922,1,0,0,0,0,aggregator,travel
2923,1,1,0,0,0,aggregator,motor
2924,1,0,0,0,0,organic_search,motor
2925,1,0,0,0,0,aggregator,travel
2926,1,1,1,1,1,social_media,motor
2927,1,1,0,0,0,organic_search,health
2928,1,0,0,0,0,social_media,motor
2929,1,1,0,0,0,paid_search,motor
2930,1,1,0,0,0,organic_search,health
2931,1,1,0,0,0,social_media,health
2932,1,0,0,0,0,aggregator,health
2933,1,1,0,0,0,social_media,health
2934,1,1,0,0,0,embedded_partner,term
2935,1,1,0,0,0,organic_search,travel
2936,1,0,0,0,0,social_media,motor
2937,1,0,0,0,0,paid_search,motor
2938,1,0,0,0,0,aggregator,motor
2939,1,0,0,0,0,aggregator,term
2940,1,0,0,0,0,aggregator,motor
2941,1,0,0,0,0,referral,term
2942,1,0,0,0,0,aggregator,health
2943,1,0,0,0,0,embedded_partner,health
2944,1,1,0,0,0,aggregator,term
2945,1,1,0,0,0,paid_search,health
2946,1,0,0,0,0,paid_search,health
2947,1,0,0,0,0,paid_search,motor
2948,1,1,1,0,0,organic_search,health
2949,1,1,1,0,0,referral,motor
2950,1,0,0,0,0,embedded_partner,term
2951,1,1,0,0,0,aggregator,motor
2952,1,1,0,0,0,organic_search,motor
2953,1,0,0,0,0,aggregator,motor
2954,1,1,0,0,0,embedded_partner,health
2955,1,1,0,0,0,social_media,travel
2956,1,1,0,0,0,paid_search,motor
2957,1,0,0,0,0,aggregator,motor
2958,1,1,0,0,0,aggregator,health
2959,1,1,0,0,0,aggregator,travel
2960,1,0,0,0,0,embedded_partner,term
2961,1,1,1,1,1,organic_search,motor
2962,1,0,0,0,0,referral,health
2963,1,1,1,0,0,aggregator,term
2964,1,1,0,0,0,social_media,term
2965,1,0,0,0,0,paid_search,health
2966,1,1,0,0,0,social_media,term
2967,1,1,0,0,0,paid_search,health
2968,1,0,0,0,0,paid_search,motor
2969,1,1,0,0,0,social_media,motor
2970,1,0,0,0,0,aggregator,motor
2971,1,0,0,0,0,paid_search,motor
2972,1,1,0,0,0,organic_search,motor
2973,1,1,1,1,0,aggregator,term
2974,1,1,1,0,0,referral,term
2975,1,0,0,0,0,social_media,motor
2976,1,1,0,0,0,embedded_partner,motor
2977,1,1,0,0,0,organic_search,term
2978,1,1,0,0,0,organic_search,health
2979,1,0,0,0,0,organic_search,motor
2980,1,1,1,1,1,embedded_partner,term
2981,1,0,0,0,0,social_media,motor
2982,1,0,0,0,0,paid_search,motor
2983,1,0,0,0,0,aggregator,term
2984,1,0,0,0,0,social_media,health
2985,1,0,0,0,0,aggregator,motor
2986,1,0,0,0,0,aggregator,term
2987,1,1,0,0,0,aggregator,travel
2988,1,1,1,1,1,social_media,motor
2989,1,0,0,0,0,aggregator,health
2990,1,0,0,0,0,social_media,motor
2991,1,1,0,0,0,organic_search,health
2992,1,0,0,0,0,embedded_partner,health
2993,1,1,0,0,0,paid_search,motor
2994,1,1,0,0,0,social_media,motor
2995,1,1,0,0,0,social_media,term
2996,1,1,0,0,0,social_media,motor
2997,1,1,0,0,0,organic_search,travel
2998,1,1,0,0,0,aggregator,motor
2999,1,0,0,0,0,referral,term
3000,1,0,0,0,0,aggregator,health
3001,1,1,0,0,0,embedded_partner,motor
3002,1,1,0,0,0,social_media,term
3003,1,0,0,0,0,aggregator,term
3004,1,1,1,1,0,organic_search,health
3005,1,1,1,0,0,aggregator,health
3006,1,1,1,0,0,organic_search,health
3007,1,1,0,0,0,social_media,health
3008,1,0,0,0,0,aggregator,health
3009,1,1,0,0,0,aggregator,term
3010,1,1,0,0,0,organic_search,motor
3011,1,0,0,0,0,paid_search,health
3012,1,0,0,0,0,embedded_partner,health
3013,1,1,0,0,0,organic_search,travel
3014,1,1,0,0,0,organic_search,motor
3015,1,1,0,0,0,paid_search,motor
3016,1,1,1,1,0,organic_search,motor
3017,1,0,0,0,0,referral,term
3018,1,0,0,0,0,aggregator,health
3019,1,0,0,0,0,paid_search,motor
3020,1,0,0,0,0,aggregator,motor
3021,1,1,0,0,0,paid_search,travel
3022,1,1,0,0,0,organic_search,health
3023,1,0,0,0,0,social_media,health
3024,1,0,0,0,0,social_media,motor
3025,1,0,0,0,0,paid_search,motor
3026,1,1,1,1,1,aggregator,motor
3027,1,1,0,0,0,paid_search,motor
3028,1,0,0,0,0,embedded_partner,health
3029,1,0,0,0,0,social_media,motor
3030,1,0,0,0,0,paid_search,motor
3031,1,0,0,0,0,organic_search,motor
3032,1,1,0,0,0,aggregator,motor
3033,1,0,0,0,0,paid_search,motor
3034,1,1,0,0,0,aggregator,motor
3035,1,0,0,0,0,referral,motor
3036,1,0,0,0,0,organic_search,term
3037,1,0,0,0,0,social_media,travel
3038,1,0,0,0,0,aggregator,health
3039,1,1,0,0,0,aggregator,motor
3040,1,0,0,0,0,social_media,travel
3041,1,1,1,1,1,paid_search,travel
3042,1,0,0,0,0,embedded_partner,health
3043,1,0,0,0,0,organic_search,motor
3044,1,1,0,0,0,paid_search,term
3045,1,1,0,0,0,organic_search,travel
3046,1,1,0,0,0,referral,term
3047,1,1,1,1,0,paid_search,health
3048,1,1,0,0,0,social_media,health
3049,1,1,0,0,0,embedded_partner,travel
3050,1,1,1,0,0,aggregator,motor
3051,1,1,0,0,0,embedded_partner,motor
3052,1,0,0,0,0,aggregator,term
3053,1,0,0,0,0,social_media,motor
3054,1,0,0,0,0,organic_search,motor
3055,1,0,0,0,0,social_media,motor
3056,1,1,0,0,0,social_media,motor
3057,1,1,1,1,1,social_media,motor
3058,1,1,0,0,0,aggregator,health
3059,1,0,0,0,0,aggregator,health
3060,1,1,0,0,0,paid_search,health
3061,1,1,1,0,0,social_media,motor
3062,1,0,0,0,0,paid_search,travel
3063,1,1,0,0,0,aggregator,health
3064,1,0,0,0,0,embedded_partner,travel
3065,1,0,0,0,0,paid_search,motor
3066,1,0,0,0,0,paid_search,motor
3067,1,0,0,0,0,paid_search,term
3068,1,0,0,0,0,aggregator,term
3069,1,1,0,0,0,organic_search,motor
3070,1,0,0,0,0,paid_search,health
3071,1,1,1,1,1,aggregator,term
3072,1,1,0,0,0,referral,motor
3073,1,0,0,0,0,embedded_partner,health
3074,1,1,1,0,0,organic_search,motor
3075,1,1,0,0,0,embedded_partner,motor
3076,1,0,0,0,0,embedded_partner,travel
3077,1,0,0,0,0,paid_search,health
3078,1,1,0,0,0,social_media,term
3079,1,0,0,0,0,social_media,term
3080,1,1,1,0,0,paid_search,travel
3081,1,0,0,0,0,aggregator,health
3082,1,0,0,0,0,aggregator,health
3083,1,0,0,0,0,organic_search,motor
3084,1,0,0,0,0,organic_search,health
3085,1,1,0,0,0,organic_search,health
3086,1,0,0,0,0,paid_search,term
3087,1,1,0,0,0,aggregator,motor
3088,1,1,0,0,0,paid_search,motor
3089,1,0,0,0,0,social_media,travel
3090,1,1,0,0,0,embedded_partner,term
3091,1,0,0,0,0,embedded_partner,motor
3092,1,1,0,0,0,embedded_partner,term
3093,1,0,0,0,0,embedded_partner,health
3094,1,1,0,0,0,referral,term
3095,1,0,0,0,0,paid_search,motor
3096,1,0,0,0,0,aggregator,health
3097,1,0,0,0,0,aggregator,motor
3098,1,0,0,0,0,paid_search,motor
3099,1,0,0,0,0,paid_search,term
3100,1,0,0,0,0,aggregator,motor
3101,1,1,1,0,0,referral,motor
3102,1,0,0,0,0,aggregator,motor
3103,1,1,1,1,1,referral,health
3104,1,1,0,0,0,organic_search,term
3105,1,1,0,0,0,social_media,motor
3106,1,0,0,0,0,organic_search,term
3107,1,0,0,0,0,paid_search,travel
3108,1,0,0,0,0,social_media,motor
3109,1,0,0,0,0,aggregator,term
3110,1,1,0,0,0,referral,motor
3111,1,1,0,0,0,paid_search,health
3112,1,0,0,0,0,paid_search,motor
3113,1,0,0,0,0,organic_search,motor
3114,1,1,1,0,0,organic_search,motor
3115,1,1,1,0,0,paid_search,motor
3116,1,0,0,0,0,social_media,term
3117,1,1,1,0,0,aggregator,health
3118,1,0,0,0,0,organic_search,travel
3119,1,0,0,0,0,paid_search,health
3120,1,0,0,0,0,paid_search,health
3121,1,1,0,0,0,aggregator,motor
3122,1,0,0,0,0,paid_search,health
3123,1,0,0,0,0,paid_search,motor
3124,1,0,0,0,0,paid_search,travel
3125,1,1,1,0,0,aggregator,travel
3126,1,1,0,0,0,aggregator,motor
3127,1,0,0,0,0,social_media,health
3128,1,1,0,0,0,aggregator,health
3129,1,1,0,0,0,organic_search,health
3130,1,1,1,1,1,referral,motor
3131,1,0,0,0,0,paid_search,term
3132,1,1,1,0,0,embedded_partner,term
3133,1,1,0,0,0,aggregator,motor
3134,1,0,0,0,0,aggregator,health
3135,1,0,0,0,0,organic_search,motor
3136,1,1,0,0,0,organic_search,travel
3137,1,0,0,0,0,embedded_partner,motor
3138,1,1,1,0,0,aggregator,motor
3139,1,1,0,0,0,organic_search,motor
3140,1,1,1,0,0,paid_search,term
3141,1,0,0,0,0,paid_search,term
3142,1,1,1,0,0,aggregator,motor
3143,1,1,0,0,0,referral,motor
3144,1,1,0,0,0,aggregator,term
3145,1,1,1,1,1,embedded_partner,health
3146,1,0,0,0,0,social_media,motor
3147,1,1,0,0,0,organic_search,travel
3148,1,1,1,0,0,organic_search,motor
3149,1,0,0,0,0,embedded_partner,health
3150,1,1,1,0,0,aggregator,motor
3151,1,0,0,0,0,aggregator,term
3152,1,0,0,0,0,social_media,term
3153,1,0,0,0,0,paid_search,motor
3154,1,1,0,0,0,aggregator,term
3155,1,1,1,0,0,aggregator,travel
3156,1,1,0,0,0,paid_search,term
3157,1,1,0,0,0,aggregator,health
3158,1,0,0,0,0,aggregator,health
3159,1,0,0,0,0,embedded_partner,travel
3160,1,0,0,0,0,paid_search,motor
3161,1,1,0,0,0,referral,motor
3162,1,1,0,0,0,referral,motor
3163,1,1,1,1,1,aggregator,term
3164,1,0,0,0,0,organic_search,motor
3165,1,0,0,0,0,social_media,motor
3166,1,1,0,0,0,organic_search,health
3167,1,0,0,0,0,aggregator,motor
3168,1,1,0,0,0,aggregator,motor
3169,1,0,0,0,0,aggregator,health
3170,1,1,0,0,0,social_media,motor
3171,1,1,0,0,0,referral,travel
3172,1,1,1,1,1,organic_search,motor
3173,1,0,0,0,0,organic_search,term
3174,1,0,0,0,0,referral,health
3175,1,0,0,0,0,organic_search,motor
3176,1,1,1,0,0,aggregator,motor
3177,1,0,0,0,0,embedded_partner,health
3178,1,0,0,0,0,paid_search,motor
3179,1,1,0,0,0,aggregator,motor
3180,1,0,0,0,0,social_media,travel
3181,1,1,0,0,0,referral,health
3182,1,0,0,0,0,paid_search,travel
3183,1,0,0,0,0,social_media,motor
3184,1,0,0,0,0,aggregator,motor
3185,1,0,0,0,0,aggregator,health
3186,1,0,0,0,0,aggregator,motor
3187,1,1,0,0,0,organic_search,motor
3188,1,0,0,0,0,embedded_partner,motor
3189,1,0,0,0,0,aggregator,motor
3190,1,0,0,0,0,paid_search,term
3191,1,1,1,0,0,aggregator,motor
3192,1,0,0,0,0,aggregator,travel
3193,1,1,0,0,0,social_media,motor
3194,1,1,0,0,0,organic_search,motor
3195,1,1,0,0,0,social_media,motor
3196,1,1,0,0,0,paid_search,health
3197,1,1,1,0,0,social_media,travel
3198,1,0,0,0,0,aggregator,term
3199,1,0,0,0,0,aggregator,motor
3200,1,0,0,0,0,referral,health
3201,1,1,0,0,0,organic_search,term
3202,1,1,0,0,0,embedded_partner,motor
3203,1,0,0,0,0,embedded_partner,health
3204,1,0,0,0,0,social_media,motor
3205,1,1,1,1,1,embedded_partner,health
3206,1,0,0,0,0,paid_search,health
3207,1,1,0,0,0,aggregator,motor
3208,1,0,0,0,0,aggregator,travel
3209,1,1,0,0,0,aggregator,health
3210,1,0,0,0,0,aggregator,travel
3211,1,0,0,0,0,paid_search,term
3212,1,1,1,1,0,organic_search,motor
3213,1,0,0,0,0,organic_search,health
3214,1,1,0,0,0,social_media,motor
3215,1,0,0,0,0,aggregator,term
3216,1,1,1,1,1,organic_search,motor
3217,1,0,0,0,0,paid_search,travel
3218,1,0,0,0,0,aggregator,health
3219,1,0,0,0,0,paid_search,health
3220,1,1,0,0,0,paid_search,health
3221,1,1,1,1,0,paid_search,health
3222,1,0,0,0,0,embedded_partner,term
3223,1,0,0,0,0,organic_search,term
3224,1,0,0,0,0,organic_search,motor
3225,1,1,0,0,0,aggregator,health
3226,1,0,0,0,0,embedded_partner,motor
3227,1,0,0,0,0,organic_search,health
3228,1,0,0,0,0,aggregator,health
3229,1,1,0,0,0,social_media,motor
3230,1,0,0,0,0,social_media,term
3231,1,1,1,1,1,paid_search,health
3232,1,0,0,0,0,aggregator,health
3233,1,1,1,0,0,social_media,term
3234,1,0,0,0,0,aggregator,term
3235,1,1,1,0,0,aggregator,term
3236,1,0,0,0,0,aggregator,motor
3237,1,1,0,0,0,referral,motor
3238,1,0,0,0,0,paid_search,term
3239,1,1,0,0,0,paid_search,motor
3240,1,0,0,0,0,paid_search,motor
3241,1,0,0,0,0,embedded_partner,motor
3242,1,0,0,0,0,social_media,motor
3243,1,1,0,0,0,embedded_partner,travel
3244,1,0,0,0,0,paid_search,motor
3245,1,1,0,0,0,aggregator,motor
3246,1,0,0,0,0,social_media,travel
3247,1,0,0,0,0,paid_search,travel
3248,1,0,0,0,0,embedded_partner,motor
3249,1,1,0,0,0,embedded_partner,travel
3250,1,1,0,0,0,social_media,motor
3251,1,0,0,0,0,referral,term
3252,1,0,0,0,0,social_media,motor
3253,1,1,0,0,0,paid_search,health
3254,1,0,0,0,0,social_media,motor
3255,1,0,0,0,0,aggregator,term
3256,1,0,0,0,0,embedded_partner,motor
3257,1,0,0,0,0,aggregator,health
3258,1,1,1,1,1,paid_search,term
3259,1,0,0,0,0,social_media,motor
3260,1,1,1,1,1,aggregator,travel
3261,1,0,0,0,0,aggregator,motor
3262,1,1,0,0,0,organic_search,motor
3263,1,0,0,0,0,aggregator,motor
3264,1,0,0,0,0,social_media,motor
3265,1,0,0,0,0,paid_search,motor
3266,1,0,0,0,0,aggregator,health
3267,1,0,0,0,0,aggregator,health
3268,1,1,0,0,0,organic_search,health
3269,1,1,1,0,0,referral,health
3270,1,0,0,0,0,aggregator,term
3271,1,0,0,0,0,referral,motor
3272,1,0,0,0,0,social_media,health
3273,1,0,0,0,0,social_media,travel
3274,1,1,0,0,0,organic_search,motor
3275,1,1,1,1,1,organic_search,health
3276,1,0,0,0,0,embedded_partner,travel
3277,1,0,0,0,0,social_media,health
3278,1,1,0,0,0,social_media,travel
3279,1,0,0,0,0,paid_search,motor
3280,1,0,0,0,0,aggregator,health
3281,1,1,0,0,0,organic_search,motor
3282,1,0,0,0,0,aggregator,motor
3283,1,0,0,0,0,paid_search,travel
3284,1,1,1,1,1,aggregator,motor
3285,1,0,0,0,0,aggregator,travel
3286,1,0,0,0,0,social_media,term
3287,1,0,0,0,0,social_media,travel
3288,1,1,1,0,0,paid_search,travel
3289,1,0,0,0,0,aggregator,health
3290,1,0,0,0,0,paid_search,travel
3291,1,0,0,0,0,paid_search,term
3292,1,0,0,0,0,organic_search,health
3293,1,0,0,0,0,social_media,term
3294,1,0,0,0,0,social_media,motor
3295,1,0,0,0,0,social_media,motor
3296,1,1,0,0,0,referral,motor
3297,1,1,1,1,0,organic_search,health
3298,1,1,0,0,0,social_media,motor
3299,1,0,0,0,0,social_media,health
3300,1,0,0,0,0,aggregator,term
3301,1,1,0,0,0,referral,term
3302,1,0,0,0,0,paid_search,travel
3303,1,1,0,0,0,paid_search,travel
3304,1,1,0,0,0,referral,travel
3305,1,0,0,0,0,organic_search,health
3306,1,0,0,0,0,aggregator,motor
3307,1,0,0,0,0,aggregator,travel
3308,1,0,0,0,0,aggregator,motor
3309,1,0,0,0,0,social_media,motor
3310,1,0,0,0,0,aggregator,motor
3311,1,1,0,0,0,referral,health
3312,1,0,0,0,0,referral,term
3313,1,0,0,0,0,social_media,motor
3314,1,0,0,0,0,social_media,term
3315,1,1,1,1,1,paid_search,motor
3316,1,1,1,0,0,aggregator,motor
3317,1,1,0,0,0,organic_search,motor
3318,1,1,1,0,0,aggregator,motor
3319,1,1,0,0,0,aggregator,term
3320,1,0,0,0,0,paid_search,motor
3321,1,1,0,0,0,aggregator,motor
3322,1,0,0,0,0,paid_search,motor
3323,1,1,0,0,0,organic_search,term
3324,1,1,1,1,1,embedded_partner,travel
3325,1,0,0,0,0,social_media,term
3326,1,0,0,0,0,embedded_partner,health
3327,1,0,0,0,0,paid_search,travel
3328,1,1,0,0,0,embedded_partner,motor
3329,1,0,0,0,0,social_media,motor
3330,1,1,1,1,1,aggregator,health
3331,1,1,1,0,0,referral,motor
3332,1,0,0,0,0,paid_search,health
3333,1,1,0,0,0,aggregator,health
3334,1,0,0,0,0,aggregator,motor
3335,1,1,1,0,0,paid_search,health
3336,1,0,0,0,0,paid_search,motor
3337,1,0,0,0,0,social_media,motor
3338,1,0,0,0,0,embedded_partner,travel
3339,1,0,0,0,0,paid_search,term
3340,1,0,0,0,0,social_media,motor
3341,1,0,0,0,0,paid_search,motor
3342,1,0,0,0,0,embedded_partner,motor
3343,1,1,0,0,0,aggregator,motor
3344,1,0,0,0,0,aggregator,motor
3345,1,0,0,0,0,social_media,motor
3346,1,1,0,0,0,organic_search,term
3347,1,1,0,0,0,organic_search,term
3348,1,0,0,0,0,social_media,term
3349,1,0,0,0,0,organic_search,health
3350,1,0,0,0,0,paid_search,term
3351,1,0,0,0,0,aggregator,term
3352,1,0,0,0,0,aggregator,travel
3353,1,1,0,0,0,aggregator,term
3354,1,0,0,0,0,paid_search,term
3355,1,0,0,0,0,social_media,term
3356,1,0,0,0,0,paid_search,health
3357,1,0,0,0,0,social_media,motor
3358,1,0,0,0,0,social_media,motor
3359,1,0,0,0,0,organic_search,health
3360,1,0,0,0,0,organic_search,motor
3361,1,0,0,0,0,paid_search,motor
3362,1,0,0,0,0,paid_search,motor
3363,1,0,0,0,0,social_media,motor
3364,1,0,0,0,0,social_media,travel
3365,1,0,0,0,0,paid_search,motor
3366,1,0,0,0,0,paid_search,motor
3367,1,1,0,0,0,organic_search,health
3368,1,0,0,0,0,social_media,motor
3369,1,1,1,1,1,aggregator,term
3370,1,0,0,0,0,paid_search,health
3371,1,1,0,0,0,embedded_partner,motor
3372,1,1,1,1,1,aggregator,health
3373,1,0,0,0,0,embedded_partner,motor
3374,1,0,0,0,0,aggregator,term
3375,1,1,0,0,0,social_media,travel
3376,1,1,0,0,0,paid_search,travel
3377,1,1,1,0,0,aggregator,motor
3378,1,1,0,0,0,embedded_partner,term
3379,1,0,0,0,0,paid_search,term
3380,1,0,0,0,0,referral,travel
3381,1,0,0,0,0,paid_search,motor
3382,1,1,0,0,0,embedded_partner,health
3383,1,1,1,1,1,embedded_partner,motor
3384,1,1,0,0,0,social_media,motor
3385,1,0,0,0,0,aggregator,term
3386,1,1,0,0,0,organic_search,health
3387,1,0,0,0,0,social_media,motor
3388,1,1,0,0,0,referral,term
3389,1,1,0,0,0,paid_search,health
3390,1,1,0,0,0,paid_search,travel
3391,1,0,0,0,0,aggregator,term
3392,1,0,0,0,0,organic_search,travel
3393,1,1,0,0,0,referral,term
3394,1,0,0,0,0,aggregator,motor
3395,1,1,1,1,0,organic_search,motor
3396,1,1,0,0,0,embedded_partner,travel
3397,1,1,1,0,0,aggregator,motor
3398,1,1,1,1,1,aggregator,motor
3399,1,1,1,0,0,organic_search,health
3400,1,1,0,0,0,social_media,motor
3401,1,0,0,0,0,aggregator,motor
3402,1,0,0,0,0,embedded_partner,health
3403,1,0,0,0,0,social_media,motor
3404,1,0,0,0,0,embedded_partner,term
3405,1,1,1,1,1,embedded_partner,motor
3406,1,0,0,0,0,embedded_partner,health
3407,1,0,0,0,0,social_media,motor
3408,1,0,0,0,0,paid_search,health
3409,1,0,0,0,0,social_media,motor
3410,1,0,0,0,0,aggregator,motor
3411,1,1,0,0,0,organic_search,term
3412,1,0,0,0,0,aggregator,motor
3413,1,1,0,0,0,social_media,term
3414,1,0,0,0,0,aggregator,motor
3415,1,0,0,0,0,paid_search,motor
3416,1,1,0,0,0,aggregator,motor
3417,1,0,0,0,0,social_media,travel
3418,1,0,0,0,0,organic_search,motor
3419,1,1,1,1,0,aggregator,motor
3420,1,0,0,0,0,embedded_partner,health
3421,1,1,1,1,1,embedded_partner,motor
3422,1,0,0,0,0,paid_search,term
3423,1,0,0,0,0,organic_search,travel
3424,1,1,1,0,0,paid_search,health
3425,1,0,0,0,0,aggregator,health
3426,1,1,0,0,0,social_media,motor
3427,1,1,1,1,1,aggregator,travel
3428,1,1,0,0,0,embedded_partner,health
3429,1,0,0,0,0,embedded_partner,motor
3430,1,1,0,0,0,embedded_partner,travel
3431,1,0,0,0,0,social_media,travel
3432,1,1,0,0,0,social_media,health
3433,1,1,1,1,1,referral,motor
3434,1,1,0,0,0,aggregator,term
3435,1,1,0,0,0,aggregator,term
3436,1,1,0,0,0,social_media,health
3437,1,0,0,0,0,paid_search,motor
3438,1,1,0,0,0,paid_search,motor
3439,1,0,0,0,0,aggregator,motor
3440,1,0,0,0,0,social_media,motor
3441,1,0,0,0,0,paid_search,term
3442,1,1,1,1,1,aggregator,motor
3443,1,1,0,0,0,aggregator,motor
3444,1,0,0,0,0,paid_search,term
3445,1,0,0,0,0,embedded_partner,health
3446,1,1,0,0,0,paid_search,motor
3447,1,1,1,0,0,organic_search,travel
3448,1,1,1,0,0,organic_search,motor
3449,1,0,0,0,0,paid_search,travel
3450,1,1,0,0,0,embedded_partner,motor
3451,1,0,0,0,0,organic_search,health
3452,1,0,0,0,0,social_media,health
3453,1,0,0,0,0,aggregator,motor
3454,1,0,0,0,0,aggregator,health
3455,1,1,0,0,0,referral,motor
3456,1,1,0,0,0,organic_search,health
3457,1,0,0,0,0,referral,motor
3458,1,1,0,0,0,embedded_partner,term
3459,1,0,0,0,0,aggregator,health
3460,1,1,0,0,0,organic_search,health
3461,1,0,0,0,0,paid_search,motor
3462,1,1,0,0,0,organic_search,health
3463,1,1,1,0,0,aggregator,health
3464,1,0,0,0,0,paid_search,motor
3465,1,0,0,0,0,organic_search,term
3466,1,0,0,0,0,organic_search,motor
3467,1,0,0,0,0,social_media,motor
3468,1,1,0,0,0,paid_search,term
3469,1,0,0,0,0,paid_search,motor
3470,1,1,0,0,0,referral,motor
3471,1,0,0,0,0,paid_search,term
3472,1,0,0,0,0,paid_search,term
3473,1,0,0,0,0,social_media,motor
3474,1,0,0,0,0,paid_search,motor
3475,1,0,0,0,0,social_media,health
3476,1,0,0,0,0,paid_search,health
3477,1,0,0,0,0,embedded_partner,health
3478,1,0,0,0,0,embedded_partner,health
3479,1,0,0,0,0,referral,term
3480,1,0,0,0,0,social_media,travel
3481,1,1,0,0,0,paid_search,motor
3482,1,0,0,0,0,organic_search,motor
3483,1,1,1,0,0,embedded_partner,motor
3484,1,1,0,0,0,social_media,motor
3485,1,0,0,0,0,organic_search,motor
3486,1,1,0,0,0,organic_search,travel
3487,1,0,0,0,0,organic_search,motor
3488,1,1,0,0,0,organic_search,motor
3489,1,1,0,0,0,aggregator,health
3490,1,0,0,0,0,social_media,travel
3491,1,0,0,0,0,social_media,motor
3492,1,0,0,0,0,aggregator,term
3493,1,0,0,0,0,embedded_partner,term
3494,1,0,0,0,0,social_media,health
3495,1,0,0,0,0,aggregator,health
3496,1,1,0,0,0,embedded_partner,health
3497,1,1,0,0,0,organic_search,motor
3498,1,1,0,0,0,organic_search,health
3499,1,0,0,0,0,paid_search,motor
3500,1,0,0,0,0,embedded_partner,term
3501,1,0,0,0,0,paid_search,term
3502,1,0,0,0,0,social_media,motor
3503,1,0,0,0,0,aggregator,health
3504,1,0,0,0,0,social_media,motor
3505,1,0,0,0,0,organic_search,motor
3506,1,0,0,0,0,social_media,term
3507,1,1,0,0,0,social_media,motor
3508,1,0,0,0,0,embedded_partner,term
3509,1,0,0,0,0,organic_search,motor
3510,1,1,0,0,0,paid_search,term
3511,1,1,0,0,0,referral,motor
3512,1,1,0,0,0,organic_search,motor
3513,1,0,0,0,0,referral,term
3514,1,0,0,0,0,referral,health
3515,1,0,0,0,0,embedded_partner,motor
3516,1,1,0,0,0,organic_search,travel
3517,1,0,0,0,0,social_media,motor
3518,1,0,0,0,0,aggregator,motor
3519,1,0,0,0,0,social_media,health
3520,1,1,0,0,0,organic_search,health
3521,1,1,0,0,0,social_media,health
3522,1,1,0,0,0,embedded_partner,term
3523,1,0,0,0,0,aggregator,health
3524,1,0,0,0,0,paid_search,motor
3525,1,0,0,0,0,social_media,motor
3526,1,1,0,0,0,paid_search,motor
3527,1,1,0,0,0,aggregator,term
3528,1,0,0,0,0,aggregator,motor
3529,1,1,0,0,0,embedded_partner,health
3530,1,0,0,0,0,social_media,health
3531,1,0,0,0,0,aggregator,term
3532,1,0,0,0,0,aggregator,motor
3533,1,0,0,0,0,social_media,motor
3534,1,0,0,0,0,aggregator,travel
3535,1,1,0,0,0,organic_search,health
3536,1,0,0,0,0,organic_search,health
3537,1,1,1,0,0,aggregator,term
3538,1,0,0,0,0,social_media,travel
3539,1,0,0,0,0,aggregator,motor
3540,1,0,0,0,0,paid_search,travel
3541,1,0,0,0,0,embedded_partner,motor
3542,1,1,0,0,0,social_media,travel
3543,1,1,1,0,0,embedded_partner,motor
3544,1,1,1,1,0,aggregator,motor
3545,1,0,0,0,0,paid_search,motor
3546,1,1,0,0,0,social_media,term
3547,1,0,0,0,0,social_media,travel
3548,1,1,1,1,1,referral,motor
3549,1,1,0,0,0,aggregator,motor
3550,1,1,0,0,0,embedded_partner,motor
3551,1,0,0,0,0,embedded_partner,motor
3552,1,0,0,0,0,social_media,term
3553,1,0,0,0,0,paid_search,motor
3554,1,1,0,0,0,social_media,travel
3555,1,0,0,0,0,paid_search,travel
3556,1,0,0,0,0,organic_search,motor
3557,1,0,0,0,0,social_media,health
3558,1,1,0,0,0,embedded_partner,travel
3559,1,1,1,1,0,social_media,travel
3560,1,0,0,0,0,social_media,term
3561,1,1,0,0,0,organic_search,motor
3562,1,1,1,1,1,social_media,motor
3563,1,1,1,0,0,embedded_partner,term
3564,1,0,0,0,0,aggregator,motor
3565,1,0,0,0,0,referral,term
3566,1,1,0,0,0,embedded_partner,term
3567,1,1,1,0,0,embedded_partner,health
3568,1,0,0,0,0,social_media,motor
3569,1,0,0,0,0,embedded_partner,motor
3570,1,0,0,0,0,paid_search,travel
3571,1,1,0,0,0,organic_search,motor
3572,1,1,0,0,0,aggregator,motor
3573,1,0,0,0,0,paid_search,travel
3574,1,1,0,0,0,paid_search,term
3575,1,1,0,0,0,paid_search,health
3576,1,1,0,0,0,paid_search,term
3577,1,1,0,0,0,embedded_partner,health
3578,1,1,0,0,0,paid_search,travel
3579,1,0,0,0,0,organic_search,travel
3580,1,1,1,0,0,aggregator,motor
3581,1,0,0,0,0,organic_search,motor
3582,1,0,0,0,0,organic_search,motor
3583,1,1,0,0,0,paid_search,term
3584,1,0,0,0,0,organic_search,health
3585,1,0,0,0,0,embedded_partner,health
3586,1,1,1,0,0,embedded_partner,travel
3587,1,0,0,0,0,paid_search,health
3588,1,0,0,0,0,social_media,term
3589,1,0,0,0,0,organic_search,term
3590,1,1,0,0,0,paid_search,health
3591,1,0,0,0,0,embedded_partner,motor
3592,1,0,0,0,0,paid_search,term
3593,1,0,0,0,0,embedded_partner,health
3594,1,0,0,0,0,aggregator,motor
3595,1,1,0,0,0,aggregator,term
3596,1,0,0,0,0,referral,health
3597,1,1,0,0,0,embedded_partner,motor
3598,1,1,0,0,0,embedded_partner,term
3599,1,0,0,0,0,referral,motor
3600,1,0,0,0,0,paid_search,health
3601,1,0,0,0,0,paid_search,health
3602,1,0,0,0,0,aggregator,motor
3603,1,0,0,0,0,social_media,health
3604,1,1,0,0,0,aggregator,motor
3605,1,1,0,0,0,referral,motor
3606,1,0,0,0,0,aggregator,term
3607,1,1,1,0,0,aggregator,motor
3608,1,0,0,0,0,aggregator,travel
3609,1,0,0,0,0,aggregator,motor
3610,1,1,0,0,0,aggregator,motor
3611,1,0,0,0,0,organic_search,travel
3612,1,1,0,0,0,paid_search,health
3613,1,0,0,0,0,social_media,health
3614,1,1,0,0,0,embedded_partner,term
3615,1,0,0,0,0,social_media,travel
3616,1,1,1,1,1,organic_search,motor
3617,1,0,0,0,0,paid_search,motor
3618,1,0,0,0,0,aggregator,travel
3619,1,0,0,0,0,paid_search,motor
3620,1,0,0,0,0,referral,term
3621,1,1,0,0,0,social_media,health
3622,1,0,0,0,0,paid_search,health
3623,1,0,0,0,0,paid_search,term
3624,1,0,0,0,0,embedded_partner,travel
3625,1,1,0,0,0,organic_search,motor
3626,1,0,0,0,0,social_media,health
3627,1,0,0,0,0,embedded_partner,term
3628,1,0,0,0,0,organic_search,motor
3629,1,0,0,0,0,social_media,travel
3630,1,1,0,0,0,aggregator,health
3631,1,1,0,0,0,aggregator,motor
3632,1,0,0,0,0,referral,travel
3633,1,0,0,0,0,social_media,travel
3634,1,0,0,0,0,paid_search,motor
3635,1,1,0,0,0,social_media,term
3636,1,0,0,0,0,aggregator,motor
3637,1,0,0,0,0,embedded_partner,motor
3638,1,0,0,0,0,aggregator,motor
3639,1,1,0,0,0,embedded_partner,travel
3640,1,1,0,0,0,social_media,motor
3641,1,0,0,0,0,paid_search,motor
3642,1,1,0,0,0,aggregator,term
3643,1,0,0,0,0,embedded_partner,health
3644,1,0,0,0,0,aggregator,motor
3645,1,1,0,0,0,aggregator,motor
3646,1,0,0,0,0,organic_search,term
3647,1,0,0,0,0,paid_search,health
3648,1,0,0,0,0,paid_search,term
3649,1,0,0,0,0,aggregator,motor
3650,1,0,0,0,0,embedded_partner,health
3651,1,1,0,0,0,paid_search,term
3652,1,0,0,0,0,aggregator,motor
3653,1,0,0,0,0,paid_search,motor
3654,1,1,0,0,0,aggregator,motor
3655,1,1,0,0,0,paid_search,motor
3656,1,0,0,0,0,aggregator,motor
3657,1,0,0,0,0,aggregator,travel
3658,1,0,0,0,0,paid_search,health
3659,1,1,0,0,0,embedded_partner,health
3660,1,0,0,0,0,aggregator,motor
3661,1,1,0,0,0,aggregator,health
3662,1,0,0,0,0,embedded_partner,health
3663,1,1,0,0,0,embedded_partner,travel
3664,1,0,0,0,0,organic_search,health
3665,1,1,0,0,0,aggregator,term
3666,1,0,0,0,0,paid_search,motor
3667,1,0,0,0,0,aggregator,health
3668,1,0,0,0,0,aggregator,travel
3669,1,1,0,0,0,paid_search,health
3670,1,1,0,0,0,social_media,term
3671,1,0,0,0,0,paid_search,travel
3672,1,1,0,0,0,social_media,travel
3673,1,0,0,0,0,paid_search,motor
3674,1,0,0,0,0,paid_search,motor
3675,1,0,0,0,0,organic_search,health
3676,1,1,1,1,0,embedded_partner,travel
3677,1,0,0,0,0,paid_search,health
3678,1,0,0,0,0,social_media,motor
3679,1,0,0,0,0,paid_search,health
3680,1,0,0,0,0,aggregator,motor
3681,1,1,1,0,0,organic_search,motor
3682,1,1,0,0,0,aggregator,motor
3683,1,1,0,0,0,paid_search,motor
3684,1,0,0,0,0,social_media,term
3685,1,0,0,0,0,aggregator,motor
3686,1,0,0,0,0,aggregator,motor
3687,1,0,0,0,0,paid_search,health
3688,1,1,0,0,0,referral,motor
3689,1,1,1,0,0,social_media,motor
3690,1,1,1,0,0,paid_search,motor
3691,1,0,0,0,0,aggregator,motor
3692,1,0,0,0,0,social_media,term
3693,1,1,0,0,0,aggregator,motor
3694,1,0,0,0,0,social_media,motor
3695,1,0,0,0,0,organic_search,motor
3696,1,1,0,0,0,paid_search,motor
3697,1,0,0,0,0,paid_search,motor
3698,1,1,1,0,0,aggregator,motor
3699,1,1,0,0,0,aggregator,motor
3700,1,0,0,0,0,paid_search,motor
3701,1,1,1,1,0,embedded_partner,travel
3702,1,0,0,0,0,aggregator,motor
3703,1,0,0,0,0,social_media,motor
3704,1,1,0,0,0,organic_search,health
3705,1,0,0,0,0,aggregator,motor
3706,1,0,0,0,0,aggregator,term
3707,1,1,1,1,0,paid_search,motor
3708,1,0,0,0,0,organic_search,health
3709,1,1,0,0,0,paid_search,travel
3710,1,0,0,0,0,organic_search,motor
3711,1,0,0,0,0,embedded_partner,motor
3712,1,1,1,0,0,organic_search,health
3713,1,1,1,1,1,referral,travel
3714,1,1,0,0,0,organic_search,motor
3715,1,0,0,0,0,embedded_partner,health
3716,1,0,0,0,0,embedded_partner,motor
3717,1,0,0,0,0,organic_search,health
3718,1,0,0,0,0,embedded_partner,motor
3719,1,0,0,0,0,referral,health
3720,1,0,0,0,0,social_media,motor
3721,1,0,0,0,0,social_media,health
3722,1,0,0,0,0,social_media,motor
3723,1,1,0,0,0,embedded_partner,term
3724,1,0,0,0,0,paid_search,term
3725,1,0,0,0,0,embedded_partner,term
3726,1,1,0,0,0,organic_search,travel
3727,1,0,0,0,0,referral,health
3728,1,0,0,0,0,aggregator,term
3729,1,1,0,0,0,organic_search,motor
3730,1,1,1,0,0,organic_search,travel
3731,1,1,0,0,0,referral,health
3732,1,1,1,0,0,embedded_partner,health
3733,1,1,0,0,0,social_media,health
3734,1,0,0,0,0,social_media,term
3735,1,1,0,0,0,aggregator,term
3736,1,1,0,0,0,referral,term
3737,1,0,0,0,0,paid_search,health
3738,1,0,0,0,0,organic_search,motor
3739,1,1,0,0,0,organic_search,travel
3740,1,0,0,0,0,paid_search,health
3741,1,0,0,0,0,aggregator,health
3742,1,0,0,0,0,aggregator,health
3743,1,1,0,0,0,embedded_partner,health
3744,1,0,0,0,0,social_media,term
3745,1,1,0,0,0,aggregator,health
3746,1,1,1,1,1,organic_search,travel
3747,1,0,0,0,0,paid_search,travel
3748,1,0,0,0,0,embedded_partner,health
3749,1,1,0,0,0,paid_search,motor
3750,1,1,0,0,0,aggregator,health
3751,1,1,0,0,0,aggregator,health
3752,1,0,0,0,0,social_media,health
3753,1,0,0,0,0,paid_search,travel
3754,1,1,0,0,0,organic_search,motor
3755,1,1,0,0,0,paid_search,motor
3756,1,0,0,0,0,paid_search,travel
3757,1,1,0,0,0,paid_search,travel
3758,1,0,0,0,0,paid_search,health
3759,1,0,0,0,0,embedded_partner,motor
3760,1,0,0,0,0,aggregator,health
3761,1,1,1,0,0,referral,health
3762,1,0,0,0,0,paid_search,health
3763,1,0,0,0,0,aggregator,motor
3764,1,1,0,0,0,aggregator,motor
3765,1,0,0,0,0,aggregator,term
3766,1,1,0,0,0,organic_search,health
3767,1,1,0,0,0,social_media,term
3768,1,1,0,0,0,paid_search,motor
3769,1,1,0,0,0,organic_search,motor
3770,1,0,0,0,0,social_media,motor
3771,1,1,1,1,1,referral,travel
3772,1,1,0,0,0,referral,motor
3773,1,1,0,0,0,organic_search,health
3774,1,0,0,0,0,embedded_partner,health
3775,1,0,0,0,0,organic_search,travel
3776,1,1,0,0,0,social_media,motor
3777,1,0,0,0,0,organic_search,health
3778,1,1,0,0,0,aggregator,term
3779,1,1,0,0,0,organic_search,motor
3780,1,1,1,0,0,referral,health
3781,1,0,0,0,0,aggregator,motor
3782,1,1,0,0,0,embedded_partner,travel
3783,1,1,1,1,1,referral,term
3784,1,0,0,0,0,aggregator,motor
3785,1,1,0,0,0,social_media,term
3786,1,0,0,0,0,embedded_partner,term
3787,1,1,0,0,0,referral,health
3788,1,0,0,0,0,aggregator,motor
3789,1,0,0,0,0,paid_search,motor
3790,1,1,0,0,0,organic_search,health
3791,1,1,1,0,0,aggregator,health
3792,1,1,0,0,0,paid_search,travel
3793,1,1,0,0,0,aggregator,motor
3794,1,1,1,0,0,aggregator,health
3795,1,1,0,0,0,social_media,motor
3796,1,0,0,0,0,organic_search,health
3797,1,0,0,0,0,social_media,motor
3798,1,0,0,0,0,organic_search,motor
3799,1,1,0,0,0,paid_search,motor
3800,1,0,0,0,0,paid_search,health
3801,1,1,0,0,0,aggregator,motor
3802,1,0,0,0,0,aggregator,term
3803,1,0,0,0,0,paid_search,motor
3804,1,1,0,0,0,aggregator,health
3805,1,1,0,0,0,aggregator,health
3806,1,1,0,0,0,aggregator,motor
3807,1,1,1,1,1,organic_search,motor
3808,1,0,0,0,0,social_media,motor
3809,1,0,0,0,0,referral,health
3810,1,0,0,0,0,organic_search,travel
3811,1,0,0,0,0,social_media,motor
3812,1,1,0,0,0,aggregator,term
3813,1,1,0,0,0,social_media,term
3814,1,0,0,0,0,aggregator,term
3815,1,1,1,1,1,paid_search,health
3816,1,1,0,0,0,paid_search,travel
3817,1,1,1,0,0,paid_search,health
3818,1,0,0,0,0,paid_search,term
3819,1,1,1,1,1,organic_search,motor
3820,1,0,0,0,0,embedded_partner,term
3821,1,0,0,0,0,organic_search,travel
3822,1,0,0,0,0,social_media,travel
3823,1,0,0,0,0,social_media,motor
3824,1,1,1,1,1,aggregator,term
3825,1,1,0,0,0,organic_search,motor
3826,1,0,0,0,0,social_media,term
3827,1,0,0,0,0,paid_search,motor
3828,1,0,0,0,0,paid_search,term
3829,1,1,0,0,0,referral,health
3830,1,0,0,0,0,social_media,motor
3831,1,0,0,0,0,social_media,motor
3832,1,0,0,0,0,social_media,motor
3833,1,0,0,0,0,paid_search,health
3834,1,0,0,0,0,social_media,term
3835,1,0,0,0,0,paid_search,term
3836,1,1,0,0,0,paid_search,term
3837,1,1,0,0,0,organic_search,term
3838,1,0,0,0,0,aggregator,motor
3839,1,1,1,0,0,organic_search,health
3840,1,1,0,0,0,paid_search,health
3841,1,1,0,0,0,organic_search,motor
3842,1,1,0,0,0,social_media,health
3843,1,0,0,0,0,organic_search,term
3844,1,0,0,0,0,social_media,health
3845,1,0,0,0,0,referral,term
3846,1,0,0,0,0,social_media,motor
3847,1,1,0,0,0,organic_search,term
3848,1,1,0,0,0,organic_search,motor
3849,1,1,0,0,0,aggregator,travel
3850,1,0,0,0,0,paid_search,motor
3851,1,0,0,0,0,paid_search,health
3852,1,1,0,0,0,paid_search,health
3853,1,1,0,0,0,paid_search,motor
3854,1,1,0,0,0,paid_search,motor
3855,1,0,0,0,0,social_media,motor
3856,1,0,0,0,0,aggregator,health
3857,1,0,0,0,0,embedded_partner,travel
3858,1,0,0,0,0,paid_search,motor
3859,1,1,0,0,0,organic_search,health
3860,1,0,0,0,0,aggregator,travel
3861,1,0,0,0,0,paid_search,health
3862,1,1,0,0,0,aggregator,term
3863,1,0,0,0,0,organic_search,health
3864,1,0,0,0,0,paid_search,health
3865,1,0,0,0,0,referral,motor
3866,1,0,0,0,0,paid_search,motor
3867,1,1,0,0,0,social_media,health
3868,1,1,0,0,0,paid_search,term
3869,1,1,0,0,0,social_media,motor
3870,1,1,1,0,0,paid_search,travel
3871,1,1,1,0,0,paid_search,motor
3872,1,0,0,0,0,aggregator,health
3873,1,1,0,0,0,aggregator,travel
3874,1,1,0,0,0,aggregator,travel
3875,1,1,0,0,0,referral,health
3876,1,0,0,0,0,paid_search,motor
3877,1,0,0,0,0,aggregator,motor
3878,1,0,0,0,0,referral,motor
3879,1,0,0,0,0,aggregator,term
3880,1,0,0,0,0,paid_search,motor
3881,1,1,1,0,0,organic_search,term
3882,1,1,1,1,1,embedded_partner,motor
3883,1,1,0,0,0,organic_search,health
3884,1,0,0,0,0,paid_search,motor
3885,1,1,0,0,0,referral,health
3886,1,1,0,0,0,aggregator,health
3887,1,1,0,0,0,referral,travel
3888,1,0,0,0,0,embedded_partner,travel
3889,1,1,0,0,0,embedded_partner,term
3890,1,0,0,0,0,paid_search,motor
3891,1,0,0,0,0,aggregator,travel
3892,1,0,0,0,0,organic_search,travel
3893,1,0,0,0,0,social_media,travel
3894,1,0,0,0,0,social_media,health
3895,1,1,0,0,0,embedded_partner,motor
3896,1,0,0,0,0,social_media,term
3897,1,1,0,0,0,paid_search,motor
3898,1,0,0,0,0,paid_search,motor
3899,1,0,0,0,0,aggregator,motor
3900,1,0,0,0,0,aggregator,health
3901,1,1,0,0,0,aggregator,motor
3902,1,1,0,0,0,embedded_partner,term
3903,1,1,0,0,0,organic_search,health
3904,1,0,0,0,0,social_media,health
3905,1,1,1,0,0,paid_search,motor
3906,1,1,0,0,0,organic_search,travel
3907,1,1,0,0,0,embedded_partner,health
3908,1,1,1,1,0,embedded_partner,health
3909,1,0,0,0,0,social_media,health
3910,1,0,0,0,0,embedded_partner,motor
3911,1,0,0,0,0,social_media,term
3912,1,1,1,0,0,social_media,motor
3913,1,1,1,0,0,embedded_partner,travel
3914,1,1,0,0,0,paid_search,motor
3915,1,0,0,0,0,paid_search,travel
3916,1,0,0,0,0,paid_search,health
3917,1,0,0,0,0,social_media,motor
3918,1,0,0,0,0,social_media,health
3919,1,1,1,1,1,organic_search,motor
3920,1,0,0,0,0,paid_search,travel
3921,1,0,0,0,0,aggregator,term
3922,1,0,0,0,0,embedded_partner,health
3923,1,1,1,1,0,paid_search,health
3924,1,1,0,0,0,embedded_partner,travel
3925,1,1,0,0,0,aggregator,term
3926,1,0,0,0,0,social_media,health
3927,1,1,0,0,0,social_media,motor
3928,1,0,0,0,0,embedded_partner,motor
3929,1,0,0,0,0,aggregator,term
3930,1,0,0,0,0,embedded_partner,health
3931,1,0,0,0,0,social_media,term
3932,1,0,0,0,0,social_media,health
3933,1,0,0,0,0,social_media,health
3934,1,0,0,0,0,aggregator,health
3935,1,0,0,0,0,social_media,term
3936,1,0,0,0,0,paid_search,health
3937,1,0,0,0,0,paid_search,travel
3938,1,0,0,0,0,social_media,motor
3939,1,0,0,0,0,social_media,term
3940,1,0,0,0,0,aggregator,travel
3941,1,0,0,0,0,aggregator,term
3942,1,1,0,0,0,aggregator,motor
3943,1,0,0,0,0,aggregator,term
3944,1,0,0,0,0,social_media,motor
3945,1,0,0,0,0,aggregator,motor
3946,1,1,1,1,1,embedded_partner,term
3947,1,1,1,0,0,aggregator,term
3948,1,1,0,0,0,aggregator,motor
3949,1,0,0,0,0,embedded_partner,travel
3950,1,1,0,0,0,paid_search,health
3951,1,0,0,0,0,paid_search,travel
3952,1,1,0,0,0,referral,term
3953,1,1,0,0,0,referral,travel
3954,1,0,0,0,0,organic_search,term
3955,1,1,0,0,0,aggregator,travel
3956,1,0,0,0,0,social_media,health
3957,1,1,1,1,1,referral,motor
3958,1,0,0,0,0,referral,motor
3959,1,0,0,0,0,aggregator,term
3960,1,0,0,0,0,paid_search,motor
3961,1,1,0,0,0,paid_search,travel
3962,1,0,0,0,0,aggregator,motor
3963,1,0,0,0,0,organic_search,travel
3964,1,0,0,0,0,paid_search,health
3965,1,0,0,0,0,paid_search,term
3966,1,1,0,0,0,aggregator,travel
3967,1,0,0,0,0,social_media,health
3968,1,0,0,0,0,aggregator,term
3969,1,0,0,0,0,paid_search,motor
3970,1,0,0,0,0,aggregator,term
3971,1,0,0,0,0,referral,term
3972,1,0,0,0,0,aggregator,motor
3973,1,0,0,0,0,social_media,motor
3974,1,0,0,0,0,aggregator,health
3975,1,0,0,0,0,aggregator,motor
3976,1,0,0,0,0,aggregator,term
3977,1,0,0,0,0,aggregator,motor
3978,1,0,0,0,0,aggregator,travel
3979,1,0,0,0,0,social_media,travel
3980,1,0,0,0,0,organic_search,travel
3981,1,0,0,0,0,aggregator,health
3982,1,0,0,0,0,paid_search,motor
3983,1,0,0,0,0,social_media,term
3984,1,0,0,0,0,aggregator,term
3985,1,0,0,0,0,paid_search,travel
3986,1,0,0,0,0,aggregator,motor
3987,1,0,0,0,0,aggregator,motor
3988,1,0,0,0,0,paid_search,travel
3989,1,0,0,0,0,referral,term
3990,1,1,0,0,0,referral,motor
3991,1,0,0,0,0,referral,term
3992,1,0,0,0,0,paid_search,motor
3993,1,1,0,0,0,aggregator,health
3994,1,0,0,0,0,paid_search,motor
3995,1,0,0,0,0,aggregator,motor
3996,1,1,0,0,0,aggregator,motor
3997,1,0,0,0,0,aggregator,motor
3998,1,1,0,0,0,paid_search,health
3999,1,1,1,0,0,paid_search,motor
4000,1,0,0,0,0,aggregator,health
4001,1,1,0,0,0,organic_search,health
4002,1,0,0,0,0,paid_search,term
4003,1,0,0,0,0,embedded_partner,term
4004,1,1,0,0,0,aggregator,motor
4005,1,0,0,0,0,social_media,motor
4006,1,0,0,0,0,aggregator,term
4007,1,0,0,0,0,social_media,travel
4008,1,1,0,0,0,aggregator,travel
4009,1,0,0,0,0,aggregator,travel
4010,1,0,0,0,0,social_media,health
4011,1,1,0,0,0,paid_search,travel
4012,1,0,0,0,0,aggregator,health
4013,1,1,1,0,0,embedded_partner,term
4014,1,0,0,0,0,aggregator,travel
4015,1,1,0,0,0,social_media,term
4016,1,1,0,0,0,social_media,health
4017,1,0,0,0,0,paid_search,motor
4018,1,0,0,0,0,paid_search,motor
4019,1,0,0,0,0,aggregator,motor
4020,1,1,0,0,0,organic_search,term
4021,1,1,1,0,0,aggregator,term
4022,1,1,0,0,0,aggregator,motor
4023,1,0,0,0,0,paid_search,term
4024,1,1,0,0,0,embedded_partner,motor
4025,1,1,0,0,0,organic_search,health
4026,1,1,0,0,0,referral,motor
4027,1,0,0,0,0,organic_search,health
4028,1,0,0,0,0,organic_search,term
4029,1,0,0,0,0,social_media,term
4030,1,0,0,0,0,embedded_partner,term
4031,1,1,0,0,0,social_media,motor
4032,1,1,0,0,0,paid_search,term
4033,1,1,0,0,0,social_media,motor
4034,1,0,0,0,0,social_media,health
4035,1,0,0,0,0,aggregator,health
4036,1,0,0,0,0,paid_search,term
4037,1,0,0,0,0,paid_search,travel
4038,1,0,0,0,0,embedded_partner,motor
4039,1,0,0,0,0,paid_search,term
4040,1,1,0,0,0,embedded_partner,motor
4041,1,0,0,0,0,paid_search,health
4042,1,1,1,1,1,organic_search,term
4043,1,0,0,0,0,aggregator,term
4044,1,1,1,1,1,embedded_partner,travel
4045,1,1,0,0,0,social_media,term
4046,1,0,0,0,0,paid_search,motor
4047,1,0,0,0,0,aggregator,travel
4048,1,0,0,0,0,paid_search,travel
4049,1,0,0,0,0,paid_search,health
4050,1,0,0,0,0,organic_search,motor
4051,1,1,0,0,0,referral,motor
4052,1,0,0,0,0,organic_search,term
4053,1,0,0,0,0,social_media,travel
4054,1,1,0,0,0,paid_search,term
4055,1,0,0,0,0,embedded_partner,motor
4056,1,0,0,0,0,embedded_partner,motor
4057,1,0,0,0,0,paid_search,health
4058,1,1,0,0,0,referral,motor
4059,1,0,0,0,0,paid_search,motor
4060,1,1,0,0,0,embedded_partner,motor
4061,1,1,0,0,0,referral,motor
4062,1,1,0,0,0,organic_search,motor
4063,1,1,0,0,0,aggregator,term
4064,1,0,0,0,0,social_media,motor
4065,1,0,0,0,0,aggregator,health
4066,1,0,0,0,0,organic_search,health
4067,1,0,0,0,0,paid_search,travel
4068,1,0,0,0,0,organic_search,term
4069,1,1,1,1,1,embedded_partner,health
4070,1,0,0,0,0,aggregator,term
4071,1,1,0,0,0,paid_search,term
4072,1,0,0,0,0,social_media,term
4073,1,1,0,0,0,paid_search,health
4074,1,0,0,0,0,aggregator,health
4075,1,1,0,0,0,aggregator,health
4076,1,0,0,0,0,paid_search,motor
4077,1,0,0,0,0,social_media,motor
4078,1,1,0,0,0,social_media,motor
4079,1,0,0,0,0,aggregator,health
4080,1,0,0,0,0,paid_search,health
4081,1,1,0,0,0,paid_search,health
4082,1,0,0,0,0,paid_search,motor
4083,1,1,0,0,0,organic_search,motor
4084,1,1,0,0,0,paid_search,motor
4085,1,0,0,0,0,social_media,term
4086,1,0,0,0,0,embedded_partner,motor
4087,1,0,0,0,0,social_media,motor
4088,1,0,0,0,0,social_media,motor
4089,1,1,0,0,0,aggregator,health
4090,1,0,0,0,0,aggregator,motor
4091,1,0,0,0,0,aggregator,health
4092,1,0,0,0,0,organic_search,health
4093,1,0,0,0,0,embedded_partner,travel
4094,1,0,0,0,0,aggregator,term
4095,1,1,1,1,1,aggregator,motor
4096,1,1,1,0,0,paid_search,motor
4097,1,0,0,0,0,social_media,term
4098,1,1,0,0,0,social_media,motor
4099,1,1,1,1,1,organic_search,travel
4100,1,0,0,0,0,embedded_partner,health
4101,1,0,0,0,0,paid_search,motor
4102,1,0,0,0,0,organic_search,motor
4103,1,0,0,0,0,social_media,travel
4104,1,0,0,0,0,paid_search,travel
4105,1,0,0,0,0,embedded_partner,travel
4106,1,0,0,0,0,aggregator,motor
4107,1,1,1,1,0,organic_search,term
4108,1,0,0,0,0,organic_search,motor
4109,1,1,1,0,0,embedded_partner,motor
4110,1,0,0,0,0,social_media,term
4111,1,1,0,0,0,paid_search,travel
4112,1,0,0,0,0,embedded_partner,health
4113,1,1,0,0,0,organic_search,health
4114,1,0,0,0,0,social_media,motor
4115,1,1,0,0,0,organic_search,health
4116,1,0,0,0,0,paid_search,motor
4117,1,0,0,0,0,social_media,travel
4118,1,0,0,0,0,embedded_partner,motor
4119,1,0,0,0,0,paid_search,term
4120,1,1,1,0,0,social_media,motor
4121,1,1,0,0,0,referral,health
4122,1,1,1,1,1,organic_search,motor
4123,1,1,1,1,1,embedded_partner,health
4124,1,0,0,0,0,paid_search,health
4125,1,0,0,0,0,referral,health
4126,1,0,0,0,0,aggregator,travel
4127,1,0,0,0,0,social_media,motor
4128,1,0,0,0,0,social_media,health
4129,1,0,0,0,0,organic_search,travel
4130,1,0,0,0,0,embedded_partner,motor
4131,1,0,0,0,0,organic_search,travel
4132,1,1,1,1,1,social_media,travel
4133,1,1,0,0,0,paid_search,term
4134,1,1,0,0,0,social_media,health
4135,1,0,0,0,0,social_media,term
4136,1,0,0,0,0,aggregator,health
4137,1,1,0,0,0,social_media,health
4138,1,0,0,0,0,embedded_partner,travel
4139,1,0,0,0,0,organic_search,motor
4140,1,0,0,0,0,organic_search,term
4141,1,0,0,0,0,paid_search,health
4142,1,0,0,0,0,social_media,motor
4143,1,0,0,0,0,aggregator,health
4144,1,1,0,0,0,paid_search,term
4145,1,0,0,0,0,social_media,health
4146,1,0,0,0,0,paid_search,term
4147,1,1,0,0,0,aggregator,motor
4148,1,0,0,0,0,organic_search,travel
4149,1,1,0,0,0,paid_search,health
4150,1,1,0,0,0,paid_search,term
4151,1,1,0,0,0,aggregator,motor
4152,1,0,0,0,0,social_media,health
4153,1,0,0,0,0,paid_search,travel
4154,1,0,0,0,0,social_media,motor
4155,1,0,0,0,0,social_media,health
4156,1,0,0,0,0,aggregator,term
4157,1,1,1,1,1,embedded_partner,term
4158,1,1,0,0,0,aggregator,travel
4159,1,1,0,0,0,paid_search,term
4160,1,1,0,0,0,aggregator,travel
4161,1,0,0,0,0,social_media,health
4162,1,0,0,0,0,paid_search,health
4163,1,0,0,0,0,embedded_partner,term
4164,1,0,0,0,0,paid_search,term
4165,1,0,0,0,0,social_media,motor
4166,1,1,1,0,0,aggregator,motor
4167,1,1,0,0,0,aggregator,health
4168,1,0,0,0,0,paid_search,term
4169,1,1,0,0,0,social_media,health
4170,1,0,0,0,0,paid_search,term
4171,1,1,0,0,0,referral,term
4172,1,0,0,0,0,organic_search,motor
4173,1,0,0,0,0,referral,health
4174,1,1,0,0,0,paid_search,health
4175,1,1,1,0,0,organic_search,motor
4176,1,0,0,0,0,social_media,health
4177,1,0,0,0,0,social_media,health
4178,1,0,0,0,0,referral,term
4179,1,1,0,0,0,organic_search,health
4180,1,1,0,0,0,embedded_partner,motor
4181,1,1,1,0,0,organic_search,health
4182,1,1,0,0,0,aggregator,term
4183,1,0,0,0,0,organic_search,health
4184,1,0,0,0,0,social_media,motor
4185,1,0,0,0,0,embedded_partner,travel
4186,1,0,0,0,0,embedded_partner,motor
4187,1,0,0,0,0,aggregator,motor
4188,1,1,0,0,0,aggregator,health
4189,1,0,0,0,0,aggregator,term
4190,1,0,0,0,0,social_media,term
4191,1,0,0,0,0,aggregator,motor
4192,1,1,0,0,0,organic_search,term
4193,1,1,0,0,0,social_media,term
4194,1,0,0,0,0,embedded_partner,travel
4195,1,0,0,0,0,paid_search,travel
4196,1,1,0,0,0,social_media,term
4197,1,1,0,0,0,aggregator,motor
4198,1,1,0,0,0,embedded_partner,motor
4199,1,0,0,0,0,aggregator,travel
4200,1,0,0,0,0,aggregator,health
4201,1,1,0,0,0,aggregator,health
4202,1,0,0,0,0,embedded_partner,travel
4203,1,1,0,0,0,aggregator,travel
4204,1,0,0,0,0,social_media,term
4205,1,0,0,0,0,organic_search,travel
4206,1,0,0,0,0,organic_search,motor
4207,1,0,0,0,0,aggregator,term
4208,1,0,0,0,0,aggregator,travel
4209,1,1,0,0,0,paid_search,motor
4210,1,0,0,0,0,aggregator,motor
4211,1,1,0,0,0,organic_search,term
4212,1,0,0,0,0,paid_search,health
4213,1,1,0,0,0,paid_search,motor
4214,1,0,0,0,0,aggregator,motor
4215,1,1,1,0,0,social_media,motor
4216,1,0,0,0,0,aggregator,motor
4217,1,0,0,0,0,organic_search,travel
4218,1,1,1,0,0,aggregator,term
4219,1,1,0,0,0,referral,term
4220,1,0,0,0,0,organic_search,motor
4221,1,1,0,0,0,aggregator,health
4222,1,0,0,0,0,aggregator,motor
4223,1,0,0,0,0,paid_search,travel
4224,1,0,0,0,0,aggregator,travel
4225,1,1,0,0,0,aggregator,health
4226,1,0,0,0,0,embedded_partner,travel
4227,1,0,0,0,0,social_media,motor
4228,1,1,0,0,0,aggregator,motor
4229,1,0,0,0,0,social_media,term
4230,1,1,0,0,0,paid_search,motor
4231,1,1,0,0,0,referral,travel
4232,1,1,0,0,0,aggregator,motor
4233,1,1,1,1,1,organic_search,term
4234,1,1,0,0,0,organic_search,motor
4235,1,0,0,0,0,aggregator,motor
4236,1,0,0,0,0,aggregator,health
4237,1,0,0,0,0,paid_search,travel
4238,1,1,0,0,0,embedded_partner,health
4239,1,1,0,0,0,social_media,health
4240,1,0,0,0,0,organic_search,motor
4241,1,0,0,0,0,organic_search,motor
4242,1,0,0,0,0,embedded_partner,motor
4243,1,0,0,0,0,social_media,term
4244,1,1,0,0,0,social_media,motor
4245,1,1,1,1,0,organic_search,motor
4246,1,0,0,0,0,paid_search,health
4247,1,1,1,0,0,embedded_partner,health
4248,1,1,1,0,0,aggregator,health
4249,1,0,0,0,0,aggregator,motor
4250,1,1,0,0,0,embedded_partner,health
4251,1,0,0,0,0,paid_search,term
4252,1,0,0,0,0,aggregator,motor
4253,1,1,1,0,0,aggregator,term
4254,1,1,0,0,0,social_media,motor
4255,1,1,1,0,0,embedded_partner,travel
4256,1,1,0,0,0,aggregator,travel
4257,1,1,0,0,0,aggregator,motor
4258,1,0,0,0,0,paid_search,health
4259,1,1,0,0,0,referral,health
4260,1,0,0,0,0,paid_search,term
4261,1,1,0,0,0,referral,health
4262,1,0,0,0,0,embedded_partner,health
4263,1,0,0,0,0,paid_search,motor
4264,1,1,1,1,1,embedded_partner,motor
4265,1,1,0,0,0,organic_search,term
4266,1,0,0,0,0,social_media,health
4267,1,0,0,0,0,paid_search,term
4268,1,1,0,0,0,embedded_partner,term
4269,1,0,0,0,0,organic_search,health
4270,1,0,0,0,0,organic_search,health
4271,1,1,1,1,0,referral,travel
4272,1,0,0,0,0,social_media,term
4273,1,1,0,0,0,embedded_partner,travel
4274,1,1,0,0,0,embedded_partner,travel
4275,1,0,0,0,0,aggregator,health
4276,1,1,1,1,1,aggregator,term
4277,1,0,0,0,0,paid_search,term
4278,1,0,0,0,0,embedded_partner,motor
4279,1,0,0,0,0,paid_search,health
4280,1,0,0,0,0,organic_search,health
4281,1,0,0,0,0,aggregator,health
4282,1,0,0,0,0,paid_search,motor
4283,1,0,0,0,0,social_media,term
4284,1,0,0,0,0,aggregator,term
4285,1,0,0,0,0,embedded_partner,health
4286,1,0,0,0,0,aggregator,motor
4287,1,1,0,0,0,embedded_partner,health
4288,1,1,0,0,0,aggregator,motor
4289,1,1,0,0,0,referral,motor
4290,1,0,0,0,0,social_media,motor
4291,1,0,0,0,0,aggregator,travel
4292,1,0,0,0,0,aggregator,health
4293,1,1,0,0,0,aggregator,health
4294,1,1,1,1,0,social_media,travel
4295,1,0,0,0,0,embedded_partner,health
4296,1,1,0,0,0,paid_search,travel
4297,1,0,0,0,0,paid_search,motor
4298,1,0,0,0,0,social_media,motor
4299,1,0,0,0,0,social_media,motor
4300,1,0,0,0,0,organic_search,health
4301,1,0,0,0,0,social_media,travel
4302,1,1,1,0,0,organic_search,term
4303,1,0,0,0,0,referral,health
4304,1,0,0,0,0,paid_search,motor
4305,1,0,0,0,0,aggregator,travel
4306,1,1,0,0,0,aggregator,health
4307,1,0,0,0,0,social_media,motor
4308,1,0,0,0,0,paid_search,travel
4309,1,1,1,1,1,referral,health
4310,1,0,0,0,0,social_media,motor
4311,1,0,0,0,0,social_media,motor
4312,1,1,0,0,0,organic_search,motor
4313,1,0,0,0,0,paid_search,term
4314,1,0,0,0,0,embedded_partner,health
4315,1,0,0,0,0,aggregator,travel
4316,1,0,0,0,0,social_media,motor
4317,1,1,0,0,0,referral,health
4318,1,1,1,1,1,organic_search,term
4319,1,0,0,0,0,embedded_partner,health
4320,1,0,0,0,0,paid_search,health
4321,1,0,0,0,0,embedded_partner,health
4322,1,0,0,0,0,social_media,term
4323,1,0,0,0,0,social_media,travel
4324,1,1,0,0,0,aggregator,motor
4325,1,0,0,0,0,aggregator,health
4326,1,1,0,0,0,social_media,health
4327,1,0,0,0,0,aggregator,motor
4328,1,1,0,0,0,organic_search,motor
4329,1,0,0,0,0,embedded_partner,travel
4330,1,1,1,0,0,embedded_partner,motor
4331,1,0,0,0,0,aggregator,motor
4332,1,0,0,0,0,referral,health
4333,1,0,0,0,0,aggregator,motor
4334,1,0,0,0,0,social_media,motor
4335,1,1,1,1,1,embedded_partner,motor
4336,1,0,0,0,0,aggregator,motor
4337,1,0,0,0,0,aggregator,health
4338,1,1,0,0,0,aggregator,term
4339,1,1,0,0,0,social_media,motor
4340,1,0,0,0,0,embedded_partner,health
4341,1,1,0,0,0,aggregator,health
4342,1,1,0,0,0,aggregator,motor
4343,1,0,0,0,0,social_media,health
4344,1,0,0,0,0,aggregator,motor
4345,1,0,0,0,0,organic_search,motor
4346,1,0,0,0,0,referral,motor
4347,1,0,0,0,0,organic_search,motor
4348,1,0,0,0,0,embedded_partner,travel
4349,1,0,0,0,0,social_media,travel
4350,1,1,0,0,0,embedded_partner,travel
4351,1,0,0,0,0,aggregator,motor
4352,1,1,0,0,0,aggregator,term
4353,1,1,1,0,0,organic_search,health
4354,1,0,0,0,0,aggregator,motor
4355,1,0,0,0,0,embedded_partner,travel
4356,1,0,0,0,0,organic_search,term
4357,1,0,0,0,0,referral,motor
4358,1,1,0,0,0,paid_search,travel
4359,1,0,0,0,0,social_media,motor
4360,1,0,0,0,0,organic_search,health
4361,1,0,0,0,0,aggregator,motor
4362,1,0,0,0,0,social_media,motor
4363,1,1,1,1,1,organic_search,travel
4364,1,0,0,0,0,referral,health
4365,1,1,1,0,0,organic_search,motor
4366,1,0,0,0,0,aggregator,term
4367,1,0,0,0,0,social_media,travel
4368,1,0,0,0,0,social_media,travel
4369,1,0,0,0,0,aggregator,travel
4370,1,0,0,0,0,paid_search,travel
4371,1,0,0,0,0,paid_search,health
4372,1,1,0,0,0,aggregator,motor
4373,1,0,0,0,0,social_media,travel
4374,1,0,0,0,0,aggregator,motor
4375,1,1,0,0,0,social_media,motor
4376,1,0,0,0,0,aggregator,health
4377,1,1,0,0,0,organic_search,motor
4378,1,1,1,1,1,aggregator,health
4379,1,1,0,0,0,embedded_partner,travel
4380,1,0,0,0,0,aggregator,health
4381,1,0,0,0,0,social_media,health
4382,1,1,0,0,0,paid_search,health
4383,1,0,0,0,0,aggregator,term
4384,1,0,0,0,0,social_media,motor
4385,1,1,0,0,0,embedded_partner,motor
4386,1,0,0,0,0,embedded_partner,health
4387,1,0,0,0,0,paid_search,health
4388,1,0,0,0,0,aggregator,health
4389,1,1,0,0,0,organic_search,motor
4390,1,0,0,0,0,social_media,motor
4391,1,0,0,0,0,aggregator,term
4392,1,0,0,0,0,organic_search,health
4393,1,0,0,0,0,social_media,health
4394,1,0,0,0,0,organic_search,travel
4395,1,1,0,0,0,paid_search,term
4396,1,0,0,0,0,paid_search,motor
4397,1,0,0,0,0,aggregator,term
4398,1,1,0,0,0,organic_search,motor
4399,1,0,0,0,0,aggregator,motor
4400,1,1,1,0,0,organic_search,term
4401,1,1,1,0,0,organic_search,motor
4402,1,0,0,0,0,organic_search,motor
4403,1,1,0,0,0,aggregator,travel
4404,1,0,0,0,0,paid_search,term
4405,1,0,0,0,0,paid_search,travel
4406,1,0,0,0,0,social_media,travel
4407,1,1,0,0,0,embedded_partner,motor
4408,1,0,0,0,0,paid_search,health
4409,1,1,0,0,0,embedded_partner,motor
4410,1,0,0,0,0,aggregator,term
4411,1,1,0,0,0,paid_search,motor
4412,1,1,1,1,1,aggregator,motor
4413,1,0,0,0,0,organic_search,motor
4414,1,0,0,0,0,aggregator,term
4415,1,0,0,0,0,paid_search,motor
4416,1,0,0,0,0,organic_search,health
4417,1,0,0,0,0,social_media,travel
4418,1,0,0,0,0,aggregator,term
4419,1,0,0,0,0,aggregator,health
4420,1,0,0,0,0,social_media,motor
4421,1,0,0,0,0,paid_search,travel
4422,1,0,0,0,0,aggregator,health
4423,1,0,0,0,0,social_media,health
4424,1,1,0,0,0,aggregator,travel
4425,1,0,0,0,0,social_media,motor
4426,1,0,0,0,0,paid_search,health
4427,1,0,0,0,0,aggregator,motor
4428,1,0,0,0,0,aggregator,motor
4429,1,1,0,0,0,aggregator,motor
4430,1,0,0,0,0,aggregator,term
4431,1,0,0,0,0,paid_search,motor
4432,1,1,0,0,0,embedded_partner,term
4433,1,1,0,0,0,embedded_partner,term
4434,1,1,0,0,0,paid_search,travel
4435,1,0,0,0,0,social_media,motor
4436,1,0,0,0,0,social_media,term
4437,1,1,1,0,0,embedded_partner,motor
4438,1,0,0,0,0,aggregator,term
4439,1,0,0,0,0,paid_search,motor
4440,1,0,0,0,0,paid_search,term
4441,1,1,0,0,0,aggregator,motor
4442,1,0,0,0,0,paid_search,health
4443,1,0,0,0,0,embedded_partner,motor
4444,1,0,0,0,0,embedded_partner,motor
4445,1,0,0,0,0,aggregator,health
4446,1,1,1,1,0,paid_search,motor
4447,1,0,0,0,0,paid_search,term
4448,1,1,0,0,0,social_media,term
4449,1,0,0,0,0,social_media,health
4450,1,1,0,0,0,aggregator,term
4451,1,1,0,0,0,embedded_partner,term
4452,1,0,0,0,0,referral,travel
4453,1,1,0,0,0,organic_search,motor
4454,1,0,0,0,0,organic_search,health
4455,1,0,0,0,0,social_media,term
4456,1,1,0,0,0,paid_search,motor
4457,1,0,0,0,0,aggregator,motor
4458,1,0,0,0,0,social_media,motor
4459,1,1,0,0,0,aggregator,health
4460,1,0,0,0,0,embedded_partner,motor
4461,1,1,0,0,0,paid_search,term
4462,1,0,0,0,0,paid_search,health
4463,1,0,0,0,0,paid_search,term
4464,1,1,0,0,0,referral,motor
4465,1,1,0,0,0,aggregator,term
4466,1,1,0,0,0,aggregator,term
4467,1,0,0,0,0,aggregator,motor
4468,1,0,0,0,0,organic_search,motor
4469,1,0,0,0,0,referral,motor
4470,1,1,1,1,1,aggregator,travel
4471,1,0,0,0,0,embedded_partner,motor
4472,1,1,0,0,0,paid_search,motor
4473,1,0,0,0,0,social_media,motor
4474,1,0,0,0,0,aggregator,motor
4475,1,0,0,0,0,social_media,health
4476,1,0,0,0,0,organic_search,term
4477,1,0,0,0,0,social_media,health
4478,1,0,0,0,0,aggregator,term
4479,1,0,0,0,0,embedded_partner,motor
4480,1,1,0,0,0,referral,health
4481,1,0,0,0,0,paid_search,term
4482,1,0,0,0,0,social_media,term
4483,1,1,0,0,0,organic_search,travel
4484,1,0,0,0,0,aggregator,motor
4485,1,1,0,0,0,embedded_partner,health
4486,1,0,0,0,0,paid_search,term
4487,1,1,1,1,1,organic_search,motor
4488,1,1,1,1,0,aggregator,term
4489,1,0,0,0,0,paid_search,motor
4490,1,0,0,0,0,social_media,motor
4491,1,0,0,0,0,social_media,term
4492,1,1,0,0,0,embedded_partner,term
4493,1,1,1,1,1,referral,travel
4494,1,1,0,0,0,aggregator,travel
4495,1,0,0,0,0,paid_search,motor
4496,1,1,0,0,0,paid_search,health
4497,1,0,0,0,0,social_media,travel
4498,1,0,0,0,0,social_media,motor
4499,1,1,0,0,0,embedded_partner,health
4500,1,0,0,0,0,organic_search,travel
4501,1,0,0,0,0,aggregator,motor
4502,1,1,0,0,0,paid_search,travel
4503,1,1,0,0,0,social_media,health
4504,1,0,0,0,0,paid_search,travel
4505,1,1,1,0,0,aggregator,health
4506,1,0,0,0,0,paid_search,term
4507,1,0,0,0,0,paid_search,term
4508,1,0,0,0,0,aggregator,motor
4509,1,1,0,0,0,organic_search,health
4510,1,0,0,0,0,paid_search,travel
4511,1,0,0,0,0,social_media,travel
4512,1,0,0,0,0,social_media,travel
4513,1,0,0,0,0,embedded_partner,health
4514,1,1,1,0,0,aggregator,health
4515,1,0,0,0,0,aggregator,health
4516,1,0,0,0,0,paid_search,health
4517,1,1,0,0,0,paid_search,health
4518,1,0,0,0,0,paid_search,motor
4519,1,0,0,0,0,organic_search,motor
4520,1,0,0,0,0,aggregator,health
4521,1,1,0,0,0,aggregator,motor
4522,1,0,0,0,0,paid_search,motor
4523,1,0,0,0,0,organic_search,motor
4524,1,0,0,0,0,embedded_partner,term
4525,1,1,0,0,0,organic_search,travel
4526,1,0,0,0,0,social_media,health
4527,1,0,0,0,0,organic_search,travel
4528,1,1,1,1,1,organic_search,travel
4529,1,1,1,1,1,aggregator,motor
4530,1,0,0,0,0,social_media,motor
4531,1,1,0,0,0,organic_search,motor
4532,1,0,0,0,0,paid_search,motor
4533,1,1,1,0,0,organic_search,health
4534,1,0,0,0,0,social_media,motor
4535,1,0,0,0,0,social_media,travel
4536,1,1,0,0,0,aggregator,health
4537,1,1,1,0,0,organic_search,motor
4538,1,1,0,0,0,embedded_partner,travel
4539,1,1,0,0,0,aggregator,travel
4540,1,0,0,0,0,paid_search,term
4541,1,0,0,0,0,aggregator,term
4542,1,0,0,0,0,aggregator,travel
4543,1,0,0,0,0,referral,health
4544,1,1,0,0,0,social_media,travel
4545,1,0,0,0,0,paid_search,motor
4546,1,0,0,0,0,paid_search,health
4547,1,0,0,0,0,referral,health
4548,1,0,0,0,0,paid_search,motor
4549,1,0,0,0,0,organic_search,motor
4550,1,1,0,0,0,paid_search,motor
4551,1,1,0,0,0,aggregator,motor
4552,1,1,1,1,0,organic_search,motor
4553,1,1,0,0,0,aggregator,health
4554,1,1,0,0,0,organic_search,term
4555,1,1,0,0,0,paid_search,health
4556,1,1,1,1,1,organic_search,term
4557,1,0,0,0,0,organic_search,motor
4558,1,1,0,0,0,organic_search,term
4559,1,0,0,0,0,aggregator,motor
4560,1,1,1,0,0,organic_search,motor
4561,1,1,0,0,0,referral,health
4562,1,0,0,0,0,aggregator,travel
4563,1,1,0,0,0,paid_search,travel
4564,1,1,1,1,1,embedded_partner,term
4565,1,0,0,0,0,aggregator,term
4566,1,0,0,0,0,organic_search,health
4567,1,1,0,0,0,organic_search,term
4568,1,0,0,0,0,aggregator,motor
4569,1,0,0,0,0,social_media,motor
4570,1,0,0,0,0,social_media,travel
4571,1,0,0,0,0,paid_search,travel
4572,1,1,1,0,0,embedded_partner,motor
4573,1,0,0,0,0,aggregator,motor
4574,1,1,1,1,1,paid_search,motor
4575,1,1,0,0,0,embedded_partner,health
4576,1,0,0,0,0,aggregator,motor
4577,1,0,0,0,0,embedded_partner,health
4578,1,1,0,0,0,aggregator,motor
4579,1,0,0,0,0,social_media,motor
4580,1,0,0,0,0,aggregator,motor
4581,1,1,0,0,0,organic_search,term
4582,1,0,0,0,0,organic_search,motor
4583,1,0,0,0,0,embedded_partner,health
4584,1,0,0,0,0,referral,term
4585,1,0,0,0,0,organic_search,term
4586,1,1,1,0,0,organic_search,motor
4587,1,0,0,0,0,social_media,term
4588,1,0,0,0,0,embedded_partner,motor
4589,1,0,0,0,0,social_media,health
4590,1,0,0,0,0,embedded_partner,health
4591,1,0,0,0,0,aggregator,travel
4592,1,0,0,0,0,social_media,travel
4593,1,0,0,0,0,organic_search,term
4594,1,1,0,0,0,aggregator,travel
4595,1,0,0,0,0,aggregator,motor
4596,1,1,1,0,0,referral,term
4597,1,0,0,0,0,paid_search,motor
4598,1,0,0,0,0,aggregator,motor
4599,1,0,0,0,0,paid_search,health
4600,1,0,0,0,0,paid_search,term
4601,1,0,0,0,0,social_media,term
4602,1,0,0,0,0,embedded_partner,travel
4603,1,1,0,0,0,referral,health
4604,1,0,0,0,0,organic_search,travel
4605,1,0,0,0,0,organic_search,travel
4606,1,1,1,0,0,paid_search,term
4607,1,0,0,0,0,embedded_partner,motor
4608,1,0,0,0,0,aggregator,health
4609,1,0,0,0,0,aggregator,term
4610,1,0,0,0,0,referral,travel
4611,1,1,1,0,0,embedded_partner,motor
4612,1,1,0,0,0,paid_search,motor
4613,1,0,0,0,0,organic_search,motor
4614,1,0,0,0,0,paid_search,motor
4615,1,0,0,0,0,paid_search,term
4616,1,0,0,0,0,paid_search,motor
4617,1,0,0,0,0,aggregator,motor
4618,1,0,0,0,0,social_media,term
4619,1,0,0,0,0,paid_search,health
4620,1,0,0,0,0,social_media,motor
4621,1,1,0,0,0,aggregator,health
4622,1,0,0,0,0,referral,health
4623,1,0,0,0,0,social_media,travel
4624,1,1,0,0,0,embedded_partner,term
4625,1,0,0,0,0,aggregator,travel
4626,1,0,0,0,0,social_media,motor
4627,1,0,0,0,0,embedded_partner,term
4628,1,1,0,0,0,paid_search,health
4629,1,0,0,0,0,aggregator,term
4630,1,0,0,0,0,paid_search,health
4631,1,0,0,0,0,paid_search,motor
4632,1,1,0,0,0,paid_search,motor
4633,1,0,0,0,0,paid_search,term
4634,1,0,0,0,0,paid_search,term
4635,1,1,0,0,0,social_media,motor
4636,1,1,1,0,0,aggregator,health
4637,1,1,1,0,0,paid_search,term
4638,1,1,0,0,0,organic_search,health
4639,1,0,0,0,0,aggregator,motor
4640,1,0,0,0,0,aggregator,travel
4641,1,1,0,0,0,aggregator,health
4642,1,0,0,0,0,aggregator,term
4643,1,1,0,0,0,social_media,term
4644,1,1,1,1,0,aggregator,term
4645,1,1,0,0,0,paid_search,motor
4646,1,0,0,0,0,referral,travel
4647,1,1,0,0,0,embedded_partner,motor
4648,1,0,0,0,0,aggregator,term
4649,1,0,0,0,0,paid_search,travel
4650,1,0,0,0,0,paid_search,term
4651,1,1,1,1,1,embedded_partner,health
4652,1,1,0,0,0,embedded_partner,motor
4653,1,1,0,0,0,aggregator,health
4654,1,1,1,0,0,aggregator,health
4655,1,0,0,0,0,paid_search,motor
4656,1,1,0,0,0,embedded_partner,motor
4657,1,1,0,0,0,embedded_partner,travel
4658,1,1,0,0,0,aggregator,motor
4659,1,1,0,0,0,social_media,motor
4660,1,0,0,0,0,aggregator,motor
4661,1,1,0,0,0,organic_search,health
4662,1,0,0,0,0,embedded_partner,health
4663,1,1,0,0,0,paid_search,term
4664,1,1,0,0,0,aggregator,health
4665,1,0,0,0,0,social_media,motor
4666,1,1,1,0,0,paid_search,health
4667,1,0,0,0,0,embedded_partner,motor
4668,1,0,0,0,0,paid_search,term
4669,1,1,1,0,0,embedded_partner,motor
4670,1,0,0,0,0,paid_search,motor
4671,1,1,0,0,0,aggregator,health
4672,1,0,0,0,0,paid_search,motor
4673,1,0,0,0,0,aggregator,health
4674,1,0,0,0,0,paid_search,health
4675,1,1,1,0,0,organic_search,travel
4676,1,0,0,0,0,aggregator,motor
4677,1,0,0,0,0,aggregator,health
4678,1,1,1,0,0,aggregator,term
4679,1,0,0,0,0,aggregator,motor
4680,1,1,1,0,0,embedded_partner,health
4681,1,1,0,0,0,referral,travel
4682,1,0,0,0,0,aggregator,term
4683,1,1,0,0,0,organic_search,travel
4684,1,1,0,0,0,organic_search,term
4685,1,0,0,0,0,referral,motor
4686,1,0,0,0,0,paid_search,travel
4687,1,1,1,1,0,paid_search,motor
4688,1,0,0,0,0,paid_search,health
4689,1,0,0,0,0,embedded_partner,term
4690,1,1,0,0,0,organic_search,travel
4691,1,0,0,0,0,social_media,travel
4692,1,1,0,0,0,aggregator,motor
4693,1,1,0,0,0,organic_search,term
4694,1,1,1,0,0,embedded_partner,motor
4695,1,0,0,0,0,paid_search,term
4696,1,1,0,0,0,organic_search,term
4697,1,1,0,0,0,paid_search,motor
4698,1,0,0,0,0,social_media,term
4699,1,0,0,0,0,social_media,health
4700,1,0,0,0,0,organic_search,health
4701,1,0,0,0,0,referral,travel
4702,1,0,0,0,0,paid_search,term
4703,1,0,0,0,0,paid_search,health
4704,1,1,0,0,0,paid_search,motor
4705,1,0,0,0,0,aggregator,motor
4706,1,0,0,0,0,paid_search,motor
4707,1,0,0,0,0,aggregator,motor
4708,1,0,0,0,0,paid_search,motor
4709,1,1,0,0,0,aggregator,health
4710,1,0,0,0,0,paid_search,term
4711,1,0,0,0,0,organic_search,motor
4712,1,0,0,0,0,aggregator,health
4713,1,0,0,0,0,social_media,travel
4714,1,1,1,1,0,embedded_partner,motor
4715,1,0,0,0,0,social_media,term
4716,1,0,0,0,0,aggregator,motor
4717,1,0,0,0,0,paid_search,health
4718,1,1,0,0,0,social_media,term
4719,1,0,0,0,0,social_media,motor
4720,1,1,0,0,0,aggregator,motor
4721,1,1,0,0,0,paid_search,travel
4722,1,0,0,0,0,social_media,motor
4723,1,1,0,0,0,paid_search,term
4724,1,0,0,0,0,social_media,health
4725,1,1,0,0,0,aggregator,motor
4726,1,1,0,0,0,paid_search,term
4727,1,0,0,0,0,embedded_partner,health
4728,1,1,0,0,0,paid_search,motor
4729,1,0,0,0,0,social_media,travel
4730,1,1,0,0,0,paid_search,health
4731,1,0,0,0,0,paid_search,term
4732,1,1,0,0,0,embedded_partner,motor
4733,1,0,0,0,0,paid_search,motor
4734,1,0,0,0,0,aggregator,term
4735,1,1,0,0,0,embedded_partner,term
4736,1,1,1,0,0,organic_search,motor
4737,1,1,1,1,1,organic_search,term
4738,1,0,0,0,0,aggregator,health
4739,1,1,0,0,0,aggregator,motor
4740,1,0,0,0,0,social_media,term
4741,1,1,0,0,0,aggregator,health
4742,1,1,0,0,0,aggregator,health
4743,1,1,1,0,0,organic_search,term
4744,1,0,0,0,0,paid_search,health
4745,1,0,0,0,0,aggregator,travel
4746,1,1,0,0,0,aggregator,term
4747,1,0,0,0,0,paid_search,motor
4748,1,0,0,0,0,social_media,health
4749,1,0,0,0,0,embedded_partner,travel
4750,1,0,0,0,0,aggregator,travel
4751,1,0,0,0,0,aggregator,motor
4752,1,1,0,0,0,social_media,motor
4753,1,0,0,0,0,paid_search,motor
4754,1,1,0,0,0,social_media,travel
4755,1,0,0,0,0,embedded_partner,travel
4756,1,1,0,0,0,social_media,term
4757,1,0,0,0,0,paid_search,motor
4758,1,1,0,0,0,referral,travel
4759,1,0,0,0,0,aggregator,motor
4760,1,1,0,0,0,referral,health
4761,1,0,0,0,0,social_media,motor
4762,1,0,0,0,0,social_media,health
4763,1,0,0,0,0,embedded_partner,health
4764,1,1,0,0,0,social_media,motor
4765,1,0,0,0,0,paid_search,motor
4766,1,1,0,0,0,paid_search,term
4767,1,1,1,1,1,organic_search,motor
4768,1,1,0,0,0,social_media,health
4769,1,1,1,1,0,aggregator,motor
4770,1,1,0,0,0,organic_search,motor
4771,1,1,1,0,0,social_media,motor
4772,1,0,0,0,0,paid_search,term
4773,1,0,0,0,0,aggregator,health
4774,1,0,0,0,0,paid_search,motor
4775,1,1,1,0,0,aggregator,term
4776,1,1,0,0,0,aggregator,motor
4777,1,0,0,0,0,paid_search,term
4778,1,1,0,0,0,aggregator,motor
4779,1,0,0,0,0,paid_search,travel
4780,1,0,0,0,0,organic_search,motor
4781,1,0,0,0,0,paid_search,health
4782,1,1,0,0,0,referral,health
4783,1,1,1,0,0,embedded_partner,health
4784,1,0,0,0,0,social_media,term
4785,1,1,0,0,0,referral,motor
4786,1,1,0,0,0,embedded_partner,health
4787,1,0,0,0,0,paid_search,travel
4788,1,0,0,0,0,organic_search,travel
4789,1,0,0,0,0,aggregator,health
4790,1,1,0,0,0,organic_search,health
4791,1,0,0,0,0,social_media,term
4792,1,1,0,0,0,aggregator,term
4793,1,0,0,0,0,paid_search,travel
4794,1,1,0,0,0,referral,term
4795,1,1,0,0,0,paid_search,health
4796,1,1,0,0,0,aggregator,health
4797,1,0,0,0,0,aggregator,health
4798,1,0,0,0,0,social_media,motor
4799,1,1,0,0,0,embedded_partner,term
4800,1,1,0,0,0,organic_search,health
4801,1,0,0,0,0,paid_search,motor
4802,1,0,0,0,0,aggregator,term
4803,1,0,0,0,0,aggregator,motor
4804,1,0,0,0,0,paid_search,motor
4805,1,1,0,0,0,embedded_partner,health
4806,1,0,0,0,0,organic_search,term
4807,1,0,0,0,0,paid_search,health
4808,1,0,0,0,0,social_media,motor
4809,1,1,0,0,0,paid_search,health
4810,1,0,0,0,0,social_media,motor
4811,1,0,0,0,0,social_media,travel
4812,1,1,1,1,1,organic_search,motor
4813,1,0,0,0,0,social_media,travel
4814,1,1,1,0,0,referral,motor
4815,1,0,0,0,0,paid_search,motor
4816,1,1,0,0,0,aggregator,health
4817,1,0,0,0,0,aggregator,term
4818,1,1,0,0,0,social_media,travel
4819,1,1,0,0,0,social_media,health
4820,1,0,0,0,0,social_media,motor
4821,1,0,0,0,0,organic_search,motor
4822,1,1,0,0,0,paid_search,health
4823,1,0,0,0,0,organic_search,motor
4824,1,0,0,0,0,organic_search,travel
4825,1,0,0,0,0,paid_search,health
4826,1,1,0,0,0,paid_search,term
4827,1,1,0,0,0,aggregator,term
4828,1,0,0,0,0,paid_search,motor
4829,1,0,0,0,0,organic_search,health
4830,1,0,0,0,0,embedded_partner,travel
4831,1,1,0,0,0,social_media,health
4832,1,0,0,0,0,paid_search,health
4833,1,1,0,0,0,organic_search,travel
4834,1,0,0,0,0,organic_search,motor
4835,1,1,0,0,0,paid_search,travel
4836,1,0,0,0,0,embedded_partner,motor
4837,1,0,0,0,0,aggregator,health
4838,1,1,0,0,0,aggregator,motor
4839,1,0,0,0,0,aggregator,health
4840,1,0,0,0,0,aggregator,motor
4841,1,1,1,0,0,embedded_partner,motor
4842,1,0,0,0,0,paid_search,health
4843,1,0,0,0,0,paid_search,motor
4844,1,0,0,0,0,paid_search,health
4845,1,0,0,0,0,paid_search,motor
4846,1,1,0,0,0,paid_search,motor
4847,1,0,0,0,0,aggregator,motor
4848,1,1,1,0,0,organic_search,health
4849,1,0,0,0,0,aggregator,motor
4850,1,0,0,0,0,organic_search,motor
4851,1,0,0,0,0,aggregator,health
4852,1,0,0,0,0,organic_search,term
4853,1,0,0,0,0,embedded_partner,term
4854,1,1,0,0,0,aggregator,motor
4855,1,1,0,0,0,aggregator,travel
4856,1,0,0,0,0,referral,health
4857,1,0,0,0,0,paid_search,health
4858,1,0,0,0,0,social_media,motor
4859,1,1,1,0,0,aggregator,motor
4860,1,0,0,0,0,paid_search,health
4861,1,0,0,0,0,social_media,motor
4862,1,1,1,0,0,embedded_partner,term
4863,1,1,0,0,0,paid_search,motor
4864,1,0,0,0,0,organic_search,motor
4865,1,0,0,0,0,organic_search,motor
4866,1,0,0,0,0,aggregator,motor
4867,1,1,0,0,0,paid_search,health
4868,1,0,0,0,0,aggregator,motor
4869,1,0,0,0,0,paid_search,health
4870,1,0,0,0,0,social_media,motor
4871,1,0,0,0,0,paid_search,health
4872,1,1,0,0,0,aggregator,travel
4873,1,1,1,0,0,organic_search,travel
4874,1,1,0,0,0,social_media,health
4875,1,1,0,0,0,social_media,health
4876,1,0,0,0,0,social_media,term
4877,1,0,0,0,0,aggregator,travel
4878,1,1,1,0,0,organic_search,health
4879,1,1,0,0,0,paid_search,motor
4880,1,1,0,0,0,paid_search,term
4881,1,1,0,0,0,aggregator,motor
4882,1,0,0,0,0,social_media,term
4883,1,1,0,0,0,social_media,motor
4884,1,0,0,0,0,paid_search,motor
4885,1,0,0,0,0,embedded_partner,term
4886,1,1,1,0,0,embedded_partner,term
4887,1,1,0,0,0,aggregator,health
4888,1,0,0,0,0,organic_search,term
4889,1,1,0,0,0,paid_search,travel
4890,1,0,0,0,0,referral,health
4891,1,1,0,0,0,aggregator,travel
4892,1,0,0,0,0,paid_search,motor
4893,1,0,0,0,0,paid_search,motor
4894,1,0,0,0,0,paid_search,term
4895,1,0,0,0,0,organic_search,health
4896,1,0,0,0,0,social_media,travel
4897,1,0,0,0,0,aggregator,motor
4898,1,0,0,0,0,social_media,motor
4899,1,1,0,0,0,embedded_partner,motor
4900,1,1,0,0,0,organic_search,health
4901,1,0,0,0,0,social_media,term
4902,1,1,1,0,0,paid_search,health
4903,1,1,0,0,0,aggregator,motor
4904,1,1,0,0,0,embedded_partner,motor
4905,1,0,0,0,0,organic_search,motor
4906,1,0,0,0,0,social_media,health
4907,1,0,0,0,0,embedded_partner,term
4908,1,0,0,0,0,aggregator,motor
4909,1,1,1,1,1,organic_search,health
4910,1,0,0,0,0,aggregator,health
4911,1,0,0,0,0,aggregator,motor
4912,1,0,0,0,0,paid_search,health
4913,1,0,0,0,0,paid_search,health
4914,1,0,0,0,0,referral,health
4915,1,0,0,0,0,paid_search,motor
4916,1,1,0,0,0,embedded_partner,motor
4917,1,0,0,0,0,organic_search,term
4918,1,1,1,0,0,organic_search,motor
4919,1,0,0,0,0,embedded_partner,term
4920,1,0,0,0,0,paid_search,health
4921,1,0,0,0,0,paid_search,health
4922,1,1,0,0,0,aggregator,term
4923,1,0,0,0,0,paid_search,motor
4924,1,0,0,0,0,embedded_partner,motor
4925,1,0,0,0,0,social_media,motor
4926,1,0,0,0,0,paid_search,term
4927,1,1,0,0,0,aggregator,health
4928,1,0,0,0,0,social_media,term
4929,1,1,0,0,0,organic_search,health
4930,1,0,0,0,0,paid_search,health
4931,1,1,0,0,0,organic_search,motor
4932,1,1,0,0,0,social_media,motor
4933,1,0,0,0,0,organic_search,term
4934,1,1,0,0,0,paid_search,motor
4935,1,0,0,0,0,social_media,travel
4936,1,1,0,0,0,aggregator,motor
4937,1,0,0,0,0,paid_search,health
4938,1,0,0,0,0,organic_search,motor
4939,1,0,0,0,0,social_media,term
4940,1,1,1,0,0,aggregator,motor
4941,1,1,0,0,0,embedded_partner,health
4942,1,0,0,0,0,aggregator,travel
4943,1,0,0,0,0,social_media,health
4944,1,1,0,0,0,referral,motor
4945,1,0,0,0,0,social_media,term
4946,1,1,0,0,0,embedded_partner,health
4947,1,0,0,0,0,social_media,motor
4948,1,1,1,0,0,organic_search,health
4949,1,0,0,0,0,organic_search,term
4950,1,1,1,1,1,organic_search,health
4951,1,0,0,0,0,aggregator,term
4952,1,1,0,0,0,organic_search,term
4953,1,0,0,0,0,aggregator,health
4954,1,1,0,0,0,referral,motor
4955,1,0,0,0,0,aggregator,term
4956,1,1,0,0,0,aggregator,motor
4957,1,1,0,0,0,embedded_partner,motor
4958,1,0,0,0,0,aggregator,motor
4959,1,0,0,0,0,paid_search,travel
4960,1,0,0,0,0,organic_search,motor
4961,1,1,1,0,0,aggregator,motor
4962,1,1,0,0,0,aggregator,motor
4963,1,1,0,0,0,social_media,motor
4964,1,0,0,0,0,aggregator,travel
4965,1,0,0,0,0,aggregator,health
4966,1,0,0,0,0,aggregator,term
4967,1,0,0,0,0,paid_search,term
4968,1,0,0,0,0,paid_search,motor
4969,1,0,0,0,0,aggregator,term
4970,1,1,0,0,0,social_media,travel
4971,1,1,0,0,0,social_media,term
4972,1,0,0,0,0,aggregator,term
4973,1,0,0,0,0,paid_search,health
4974,1,0,0,0,0,embedded_partner,term
4975,1,0,0,0,0,social_media,motor
4976,1,1,1,1,1,paid_search,term
4977,1,0,0,0,0,paid_search,motor
4978,1,0,0,0,0,aggregator,health
4979,1,1,1,1,1,embedded_partner,travel
4980,1,1,1,1,1,embedded_partner,health
4981,1,1,0,0,0,embedded_partner,motor
4982,1,1,1,1,1,aggregator,term
4983,1,0,0,0,0,paid_search,travel
4984,1,0,0,0,0,aggregator,health
4985,1,0,0,0,0,paid_search,travel
4986,1,0,0,0,0,paid_search,term
4987,1,1,0,0,0,social_media,travel
4988,1,1,0,0,0,aggregator,motor
4989,1,0,0,0,0,embedded_partner,health
4990,1,1,0,0,0,aggregator,term
4991,1,1,1,1,1,aggregator,travel
4992,1,1,0,0,0,embedded_partner,motor
4993,1,1,0,0,0,organic_search,motor
4994,1,1,1,1,1,paid_search,motor
4995,1,0,0,0,0,social_media,term
4996,1,1,1,0,0,aggregator,travel
4997,1,0,0,0,0,aggregator,health
4998,1,1,0,0,0,social_media,motor
4999,1,0,0,0,0,paid_search,motor
5000,1,0,0,0,0,social_media,travel
5001,1,0,0,0,0,aggregator,motor
5002,1,1,0,0,0,organic_search,motor
5003,1,1,0,0,0,organic_search,motor
5004,1,0,0,0,0,aggregator,term
5005,1,0,0,0,0,aggregator,health
5006,1,0,0,0,0,paid_search,motor
5007,1,0,0,0,0,organic_search,motor
5008,1,0,0,0,0,organic_search,travel
5009,1,0,0,0,0,organic_search,health
5010,1,0,0,0,0,paid_search,health
5011,1,0,0,0,0,aggregator,motor
5012,1,0,0,0,0,social_media,motor
5013,1,0,0,0,0,aggregator,term
5014,1,1,0,0,0,organic_search,term
5015,1,0,0,0,0,aggregator,health
5016,1,0,0,0,0,paid_search,travel
5017,1,1,0,0,0,social_media,motor
5018,1,1,0,0,0,social_media,travel
5019,1,0,0,0,0,social_media,motor
5020,1,0,0,0,0,paid_search,motor
5021,1,0,0,0,0,embedded_partner,travel
5022,1,1,0,0,0,embedded_partner,travel
5023,1,0,0,0,0,embedded_partner,term
5024,1,0,0,0,0,social_media,term
5025,1,0,0,0,0,social_media,term
5026,1,0,0,0,0,social_media,term
5027,1,0,0,0,0,paid_search,motor
5028,1,1,0,0,0,paid_search,health
5029,1,0,0,0,0,social_media,term
5030,1,1,0,0,0,aggregator,health
5031,1,0,0,0,0,aggregator,travel
5032,1,0,0,0,0,embedded_partner,health
5033,1,1,1,0,0,aggregator,motor
5034,1,0,0,0,0,social_media,motor
5035,1,0,0,0,0,social_media,term
5036,1,1,1,1,1,aggregator,motor
5037,1,1,1,0,0,embedded_partner,travel
5038,1,0,0,0,0,aggregator,motor
5039,1,1,1,0,0,embedded_partner,motor
5040,1,0,0,0,0,organic_search,term
5041,1,1,1,0,0,aggregator,health
5042,1,1,0,0,0,aggregator,term
5043,1,0,0,0,0,paid_search,motor
5044,1,1,0,0,0,paid_search,health
5045,1,0,0,0,0,aggregator,health
5046,1,1,1,0,0,referral,travel
5047,1,0,0,0,0,aggregator,motor
5048,1,1,0,0,0,embedded_partner,motor
5049,1,0,0,0,0,aggregator,term
5050,1,1,1,1,1,referral,travel
5051,1,0,0,0,0,aggregator,term
5052,1,1,1,0,0,paid_search,term
5053,1,0,0,0,0,social_media,health
5054,1,1,0,0,0,aggregator,health
5055,1,0,0,0,0,embedded_partner,travel
5056,1,1,0,0,0,paid_search,travel
5057,1,0,0,0,0,social_media,term
5058,1,0,0,0,0,social_media,term
5059,1,0,0,0,0,social_media,travel
5060,1,0,0,0,0,aggregator,motor
5061,1,0,0,0,0,aggregator,motor
5062,1,0,0,0,0,aggregator,travel
5063,1,0,0,0,0,paid_search,health
5064,1,0,0,0,0,aggregator,motor
5065,1,1,1,0,0,embedded_partner,health
5066,1,0,0,0,0,social_media,health
5067,1,0,0,0,0,social_media,term
5068,1,1,0,0,0,paid_search,term
5069,1,0,0,0,0,paid_search,motor
5070,1,1,0,0,0,social_media,health
5071,1,0,0,0,0,paid_search,motor
5072,1,0,0,0,0,paid_search,travel
5073,1,0,0,0,0,paid_search,motor
5074,1,0,0,0,0,social_media,health
5075,1,1,0,0,0,referral,health
5076,1,0,0,0,0,aggregator,health
5077,1,1,0,0,0,social_media,health
5078,1,0,0,0,0,aggregator,term
5079,1,0,0,0,0,paid_search,health
5080,1,1,0,0,0,organic_search,motor
5081,1,0,0,0,0,aggregator,motor
5082,1,0,0,0,0,social_media,health
5083,1,1,0,0,0,paid_search,motor
5084,1,0,0,0,0,aggregator,term
5085,1,1,0,0,0,referral,motor
5086,1,0,0,0,0,paid_search,term
5087,1,1,1,1,1,organic_search,motor
5088,1,1,0,0,0,paid_search,term
5089,1,1,1,1,1,referral,motor
5090,1,0,0,0,0,paid_search,health
5091,1,1,1,1,1,paid_search,motor
5092,1,1,0,0,0,organic_search,health
5093,1,0,0,0,0,paid_search,motor
5094,1,0,0,0,0,paid_search,term
5095,1,1,0,0,0,referral,health
5096,1,1,0,0,0,social_media,travel
5097,1,0,0,0,0,organic_search,term
5098,1,0,0,0,0,social_media,health
5099,1,1,0,0,0,embedded_partner,term
5100,1,0,0,0,0,embedded_partner,motor
5101,1,1,0,0,0,social_media,health
5102,1,1,0,0,0,paid_search,motor
5103,1,0,0,0,0,aggregator,term
5104,1,1,0,0,0,social_media,motor
5105,1,1,0,0,0,embedded_partner,health
5106,1,1,0,0,0,paid_search,term
5107,1,0,0,0,0,aggregator,health
5108,1,1,1,0,0,paid_search,motor
5109,1,0,0,0,0,social_media,health
5110,1,0,0,0,0,embedded_partner,term
5111,1,1,0,0,0,aggregator,motor
5112,1,0,0,0,0,social_media,motor
5113,1,1,0,0,0,organic_search,travel
5114,1,1,0,0,0,referral,travel
5115,1,0,0,0,0,aggregator,motor
5116,1,1,0,0,0,embedded_partner,health
5117,1,0,0,0,0,social_media,motor
5118,1,1,1,1,0,organic_search,travel
5119,1,0,0,0,0,aggregator,health
5120,1,0,0,0,0,social_media,health
5121,1,1,0,0,0,social_media,motor
5122,1,0,0,0,0,paid_search,health
5123,1,1,1,0,0,paid_search,motor
5124,1,0,0,0,0,social_media,term
5125,1,0,0,0,0,social_media,health
5126,1,1,1,1,1,aggregator,health
5127,1,0,0,0,0,paid_search,term
5128,1,1,0,0,0,aggregator,motor
5129,1,0,0,0,0,embedded_partner,motor
5130,1,1,1,0,0,referral,health
5131,1,0,0,0,0,paid_search,term
5132,1,1,0,0,0,aggregator,motor
5133,1,1,0,0,0,aggregator,term
5134,1,0,0,0,0,social_media,health
5135,1,0,0,0,0,embedded_partner,health
5136,1,0,0,0,0,social_media,health
5137,1,0,0,0,0,aggregator,motor
5138,1,1,0,0,0,aggregator,motor
5139,1,1,1,0,0,aggregator,term
5140,1,0,0,0,0,embedded_partner,health
5141,1,0,0,0,0,social_media,health
5142,1,0,0,0,0,social_media,travel
5143,1,1,0,0,0,paid_search,motor
5144,1,1,0,0,0,embedded_partner,health
5145,1,0,0,0,0,paid_search,motor
5146,1,0,0,0,0,embedded_partner,motor
5147,1,0,0,0,0,embedded_partner,travel
5148,1,0,0,0,0,social_media,travel
5149,1,0,0,0,0,embedded_partner,motor
5150,1,1,1,0,0,paid_search,travel
5151,1,1,0,0,0,organic_search,motor
5152,1,1,0,0,0,aggregator,travel
5153,1,0,0,0,0,social_media,term
5154,1,1,0,0,0,aggregator,motor
5155,1,0,0,0,0,aggregator,health
5156,1,1,0,0,0,aggregator,term
5157,1,0,0,0,0,paid_search,motor
5158,1,1,0,0,0,social_media,motor
5159,1,0,0,0,0,paid_search,health
5160,1,1,0,0,0,paid_search,motor
5161,1,1,0,0,0,referral,motor
5162,1,0,0,0,0,referral,motor
5163,1,1,0,0,0,aggregator,term
5164,1,0,0,0,0,paid_search,motor
5165,1,1,0,0,0,social_media,health
5166,1,0,0,0,0,organic_search,motor
5167,1,0,0,0,0,paid_search,motor
5168,1,0,0,0,0,organic_search,term
5169,1,1,1,1,1,aggregator,motor
5170,1,0,0,0,0,paid_search,term
5171,1,0,0,0,0,organic_search,health
5172,1,0,0,0,0,social_media,term
5173,1,1,0,0,0,embedded_partner,motor
5174,1,1,1,0,0,aggregator,term
5175,1,1,1,0,0,aggregator,motor
5176,1,0,0,0,0,aggregator,travel
5177,1,0,0,0,0,aggregator,motor
5178,1,1,1,1,1,aggregator,motor
5179,1,0,0,0,0,social_media,health
5180,1,1,0,0,0,social_media,motor
5181,1,1,0,0,0,organic_search,health
5182,1,1,1,1,0,paid_search,term
5183,1,0,0,0,0,aggregator,term
5184,1,0,0,0,0,organic_search,health
5185,1,1,0,0,0,aggregator,travel
5186,1,0,0,0,0,embedded_partner,health
5187,1,0,0,0,0,aggregator,motor
5188,1,0,0,0,0,social_media,term
5189,1,0,0,0,0,embedded_partner,motor
5190,1,0,0,0,0,social_media,motor
5191,1,0,0,0,0,social_media,motor
5192,1,1,1,1,1,organic_search,motor
5193,1,1,0,0,0,aggregator,motor
5194,1,0,0,0,0,organic_search,motor
5195,1,0,0,0,0,embedded_partner,health
5196,1,1,0,0,0,referral,term
5197,1,1,1,0,0,paid_search,travel
5198,1,0,0,0,0,paid_search,motor
5199,1,1,0,0,0,organic_search,motor
5200,1,1,0,0,0,social_media,health
5201,1,0,0,0,0,paid_search,motor
5202,1,0,0,0,0,aggregator,motor
5203,1,0,0,0,0,aggregator,health
5204,1,1,0,0,0,paid_search,term
5205,1,1,0,0,0,aggregator,motor
5206,1,0,0,0,0,aggregator,term
5207,1,0,0,0,0,aggregator,health
5208,1,0,0,0,0,embedded_partner,travel
5209,1,1,0,0,0,aggregator,motor
5210,1,1,0,0,0,aggregator,term
5211,1,1,0,0,0,paid_search,term
5212,1,0,0,0,0,aggregator,motor
5213,1,1,0,0,0,referral,health
5214,1,0,0,0,0,embedded_partner,term
5215,1,1,0,0,0,paid_search,motor
5216,1,0,0,0,0,paid_search,health
5217,1,1,1,0,0,paid_search,health
5218,1,0,0,0,0,aggregator,term
5219,1,1,0,0,0,paid_search,motor
5220,1,0,0,0,0,aggregator,health
5221,1,0,0,0,0,aggregator,motor
5222,1,0,0,0,0,social_media,health
5223,1,1,1,0,0,aggregator,term
5224,1,0,0,0,0,aggregator,health
5225,1,0,0,0,0,social_media,health
5226,1,0,0,0,0,paid_search,motor
5227,1,1,0,0,0,aggregator,motor
5228,1,1,0,0,0,aggregator,term
5229,1,0,0,0,0,aggregator,motor
5230,1,0,0,0,0,aggregator,term
5231,1,1,0,0,0,embedded_partner,term
5232,1,1,1,1,1,embedded_partner,travel
5233,1,1,0,0,0,paid_search,motor
5234,1,0,0,0,0,paid_search,health
5235,1,1,0,0,0,organic_search,motor
5236,1,0,0,0,0,social_media,travel
5237,1,1,0,0,0,aggregator,term
5238,1,1,1,0,0,aggregator,health
5239,1,0,0,0,0,paid_search,term
5240,1,0,0,0,0,social_media,motor
5241,1,1,1,1,0,aggregator,health
5242,1,0,0,0,0,paid_search,term
5243,1,0,0,0,0,paid_search,motor
5244,1,0,0,0,0,paid_search,travel
5245,1,0,0,0,0,paid_search,travel
5246,1,1,0,0,0,organic_search,travel
5247,1,0,0,0,0,social_media,term
5248,1,1,0,0,0,aggregator,motor
5249,1,0,0,0,0,aggregator,health
5250,1,1,0,0,0,embedded_partner,motor
5251,1,1,0,0,0,social_media,term
5252,1,1,0,0,0,aggregator,motor
5253,1,0,0,0,0,paid_search,travel
5254,1,0,0,0,0,embedded_partner,motor
5255,1,0,0,0,0,organic_search,motor
5256,1,1,0,0,0,embedded_partner,motor
5257,1,1,0,0,0,social_media,term
5258,1,0,0,0,0,paid_search,motor
5259,1,1,0,0,0,paid_search,motor
5260,1,1,0,0,0,aggregator,motor
5261,1,1,0,0,0,organic_search,motor
5262,1,0,0,0,0,social_media,travel
5263,1,1,0,0,0,aggregator,health
5264,1,0,0,0,0,embedded_partner,motor
5265,1,0,0,0,0,paid_search,motor
5266,1,0,0,0,0,aggregator,motor
5267,1,1,0,0,0,paid_search,motor
5268,1,1,0,0,0,embedded_partner,motor
5269,1,1,0,0,0,embedded_partner,motor
5270,1,0,0,0,0,social_media,motor
5271,1,0,0,0,0,referral,motor
5272,1,0,0,0,0,embedded_partner,term
5273,1,0,0,0,0,embedded_partner,motor
5274,1,0,0,0,0,embedded_partner,term
5275,1,1,0,0,0,paid_search,health
5276,1,0,0,0,0,organic_search,travel
5277,1,1,0,0,0,social_media,motor
5278,1,1,0,0,0,organic_search,term
5279,1,0,0,0,0,aggregator,travel
5280,1,0,0,0,0,organic_search,travel
5281,1,1,1,0,0,referral,term
5282,1,0,0,0,0,paid_search,motor
5283,1,1,0,0,0,referral,travel
5284,1,0,0,0,0,paid_search,term
5285,1,0,0,0,0,aggregator,motor
5286,1,1,1,0,0,aggregator,motor
5287,1,0,0,0,0,organic_search,travel
5288,1,0,0,0,0,social_media,motor
5289,1,1,0,0,0,paid_search,term
5290,1,0,0,0,0,social_media,health
5291,1,1,0,0,0,paid_search,term
5292,1,0,0,0,0,paid_search,motor
5293,1,0,0,0,0,embedded_partner,term
5294,1,1,0,0,0,organic_search,health
5295,1,0,0,0,0,organic_search,travel
5296,1,1,0,0,0,social_media,motor
5297,1,1,1,0,0,referral,motor
5298,1,0,0,0,0,aggregator,motor
5299,1,0,0,0,0,paid_search,motor
5300,1,1,1,1,1,aggregator,travel
5301,1,1,0,0,0,social_media,motor
5302,1,1,0,0,0,social_media,motor
5303,1,1,0,0,0,organic_search,term
5304,1,1,1,0,0,paid_search,motor
5305,1,1,0,0,0,aggregator,motor
5306,1,0,0,0,0,social_media,term
5307,1,0,0,0,0,referral,motor
5308,1,0,0,0,0,paid_search,term
5309,1,1,1,0,0,aggregator,health
5310,1,0,0,0,0,paid_search,motor
5311,1,1,0,0,0,paid_search,health
5312,1,0,0,0,0,paid_search,travel
5313,1,0,0,0,0,paid_search,motor
5314,1,1,0,0,0,social_media,term
5315,1,0,0,0,0,paid_search,health
5316,1,1,0,0,0,paid_search,health
5317,1,0,0,0,0,aggregator,term
5318,1,1,1,1,1,embedded_partner,motor
5319,1,0,0,0,0,paid_search,health
5320,1,0,0,0,0,paid_search,motor
5321,1,0,0,0,0,aggregator,term
5322,1,0,0,0,0,social_media,health
5323,1,1,1,0,0,embedded_partner,motor
5324,1,1,0,0,0,aggregator,motor
5325,1,0,0,0,0,aggregator,travel
5326,1,0,0,0,0,aggregator,motor
5327,1,1,0,0,0,social_media,motor
5328,1,1,0,0,0,embedded_partner,motor
5329,1,0,0,0,0,paid_search,health
5330,1,0,0,0,0,paid_search,motor
5331,1,1,0,0,0,organic_search,term
5332,1,1,0,0,0,organic_search,term
5333,1,0,0,0,0,aggregator,motor
5334,1,1,0,0,0,aggregator,health
5335,1,1,0,0,0,paid_search,motor
5336,1,1,0,0,0,organic_search,motor
5337,1,0,0,0,0,organic_search,health
5338,1,0,0,0,0,organic_search,motor
5339,1,0,0,0,0,embedded_partner,travel
5340,1,0,0,0,0,paid_search,health
5341,1,1,0,0,0,paid_search,motor
5342,1,1,1,0,0,aggregator,travel
5343,1,1,0,0,0,embedded_partner,health
5344,1,1,0,0,0,social_media,motor
5345,1,1,1,0,0,paid_search,health
5346,1,0,0,0,0,aggregator,travel
5347,1,1,0,0,0,organic_search,health
5348,1,0,0,0,0,organic_search,health
5349,1,1,1,0,0,organic_search,health
5350,1,1,1,1,1,aggregator,motor
5351,1,0,0,0,0,embedded_partner,motor
5352,1,0,0,0,0,organic_search,health
5353,1,1,0,0,0,organic_search,travel
5354,1,0,0,0,0,organic_search,term
5355,1,0,0,0,0,embedded_partner,motor
5356,1,0,0,0,0,embedded_partner,health
5357,1,0,0,0,0,social_media,motor
5358,1,1,1,0,0,paid_search,motor
5359,1,0,0,0,0,paid_search,term
5360,1,1,0,0,0,embedded_partner,motor
5361,1,0,0,0,0,social_media,term
5362,1,0,0,0,0,aggregator,health
5363,1,0,0,0,0,aggregator,term
5364,1,0,0,0,0,embedded_partner,travel
5365,1,1,0,0,0,embedded_partner,term
5366,1,1,1,1,1,referral,travel
5367,1,0,0,0,0,paid_search,term
5368,1,0,0,0,0,organic_search,health
5369,1,1,0,0,0,embedded_partner,motor
5370,1,0,0,0,0,paid_search,motor
5371,1,1,0,0,0,aggregator,travel
5372,1,0,0,0,0,referral,motor
5373,1,1,0,0,0,aggregator,travel
5374,1,0,0,0,0,social_media,motor
5375,1,0,0,0,0,organic_search,term
5376,1,1,0,0,0,organic_search,motor
5377,1,0,0,0,0,paid_search,travel
5378,1,1,1,1,1,organic_search,motor
5379,1,0,0,0,0,aggregator,motor
5380,1,0,0,0,0,embedded_partner,travel
5381,1,1,0,0,0,aggregator,motor
5382,1,0,0,0,0,organic_search,motor
5383,1,1,0,0,0,organic_search,travel
5384,1,0,0,0,0,aggregator,term
5385,1,0,0,0,0,aggregator,motor
5386,1,1,0,0,0,organic_search,health
5387,1,1,0,0,0,aggregator,motor
5388,1,0,0,0,0,aggregator,motor
5389,1,0,0,0,0,paid_search,health
5390,1,1,0,0,0,referral,motor
5391,1,0,0,0,0,social_media,health
5392,1,1,0,0,0,paid_search,motor
5393,1,1,0,0,0,referral,travel
5394,1,0,0,0,0,paid_search,health
5395,1,0,0,0,0,paid_search,motor
5396,1,0,0,0,0,paid_search,travel
5397,1,1,0,0,0,paid_search,term
5398,1,0,0,0,0,paid_search,motor
5399,1,1,0,0,0,organic_search,travel
5400,1,0,0,0,0,aggregator,motor
5401,1,1,1,0,0,organic_search,motor
5402,1,1,0,0,0,aggregator,motor
5403,1,1,0,0,0,paid_search,motor
5404,1,1,0,0,0,aggregator,term
5405,1,1,0,0,0,social_media,health
5406,1,0,0,0,0,organic_search,travel
5407,1,1,0,0,0,paid_search,motor
5408,1,1,0,0,0,aggregator,motor
5409,1,1,0,0,0,aggregator,motor
5410,1,0,0,0,0,embedded_partner,motor
5411,1,0,0,0,0,paid_search,travel
5412,1,0,0,0,0,organic_search,term
5413,1,1,1,1,1,paid_search,term
5414,1,1,0,0,0,aggregator,term
5415,1,0,0,0,0,organic_search,motor
5416,1,1,0,0,0,paid_search,motor
5417,1,0,0,0,0,aggregator,health
5418,1,1,0,0,0,referral,term
5419,1,1,0,0,0,aggregator,motor
5420,1,0,0,0,0,paid_search,motor
5421,1,1,1,0,0,paid_search,term
5422,1,1,0,0,0,social_media,motor
5423,1,1,0,0,0,organic_search,health
5424,1,0,0,0,0,aggregator,motor
5425,1,0,0,0,0,referral,health
5426,1,0,0,0,0,social_media,motor
5427,1,1,1,0,0,referral,travel
5428,1,0,0,0,0,embedded_partner,term
5429,1,1,0,0,0,embedded_partner,motor
5430,1,1,0,0,0,social_media,term
5431,1,1,0,0,0,paid_search,term
5432,1,0,0,0,0,paid_search,term
5433,1,0,0,0,0,organic_search,travel
5434,1,0,0,0,0,paid_search,term
5435,1,0,0,0,0,organic_search,motor
5436,1,0,0,0,0,aggregator,motor
5437,1,1,0,0,0,embedded_partner,motor
5438,1,1,0,0,0,aggregator,health
5439,1,1,1,1,1,referral,travel
5440,1,1,0,0,0,aggregator,health
5441,1,0,0,0,0,aggregator,motor
5442,1,1,0,0,0,embedded_partner,travel
5443,1,0,0,0,0,embedded_partner,term
5444,1,1,1,1,0,organic_search,motor
5445,1,0,0,0,0,referral,travel
5446,1,0,0,0,0,paid_search,motor
5447,1,0,0,0,0,embedded_partner,health
5448,1,1,1,1,1,paid_search,health
5449,1,0,0,0,0,social_media,travel
5450,1,0,0,0,0,paid_search,motor
5451,1,1,0,0,0,aggregator,motor
5452,1,0,0,0,0,social_media,term
5453,1,1,1,0,0,organic_search,travel
5454,1,1,1,0,0,aggregator,motor
5455,1,1,0,0,0,referral,motor
5456,1,1,0,0,0,social_media,travel
5457,1,0,0,0,0,aggregator,term
5458,1,0,0,0,0,social_media,motor
5459,1,1,0,0,0,aggregator,motor
5460,1,1,0,0,0,aggregator,health
5461,1,0,0,0,0,organic_search,term
5462,1,1,0,0,0,aggregator,health
5463,1,1,0,0,0,aggregator,term
5464,1,0,0,0,0,organic_search,motor
5465,1,0,0,0,0,aggregator,term
5466,1,1,0,0,0,embedded_partner,motor
5467,1,1,0,0,0,organic_search,travel
5468,1,0,0,0,0,aggregator,motor
5469,1,1,0,0,0,social_media,motor
5470,1,0,0,0,0,aggregator,motor
5471,1,0,0,0,0,social_media,motor
5472,1,1,0,0,0,aggregator,health
5473,1,1,1,1,1,referral,term
5474,1,1,0,0,0,aggregator,travel
5475,1,1,0,0,0,organic_search,health
5476,1,1,0,0,0,aggregator,health
5477,1,0,0,0,0,aggregator,motor
5478,1,0,0,0,0,paid_search,term
5479,1,0,0,0,0,social_media,motor
5480,1,0,0,0,0,referral,motor
5481,1,0,0,0,0,aggregator,motor
5482,1,0,0,0,0,aggregator,motor
5483,1,1,0,0,0,paid_search,health
5484,1,0,0,0,0,paid_search,motor
5485,1,0,0,0,0,embedded_partner,motor
5486,1,0,0,0,0,embedded_partner,term
5487,1,0,0,0,0,embedded_partner,motor
5488,1,0,0,0,0,aggregator,health
5489,1,1,1,1,1,paid_search,motor
5490,1,0,0,0,0,organic_search,travel
5491,1,0,0,0,0,paid_search,term
5492,1,1,0,0,0,organic_search,motor
5493,1,0,0,0,0,aggregator,travel
5494,1,0,0,0,0,paid_search,health
5495,1,1,1,1,1,embedded_partner,motor
5496,1,1,0,0,0,paid_search,term
5497,1,1,1,0,0,referral,term
5498,1,0,0,0,0,paid_search,motor
5499,1,1,1,1,1,aggregator,motor
5500,1,0,0,0,0,paid_search,motor
5501,1,1,0,0,0,aggregator,health
5502,1,0,0,0,0,social_media,travel
5503,1,0,0,0,0,aggregator,health
5504,1,0,0,0,0,social_media,travel
5505,1,1,1,0,0,embedded_partner,motor
5506,1,1,0,0,0,paid_search,term
5507,1,0,0,0,0,aggregator,travel
5508,1,0,0,0,0,paid_search,term
5509,1,1,1,0,0,organic_search,motor
5510,1,1,0,0,0,social_media,motor
5511,1,1,0,0,0,aggregator,motor
5512,1,1,0,0,0,social_media,health
5513,1,1,1,1,1,paid_search,travel
5514,1,0,0,0,0,paid_search,motor
5515,1,0,0,0,0,aggregator,motor
5516,1,1,0,0,0,referral,motor
5517,1,0,0,0,0,aggregator,health
5518,1,0,0,0,0,aggregator,health
5519,1,0,0,0,0,aggregator,motor
5520,1,0,0,0,0,social_media,term
5521,1,0,0,0,0,paid_search,motor
5522,1,0,0,0,0,aggregator,health
5523,1,0,0,0,0,paid_search,health
5524,1,0,0,0,0,organic_search,motor
5525,1,0,0,0,0,paid_search,health
5526,1,0,0,0,0,embedded_partner,term
5527,1,0,0,0,0,paid_search,health
5528,1,1,0,0,0,aggregator,term
5529,1,0,0,0,0,referral,health
5530,1,1,1,0,0,embedded_partner,motor
5531,1,1,0,0,0,paid_search,travel
5532,1,1,1,0,0,embedded_partner,travel
5533,1,0,0,0,0,social_media,motor
5534,1,0,0,0,0,paid_search,travel
5535,1,1,1,1,0,embedded_partner,term
5536,1,1,0,0,0,organic_search,motor
5537,1,0,0,0,0,paid_search,health
5538,1,0,0,0,0,social_media,motor
5539,1,1,0,0,0,paid_search,health
5540,1,1,0,0,0,aggregator,travel
5541,1,1,1,1,1,referral,motor
5542,1,0,0,0,0,social_media,health
5543,1,0,0,0,0,social_media,motor
5544,1,1,0,0,0,social_media,health
5545,1,0,0,0,0,social_media,term
5546,1,0,0,0,0,paid_search,motor
5547,1,0,0,0,0,referral,health
5548,1,0,0,0,0,social_media,motor
5549,1,0,0,0,0,organic_search,term
5550,1,0,0,0,0,paid_search,term
5551,1,1,1,0,0,paid_search,term
5552,1,1,0,0,0,aggregator,motor
5553,1,0,0,0,0,paid_search,health
5554,1,1,0,0,0,aggregator,term
5555,1,0,0,0,0,organic_search,term
5556,1,1,0,0,0,embedded_partner,health
5557,1,0,0,0,0,paid_search,travel
5558,1,0,0,0,0,paid_search,motor
5559,1,0,0,0,0,organic_search,motor
5560,1,1,0,0,0,aggregator,travel
5561,1,1,0,0,0,embedded_partner,motor
5562,1,0,0,0,0,paid_search,travel
5563,1,1,0,0,0,aggregator,health
5564,1,1,0,0,0,aggregator,travel
5565,1,1,1,1,1,referral,health
5566,1,0,0,0,0,aggregator,term
5567,1,1,1,1,1,organic_search,term
5568,1,0,0,0,0,aggregator,health
5569,1,0,0,0,0,aggregator,motor
5570,1,0,0,0,0,embedded_partner,motor
5571,1,0,0,0,0,aggregator,motor
5572,1,0,0,0,0,aggregator,travel
5573,1,0,0,0,0,social_media,motor
5574,1,1,0,0,0,embedded_partner,term
5575,1,1,1,1,1,paid_search,health
5576,1,1,1,1,1,aggregator,motor
5577,1,1,1,0,0,referral,travel
5578,1,0,0,0,0,organic_search,motor
5579,1,1,0,0,0,embedded_partner,health
5580,1,1,1,1,1,organic_search,health
5581,1,1,0,0,0,organic_search,motor
5582,1,0,0,0,0,paid_search,motor
5583,1,1,1,0,0,paid_search,term
5584,1,0,0,0,0,organic_search,motor
5585,1,0,0,0,0,organic_search,term
5586,1,0,0,0,0,referral,health
5587,1,0,0,0,0,social_media,motor
5588,1,1,0,0,0,paid_search,motor
5589,1,1,0,0,0,social_media,motor
5590,1,0,0,0,0,social_media,term
5591,1,1,1,0,0,paid_search,health
5592,1,0,0,0,0,organic_search,motor
5593,1,1,1,0,0,social_media,health
5594,1,0,0,0,0,aggregator,health
5595,1,0,0,0,0,social_media,health
5596,1,0,0,0,0,social_media,motor
5597,1,1,0,0,0,embedded_partner,motor
5598,1,1,1,1,0,paid_search,motor
5599,1,0,0,0,0,social_media,term
5600,1,1,0,0,0,social_media,term
5601,1,1,0,0,0,social_media,motor
5602,1,0,0,0,0,aggregator,motor
5603,1,0,0,0,0,embedded_partner,term
5604,1,0,0,0,0,embedded_partner,motor
5605,1,0,0,0,0,social_media,health
5606,1,1,0,0,0,social_media,health
5607,1,0,0,0,0,aggregator,motor
5608,1,0,0,0,0,social_media,health
5609,1,0,0,0,0,paid_search,motor
5610,1,0,0,0,0,organic_search,health
5611,1,0,0,0,0,aggregator,motor
5612,1,1,1,0,0,organic_search,health
5613,1,0,0,0,0,paid_search,health
5614,1,1,0,0,0,organic_search,motor
5615,1,1,0,0,0,social_media,health
5616,1,0,0,0,0,aggregator,term
5617,1,0,0,0,0,paid_search,travel
5618,1,0,0,0,0,embedded_partner,motor
5619,1,0,0,0,0,social_media,motor
5620,1,0,0,0,0,aggregator,motor
5621,1,0,0,0,0,paid_search,travel
5622,1,1,1,0,0,paid_search,health
5623,1,0,0,0,0,social_media,motor
5624,1,1,0,0,0,social_media,term
5625,1,0,0,0,0,aggregator,motor
5626,1,1,0,0,0,social_media,health
5627,1,1,0,0,0,organic_search,health
5628,1,0,0,0,0,organic_search,health
5629,1,0,0,0,0,aggregator,term
5630,1,0,0,0,0,paid_search,motor
5631,1,0,0,0,0,paid_search,health
5632,1,1,1,0,0,aggregator,health
5633,1,0,0,0,0,paid_search,motor
5634,1,0,0,0,0,aggregator,travel
5635,1,0,0,0,0,aggregator,term
5636,1,0,0,0,0,organic_search,travel
5637,1,0,0,0,0,paid_search,term
5638,1,0,0,0,0,organic_search,motor
5639,1,1,0,0,0,aggregator,health
5640,1,0,0,0,0,social_media,motor
5641,1,0,0,0,0,paid_search,motor
5642,1,1,0,0,0,organic_search,health
5643,1,0,0,0,0,organic_search,motor
5644,1,1,0,0,0,paid_search,motor
5645,1,0,0,0,0,social_media,term
5646,1,0,0,0,0,aggregator,motor
5647,1,0,0,0,0,social_media,health
5648,1,0,0,0,0,aggregator,term
5649,1,1,0,0,0,paid_search,health
5650,1,0,0,0,0,aggregator,motor
5651,1,1,0,0,0,embedded_partner,health
5652,1,0,0,0,0,paid_search,term
5653,1,0,0,0,0,social_media,travel
5654,1,0,0,0,0,paid_search,motor
5655,1,0,0,0,0,paid_search,motor
5656,1,0,0,0,0,aggregator,health
5657,1,0,0,0,0,embedded_partner,motor
5658,1,1,0,0,0,organic_search,term
5659,1,1,1,0,0,aggregator,term
5660,1,0,0,0,0,organic_search,term
5661,1,0,0,0,0,paid_search,travel
5662,1,0,0,0,0,aggregator,health
5663,1,0,0,0,0,social_media,travel
5664,1,1,0,0,0,aggregator,health
5665,1,0,0,0,0,aggregator,motor
5666,1,0,0,0,0,organic_search,term
5667,1,0,0,0,0,paid_search,term
5668,1,0,0,0,0,embedded_partner,travel
5669,1,1,1,1,0,organic_search,motor
5670,1,0,0,0,0,embedded_partner,motor
5671,1,0,0,0,0,social_media,term
5672,1,0,0,0,0,embedded_partner,motor
5673,1,1,1,1,0,paid_search,health
5674,1,1,1,1,1,social_media,health
5675,1,0,0,0,0,social_media,motor
5676,1,1,0,0,0,embedded_partner,motor
5677,1,0,0,0,0,aggregator,term
5678,1,1,0,0,0,social_media,motor
5679,1,0,0,0,0,organic_search,term
5680,1,0,0,0,0,paid_search,term
5681,1,1,0,0,0,embedded_partner,health
5682,1,0,0,0,0,paid_search,health
5683,1,1,0,0,0,aggregator,motor
5684,1,1,0,0,0,social_media,term
5685,1,0,0,0,0,paid_search,motor
5686,1,0,0,0,0,aggregator,motor
5687,1,1,0,0,0,aggregator,travel
5688,1,1,0,0,0,aggregator,motor
5689,1,0,0,0,0,organic_search,motor
5690,1,1,0,0,0,embedded_partner,travel
5691,1,0,0,0,0,social_media,motor
5692,1,0,0,0,0,aggregator,motor
5693,1,1,1,1,1,social_media,health
5694,1,1,1,1,0,embedded_partner,term
5695,1,1,0,0,0,organic_search,travel
5696,1,1,0,0,0,paid_search,term
5697,1,0,0,0,0,aggregator,travel
5698,1,0,0,0,0,embedded_partner,motor
5699,1,0,0,0,0,embedded_partner,health
5700,1,1,0,0,0,aggregator,motor
5701,1,1,1,0,0,embedded_partner,travel
5702,1,0,0,0,0,aggregator,travel
5703,1,0,0,0,0,aggregator,motor
5704,1,1,0,0,0,organic_search,term
5705,1,0,0,0,0,social_media,health
5706,1,0,0,0,0,paid_search,motor
5707,1,1,0,0,0,embedded_partner,health
5708,1,0,0,0,0,embedded_partner,travel
5709,1,1,0,0,0,aggregator,motor
5710,1,0,0,0,0,social_media,motor
5711,1,1,0,0,0,organic_search,travel
5712,1,0,0,0,0,social_media,health
5713,1,1,0,0,0,referral,health
5714,1,0,0,0,0,organic_search,term
5715,1,1,0,0,0,aggregator,health
5716,1,0,0,0,0,aggregator,motor
5717,1,1,0,0,0,embedded_partner,motor
5718,1,1,1,1,0,referral,term
5719,1,1,0,0,0,aggregator,health
5720,1,0,0,0,0,aggregator,term
5721,1,0,0,0,0,organic_search,travel
5722,1,0,0,0,0,aggregator,motor
5723,1,1,0,0,0,aggregator,travel
5724,1,0,0,0,0,embedded_partner,term
5725,1,1,1,1,1,embedded_partner,travel
5726,1,0,0,0,0,embedded_partner,motor
5727,1,0,0,0,0,organic_search,motor
5728,1,1,0,0,0,paid_search,term
5729,1,0,0,0,0,embedded_partner,travel
5730,1,0,0,0,0,paid_search,travel
5731,1,1,0,0,0,paid_search,health
5732,1,0,0,0,0,embedded_partner,health
5733,1,0,0,0,0,organic_search,motor
5734,1,1,0,0,0,embedded_partner,term
5735,1,0,0,0,0,aggregator,term
5736,1,1,1,1,1,referral,term
5737,1,0,0,0,0,social_media,motor
5738,1,0,0,0,0,organic_search,travel
5739,1,0,0,0,0,embedded_partner,motor
5740,1,0,0,0,0,paid_search,health
5741,1,1,0,0,0,organic_search,health
5742,1,1,0,0,0,social_media,health
5743,1,1,1,0,0,organic_search,term
5744,1,0,0,0,0,embedded_partner,health
5745,1,1,1,0,0,organic_search,motor
5746,1,1,0,0,0,aggregator,motor
5747,1,0,0,0,0,aggregator,health
5748,1,1,0,0,0,referral,term
5749,1,1,1,0,0,referral,health
5750,1,1,1,0,0,referral,motor
5751,1,0,0,0,0,aggregator,motor
5752,1,0,0,0,0,paid_search,term
5753,1,0,0,0,0,organic_search,health
5754,1,1,0,0,0,organic_search,health
5755,1,0,0,0,0,aggregator,health
5756,1,0,0,0,0,social_media,motor
5757,1,0,0,0,0,aggregator,motor
5758,1,0,0,0,0,social_media,motor
5759,1,0,0,0,0,aggregator,term
5760,1,1,0,0,0,aggregator,motor
5761,1,1,0,0,0,aggregator,motor
5762,1,1,0,0,0,embedded_partner,travel
5763,1,0,0,0,0,organic_search,motor
5764,1,1,0,0,0,referral,health
5765,1,1,0,0,0,paid_search,motor
5766,1,1,0,0,0,paid_search,motor
5767,1,0,0,0,0,paid_search,motor
5768,1,1,0,0,0,social_media,travel
5769,1,0,0,0,0,paid_search,health
5770,1,1,0,0,0,organic_search,term
5771,1,1,0,0,0,embedded_partner,travel
5772,1,0,0,0,0,embedded_partner,motor
5773,1,0,0,0,0,aggregator,term
5774,1,0,0,0,0,social_media,motor
5775,1,1,0,0,0,aggregator,health
5776,1,0,0,0,0,aggregator,term
5777,1,0,0,0,0,organic_search,motor
5778,1,0,0,0,0,social_media,travel
5779,1,0,0,0,0,organic_search,health
5780,1,1,1,1,1,aggregator,motor
5781,1,0,0,0,0,referral,motor
5782,1,1,0,0,0,referral,health
5783,1,1,0,0,0,paid_search,health
5784,1,1,1,0,0,embedded_partner,motor
5785,1,1,0,0,0,aggregator,health
5786,1,1,0,0,0,organic_search,motor
5787,1,1,0,0,0,embedded_partner,travel
5788,1,1,0,0,0,embedded_partner,motor
5789,1,0,0,0,0,embedded_partner,health
5790,1,1,0,0,0,paid_search,term
5791,1,1,0,0,0,embedded_partner,term
5792,1,0,0,0,0,organic_search,travel
5793,1,1,1,0,0,aggregator,travel
5794,1,0,0,0,0,aggregator,motor
5795,1,0,0,0,0,organic_search,motor
5796,1,0,0,0,0,social_media,term
5797,1,0,0,0,0,social_media,motor
5798,1,1,0,0,0,embedded_partner,term
5799,1,0,0,0,0,organic_search,motor
5800,1,0,0,0,0,paid_search,travel
5801,1,0,0,0,0,paid_search,term
5802,1,0,0,0,0,social_media,health
5803,1,1,0,0,0,organic_search,health
5804,1,1,0,0,0,social_media,travel
5805,1,0,0,0,0,social_media,term
5806,1,1,0,0,0,organic_search,term
5807,1,1,1,1,1,organic_search,term
5808,1,0,0,0,0,embedded_partner,motor
5809,1,0,0,0,0,aggregator,motor
5810,1,0,0,0,0,organic_search,motor
5811,1,0,0,0,0,social_media,term
5812,1,0,0,0,0,aggregator,health
5813,1,1,0,0,0,organic_search,motor
5814,1,1,1,0,0,organic_search,travel
5815,1,1,0,0,0,social_media,motor
5816,1,1,0,0,0,organic_search,term
5817,1,1,0,0,0,paid_search,health
5818,1,0,0,0,0,aggregator,health
5819,1,1,1,0,0,paid_search,motor
5820,1,1,1,0,0,paid_search,term
5821,1,0,0,0,0,organic_search,term
5822,1,1,0,0,0,embedded_partner,motor
5823,1,1,0,0,0,organic_search,health
5824,1,1,0,0,0,aggregator,health
5825,1,1,0,0,0,paid_search,motor
5826,1,1,0,0,0,aggregator,health
5827,1,1,0,0,0,organic_search,health
5828,1,1,0,0,0,aggregator,travel
5829,1,0,0,0,0,social_media,term
5830,1,1,1,0,0,organic_search,motor
5831,1,1,0,0,0,organic_search,term
5832,1,0,0,0,0,paid_search,motor
5833,1,1,1,1,1,paid_search,travel
5834,1,1,0,0,0,organic_search,health
5835,1,0,0,0,0,social_media,motor
5836,1,0,0,0,0,aggregator,term
5837,1,1,0,0,0,embedded_partner,motor
5838,1,1,1,1,0,social_media,travel
5839,1,0,0,0,0,social_media,travel
5840,1,1,0,0,0,aggregator,term
5841,1,0,0,0,0,paid_search,health
5842,1,0,0,0,0,paid_search,health
5843,1,1,0,0,0,paid_search,health
5844,1,1,0,0,0,social_media,motor
5845,1,1,0,0,0,paid_search,travel
5846,1,0,0,0,0,embedded_partner,motor
5847,1,1,1,0,0,referral,motor
5848,1,0,0,0,0,aggregator,motor
5849,1,0,0,0,0,aggregator,travel
5850,1,0,0,0,0,organic_search,travel
5851,1,0,0,0,0,referral,motor
5852,1,0,0,0,0,embedded_partner,motor
5853,1,1,0,0,0,aggregator,term
5854,1,0,0,0,0,paid_search,health
5855,1,1,0,0,0,aggregator,travel
5856,1,1,0,0,0,embedded_partner,travel
5857,1,1,0,0,0,social_media,term
5858,1,0,0,0,0,social_media,motor
5859,1,0,0,0,0,social_media,term
5860,1,0,0,0,0,paid_search,travel
5861,1,1,0,0,0,social_media,motor
5862,1,0,0,0,0,aggregator,travel
5863,1,0,0,0,0,social_media,health
5864,1,0,0,0,0,organic_search,travel
5865,1,1,0,0,0,organic_search,term
5866,1,0,0,0,0,paid_search,motor
5867,1,0,0,0,0,embedded_partner,health
5868,1,1,0,0,0,organic_search,motor
5869,1,0,0,0,0,aggregator,motor
5870,1,0,0,0,0,aggregator,travel
5871,1,1,0,0,0,social_media,motor
5872,1,1,0,0,0,paid_search,travel
5873,1,0,0,0,0,aggregator,motor
5874,1,0,0,0,0,aggregator,term
5875,1,0,0,0,0,aggregator,travel
5876,1,0,0,0,0,social_media,term
5877,1,0,0,0,0,social_media,travel
5878,1,0,0,0,0,aggregator,travel
5879,1,0,0,0,0,organic_search,health
5880,1,0,0,0,0,paid_search,term
5881,1,1,1,1,1,paid_search,motor
5882,1,0,0,0,0,aggregator,health
5883,1,0,0,0,0,organic_search,motor
5884,1,0,0,0,0,referral,term
5885,1,0,0,0,0,social_media,term
5886,1,0,0,0,0,aggregator,health
5887,1,0,0,0,0,paid_search,travel
5888,1,0,0,0,0,aggregator,motor
5889,1,1,0,0,0,embedded_partner,travel
5890,1,0,0,0,0,aggregator,motor
5891,1,1,0,0,0,referral,motor
5892,1,0,0,0,0,social_media,health
5893,1,0,0,0,0,social_media,motor
5894,1,0,0,0,0,embedded_partner,term
5895,1,1,0,0,0,aggregator,term
5896,1,1,0,0,0,organic_search,term
5897,1,0,0,0,0,aggregator,motor
5898,1,0,0,0,0,embedded_partner,motor
5899,1,0,0,0,0,social_media,motor
5900,1,1,0,0,0,aggregator,health
5901,1,0,0,0,0,embedded_partner,motor
5902,1,0,0,0,0,aggregator,motor
5903,1,1,1,0,0,aggregator,term
5904,1,0,0,0,0,organic_search,travel
5905,1,1,0,0,0,paid_search,term
5906,1,0,0,0,0,embedded_partner,motor
5907,1,0,0,0,0,social_media,health
5908,1,0,0,0,0,social_media,motor
5909,1,0,0,0,0,paid_search,motor
5910,1,1,1,1,1,aggregator,health
5911,1,1,1,1,1,referral,travel
5912,1,0,0,0,0,aggregator,health
5913,1,0,0,0,0,social_media,motor
5914,1,0,0,0,0,paid_search,health
5915,1,0,0,0,0,paid_search,travel
5916,1,0,0,0,0,social_media,motor
5917,1,0,0,0,0,organic_search,term
5918,1,1,0,0,0,organic_search,motor
5919,1,1,0,0,0,embedded_partner,motor
5920,1,0,0,0,0,paid_search,travel
5921,1,1,1,0,0,paid_search,motor
5922,1,0,0,0,0,aggregator,term
5923,1,0,0,0,0,organic_search,motor
5924,1,1,0,0,0,paid_search,health
5925,1,0,0,0,0,social_media,health
5926,1,0,0,0,0,aggregator,travel
5927,1,0,0,0,0,embedded_partner,term
5928,1,0,0,0,0,embedded_partner,term
5929,1,1,0,0,0,embedded_partner,motor
5930,1,1,1,0,0,aggregator,motor
5931,1,1,0,0,0,referral,health
5932,1,1,1,1,1,aggregator,health
5933,1,1,0,0,0,paid_search,motor
5934,1,0,0,0,0,aggregator,travel
5935,1,0,0,0,0,paid_search,motor
5936,1,0,0,0,0,social_media,motor
5937,1,0,0,0,0,aggregator,travel
5938,1,0,0,0,0,paid_search,health
5939,1,0,0,0,0,organic_search,term
5940,1,1,1,0,0,embedded_partner,motor
5941,1,1,0,0,0,organic_search,health
5942,1,0,0,0,0,social_media,health
5943,1,0,0,0,0,aggregator,motor
5944,1,1,1,1,1,embedded_partner,term
5945,1,0,0,0,0,aggregator,motor
5946,1,0,0,0,0,paid_search,motor
5947,1,0,0,0,0,aggregator,motor
5948,1,0,0,0,0,organic_search,motor
5949,1,0,0,0,0,paid_search,motor
5950,1,1,0,0,0,organic_search,term
5951,1,0,0,0,0,paid_search,health
5952,1,1,0,0,0,paid_search,motor
5953,1,0,0,0,0,paid_search,health
5954,1,1,0,0,0,aggregator,motor
5955,1,1,0,0,0,paid_search,health
5956,1,1,0,0,0,social_media,travel
5957,1,0,0,0,0,social_media,term
5958,1,1,1,0,0,aggregator,term
5959,1,1,0,0,0,organic_search,motor
5960,1,0,0,0,0,paid_search,motor
5961,1,1,0,0,0,aggregator,term
5962,1,0,0,0,0,aggregator,health
5963,1,0,0,0,0,social_media,health
5964,1,0,0,0,0,paid_search,travel
5965,1,0,0,0,0,organic_search,motor
5966,1,0,0,0,0,aggregator,term
5967,1,0,0,0,0,organic_search,health
5968,1,1,0,0,0,paid_search,motor
5969,1,1,0,0,0,social_media,motor
5970,1,1,0,0,0,organic_search,health
5971,1,1,1,1,0,paid_search,motor
5972,1,1,0,0,0,aggregator,term
5973,1,0,0,0,0,social_media,term
5974,1,0,0,0,0,referral,health
5975,1,0,0,0,0,referral,health
5976,1,0,0,0,0,aggregator,health
5977,1,0,0,0,0,organic_search,health
5978,1,1,0,0,0,paid_search,travel
5979,1,0,0,0,0,aggregator,motor
5980,1,1,1,0,0,organic_search,travel
5981,1,0,0,0,0,social_media,motor
5982,1,0,0,0,0,social_media,motor
5983,1,0,0,0,0,embedded_partner,term
5984,1,1,0,0,0,paid_search,motor
5985,1,0,0,0,0,organic_search,motor
5986,1,0,0,0,0,paid_search,motor
5987,1,0,0,0,0,aggregator,term
5988,1,0,0,0,0,paid_search,health
5989,1,1,1,0,0,referral,motor
5990,1,0,0,0,0,social_media,health
5991,1,0,0,0,0,aggregator,motor
5992,1,0,0,0,0,organic_search,travel
5993,1,1,0,0,0,referral,motor
5994,1,1,1,1,0,embedded_partner,health
5995,1,0,0,0,0,social_media,health
5996,1,0,0,0,0,paid_search,health
5997,1,0,0,0,0,social_media,travel
5998,1,1,0,0,0,embedded_partner,motor
5999,1,1,0,0,0,embedded_partner,term
6000,1,0,0,0,0,embedded_partner,health
6001,1,0,0,0,0,paid_search,term
6002,1,0,0,0,0,aggregator,motor
6003,1,0,0,0,0,social_media,motor
6004,1,0,0,0,0,aggregator,motor
6005,1,1,0,0,0,aggregator,motor
6006,1,0,0,0,0,social_media,travel
6007,1,0,0,0,0,organic_search,term
6008,1,1,0,0,0,embedded_partner,motor
6009,1,0,0,0,0,organic_search,health
6010,1,1,0,0,0,embedded_partner,term
6011,1,0,0,0,0,organic_search,motor
6012,1,0,0,0,0,organic_search,health
6013,1,1,0,0,0,aggregator,term
6014,1,0,0,0,0,social_media,motor
6015,1,1,1,0,0,aggregator,health
6016,1,1,0,0,0,aggregator,motor
6017,1,1,1,0,0,aggregator,motor
6018,1,1,1,1,1,embedded_partner,term
6019,1,1,0,0,0,organic_search,term
6020,1,0,0,0,0,referral,travel
6021,1,1,1,0,0,referral,motor
6022,1,1,1,1,1,embedded_partner,term
6023,1,0,0,0,0,aggregator,travel
6024,1,1,1,0,0,embedded_partner,health
6025,1,1,0,0,0,embedded_partner,travel
6026,1,0,0,0,0,embedded_partner,travel
6027,1,1,0,0,0,aggregator,term
6028,1,0,0,0,0,aggregator,travel
6029,1,0,0,0,0,embedded_partner,health
6030,1,0,0,0,0,aggregator,health
6031,1,0,0,0,0,paid_search,travel
6032,1,0,0,0,0,paid_search,term
6033,1,0,0,0,0,aggregator,motor
6034,1,1,1,1,1,aggregator,motor
6035,1,1,0,0,0,referral,motor
6036,1,0,0,0,0,embedded_partner,travel
6037,1,0,0,0,0,embedded_partner,motor
6038,1,0,0,0,0,paid_search,motor
6039,1,0,0,0,0,aggregator,health
6040,1,1,0,0,0,paid_search,motor
6041,1,0,0,0,0,paid_search,travel
6042,1,0,0,0,0,aggregator,health
6043,1,0,0,0,0,organic_search,motor
6044,1,1,0,0,0,referral,motor
6045,1,0,0,0,0,social_media,term
6046,1,0,0,0,0,paid_search,health
6047,1,0,0,0,0,paid_search,health
6048,1,1,0,0,0,aggregator,motor
6049,1,1,0,0,0,paid_search,travel
6050,1,1,0,0,0,social_media,term
6051,1,0,0,0,0,paid_search,term
6052,1,0,0,0,0,social_media,health
6053,1,0,0,0,0,embedded_partner,travel
6054,1,0,0,0,0,aggregator,term
6055,1,0,0,0,0,aggregator,health
6056,1,0,0,0,0,aggregator,travel
6057,1,0,0,0,0,aggregator,travel
6058,1,0,0,0,0,social_media,term
6059,1,0,0,0,0,embedded_partner,term
6060,1,0,0,0,0,embedded_partner,health
6061,1,0,0,0,0,social_media,health
6062,1,0,0,0,0,paid_search,motor
6063,1,0,0,0,0,aggregator,health
6064,1,0,0,0,0,paid_search,motor
6065,1,0,0,0,0,paid_search,motor
6066,1,0,0,0,0,embedded_partner,travel
6067,1,1,0,0,0,social_media,motor
6068,1,0,0,0,0,aggregator,term
6069,1,1,0,0,0,paid_search,motor
6070,1,1,1,0,0,aggregator,motor
6071,1,0,0,0,0,embedded_partner,motor
6072,1,0,0,0,0,aggregator,health
6073,1,1,0,0,0,aggregator,health
6074,1,1,1,1,1,aggregator,motor
6075,1,1,0,0,0,embedded_partner,term
6076,1,0,0,0,0,social_media,health
6077,1,1,0,0,0,social_media,motor
6078,1,0,0,0,0,paid_search,motor
6079,1,1,0,0,0,aggregator,motor
6080,1,0,0,0,0,embedded_partner,motor
6081,1,0,0,0,0,aggregator,motor
6082,1,0,0,0,0,aggregator,term
6083,1,0,0,0,0,social_media,term
6084,1,1,0,0,0,aggregator,travel
6085,1,0,0,0,0,aggregator,term
6086,1,0,0,0,0,embedded_partner,health
6087,1,0,0,0,0,social_media,motor
6088,1,0,0,0,0,aggregator,motor
6089,1,0,0,0,0,paid_search,health
6090,1,1,1,1,1,organic_search,motor
6091,1,0,0,0,0,aggregator,motor
6092,1,0,0,0,0,aggregator,travel
6093,1,0,0,0,0,social_media,motor
6094,1,1,0,0,0,social_media,motor
6095,1,1,0,0,0,referral,travel
6096,1,1,0,0,0,paid_search,motor
6097,1,0,0,0,0,aggregator,motor
6098,1,0,0,0,0,social_media,motor
6099,1,0,0,0,0,social_media,health
6100,1,1,0,0,0,aggregator,travel
6101,1,0,0,0,0,social_media,term
6102,1,1,1,0,0,aggregator,health
6103,1,1,0,0,0,embedded_partner,motor
6104,1,1,0,0,0,embedded_partner,motor
6105,1,0,0,0,0,paid_search,health
6106,1,1,0,0,0,referral,motor
6107,1,1,0,0,0,referral,motor
6108,1,0,0,0,0,aggregator,term
6109,1,1,0,0,0,paid_search,travel
6110,1,0,0,0,0,social_media,travel
6111,1,0,0,0,0,aggregator,term
6112,1,1,0,0,0,paid_search,health
6113,1,0,0,0,0,paid_search,term
6114,1,1,0,0,0,referral,travel
6115,1,1,1,0,0,paid_search,motor
6116,1,0,0,0,0,organic_search,health
6117,1,1,1,0,0,paid_search,motor
6118,1,1,0,0,0,aggregator,travel
6119,1,0,0,0,0,embedded_partner,travel
6120,1,1,0,0,0,aggregator,term
6121,1,1,0,0,0,aggregator,motor
6122,1,0,0,0,0,paid_search,travel
6123,1,1,1,0,0,organic_search,motor
6124,1,1,0,0,0,paid_search,motor
6125,1,0,0,0,0,aggregator,health
6126,1,1,0,0,0,paid_search,term
6127,1,1,0,0,0,aggregator,travel
6128,1,1,0,0,0,aggregator,motor
6129,1,1,0,0,0,social_media,motor
6130,1,0,0,0,0,aggregator,health
6131,1,0,0,0,0,paid_search,motor
6132,1,0,0,0,0,social_media,travel
6133,1,1,0,0,0,organic_search,motor
6134,1,0,0,0,0,paid_search,motor
6135,1,1,0,0,0,paid_search,health
6136,1,0,0,0,0,aggregator,term
6137,1,1,0,0,0,referral,travel
6138,1,0,0,0,0,aggregator,motor
6139,1,0,0,0,0,aggregator,motor
6140,1,0,0,0,0,paid_search,travel
6141,1,0,0,0,0,aggregator,health
6142,1,0,0,0,0,aggregator,motor
6143,1,1,0,0,0,aggregator,motor
6144,1,0,0,0,0,social_media,travel
6145,1,0,0,0,0,social_media,term
6146,1,1,1,1,1,organic_search,motor
6147,1,0,0,0,0,organic_search,motor
6148,1,0,0,0,0,paid_search,motor
6149,1,1,0,0,0,embedded_partner,motor
6150,1,0,0,0,0,organic_search,motor
6151,1,1,0,0,0,embedded_partner,motor
6152,1,0,0,0,0,organic_search,motor
6153,1,0,0,0,0,paid_search,motor
6154,1,1,0,0,0,paid_search,health
6155,1,1,0,0,0,paid_search,health
6156,1,0,0,0,0,aggregator,term
6157,1,0,0,0,0,paid_search,motor
6158,1,0,0,0,0,aggregator,travel
6159,1,1,0,0,0,aggregator,travel
6160,1,0,0,0,0,referral,travel
6161,1,0,0,0,0,organic_search,motor
6162,1,0,0,0,0,social_media,motor
6163,1,1,0,0,0,paid_search,health
6164,1,1,0,0,0,social_media,motor
6165,1,0,0,0,0,embedded_partner,motor
6166,1,1,0,0,0,organic_search,motor
6167,1,0,0,0,0,social_media,health
6168,1,0,0,0,0,paid_search,term
6169,1,1,1,0,0,paid_search,motor
6170,1,0,0,0,0,organic_search,travel
6171,1,0,0,0,0,referral,term
6172,1,0,0,0,0,paid_search,motor
6173,1,0,0,0,0,paid_search,health
6174,1,0,0,0,0,paid_search,motor
6175,1,1,1,1,1,paid_search,travel
6176,1,1,1,0,0,referral,term
6177,1,1,0,0,0,organic_search,term
6178,1,0,0,0,0,paid_search,term
6179,1,0,0,0,0,paid_search,motor
6180,1,0,0,0,0,paid_search,travel
6181,1,1,1,0,0,aggregator,travel
6182,1,0,0,0,0,social_media,term
6183,1,1,0,0,0,embedded_partner,health
6184,1,0,0,0,0,organic_search,motor
6185,1,0,0,0,0,aggregator,motor
6186,1,1,0,0,0,organic_search,motor
6187,1,0,0,0,0,organic_search,health
6188,1,0,0,0,0,paid_search,term
6189,1,0,0,0,0,social_media,travel
6190,1,0,0,0,0,social_media,motor
6191,1,1,0,0,0,embedded_partner,motor
6192,1,0,0,0,0,aggregator,motor
6193,1,0,0,0,0,aggregator,travel
6194,1,0,0,0,0,social_media,term
6195,1,0,0,0,0,aggregator,health
6196,1,1,0,0,0,paid_search,health
6197,1,1,1,1,1,organic_search,health
6198,1,0,0,0,0,aggregator,motor
6199,1,1,0,0,0,paid_search,motor
6200,1,0,0,0,0,referral,motor
6201,1,0,0,0,0,social_media,motor
6202,1,0,0,0,0,social_media,health
6203,1,0,0,0,0,social_media,motor
6204,1,0,0,0,0,aggregator,term
6205,1,0,0,0,0,aggregator,health
6206,1,1,1,0,0,organic_search,health
6207,1,0,0,0,0,paid_search,travel
6208,1,0,0,0,0,paid_search,motor
6209,1,0,0,0,0,aggregator,health
6210,1,0,0,0,0,embedded_partner,motor
6211,1,0,0,0,0,aggregator,term
6212,1,1,0,0,0,organic_search,health
6213,1,0,0,0,0,paid_search,motor
6214,1,1,0,0,0,social_media,motor
6215,1,1,1,0,0,aggregator,term
6216,1,1,0,0,0,aggregator,term
6217,1,1,1,0,0,social_media,term
6218,1,1,0,0,0,organic_search,health
6219,1,1,0,0,0,aggregator,health
6220,1,0,0,0,0,paid_search,health
6221,1,1,0,0,0,paid_search,motor
6222,1,0,0,0,0,aggregator,health
6223,1,0,0,0,0,social_media,health
6224,1,0,0,0,0,aggregator,term
6225,1,0,0,0,0,social_media,health
6226,1,1,0,0,0,aggregator,health
6227,1,0,0,0,0,social_media,travel
6228,1,0,0,0,0,paid_search,travel
6229,1,0,0,0,0,paid_search,motor
6230,1,1,0,0,0,paid_search,travel
6231,1,0,0,0,0,embedded_partner,motor
6232,1,1,0,0,0,social_media,travel
6233,1,0,0,0,0,embedded_partner,motor
6234,1,0,0,0,0,aggregator,health
6235,1,0,0,0,0,paid_search,travel
6236,1,1,1,1,0,aggregator,motor
6237,1,1,0,0,0,paid_search,term
6238,1,0,0,0,0,organic_search,health
6239,1,0,0,0,0,embedded_partner,motor
6240,1,1,1,0,0,social_media,travel
6241,1,0,0,0,0,social_media,health
6242,1,1,1,0,0,aggregator,travel
6243,1,0,0,0,0,aggregator,travel
6244,1,1,0,0,0,organic_search,motor
6245,1,0,0,0,0,aggregator,motor
6246,1,1,0,0,0,aggregator,motor
6247,1,1,1,1,1,referral,health
6248,1,1,0,0,0,referral,motor
6249,1,0,0,0,0,social_media,motor
6250,1,0,0,0,0,paid_search,term
6251,1,1,0,0,0,embedded_partner,motor
6252,1,0,0,0,0,aggregator,term
6253,1,0,0,0,0,paid_search,health
6254,1,1,0,0,0,paid_search,motor
6255,1,1,1,1,1,embedded_partner,motor
6256,1,1,1,1,1,embedded_partner,motor
6257,1,1,0,0,0,organic_search,health
6258,1,0,0,0,0,aggregator,motor
6259,1,1,0,0,0,social_media,term
6260,1,1,0,0,0,aggregator,term
6261,1,0,0,0,0,embedded_partner,motor
6262,1,1,0,0,0,aggregator,travel
6263,1,0,0,0,0,aggregator,travel
6264,1,1,0,0,0,organic_search,motor
6265,1,0,0,0,0,paid_search,travel
6266,1,0,0,0,0,embedded_partner,motor
6267,1,0,0,0,0,aggregator,term
6268,1,0,0,0,0,embedded_partner,motor
6269,1,1,0,0,0,aggregator,term
6270,1,0,0,0,0,aggregator,term
6271,1,0,0,0,0,paid_search,travel
6272,1,1,1,0,0,aggregator,travel
6273,1,1,0,0,0,social_media,motor
6274,1,1,0,0,0,aggregator,term
6275,1,0,0,0,0,aggregator,motor
6276,1,1,0,0,0,organic_search,motor
6277,1,1,0,0,0,aggregator,motor
6278,1,0,0,0,0,organic_search,travel
6279,1,1,1,0,0,organic_search,term
6280,1,0,0,0,0,aggregator,motor
6281,1,0,0,0,0,organic_search,travel
6282,1,1,1,0,0,paid_search,term
6283,1,1,0,0,0,paid_search,motor
6284,1,0,0,0,0,aggregator,health
6285,1,0,0,0,0,embedded_partner,term
6286,1,0,0,0,0,social_media,term
6287,1,0,0,0,0,social_media,health
6288,1,0,0,0,0,referral,health
6289,1,0,0,0,0,paid_search,motor
6290,1,0,0,0,0,embedded_partner,health
6291,1,1,1,0,0,organic_search,motor
6292,1,1,0,0,0,embedded_partner,motor
6293,1,1,0,0,0,embedded_partner,motor
6294,1,0,0,0,0,referral,health
6295,1,0,0,0,0,aggregator,health
6296,1,1,1,1,0,organic_search,health
6297,1,1,0,0,0,embedded_partner,motor
6298,1,1,0,0,0,social_media,travel
6299,1,0,0,0,0,paid_search,motor
6300,1,0,0,0,0,referral,health
6301,1,0,0,0,0,aggregator,motor
6302,1,0,0,0,0,social_media,term
6303,1,0,0,0,0,social_media,health
6304,1,1,0,0,0,aggregator,health
6305,1,0,0,0,0,organic_search,travel
6306,1,1,0,0,0,aggregator,term
6307,1,1,0,0,0,organic_search,health
6308,1,0,0,0,0,embedded_partner,health
6309,1,1,0,0,0,paid_search,travel
6310,1,1,0,0,0,organic_search,travel
6311,1,0,0,0,0,aggregator,term
6312,1,1,0,0,0,embedded_partner,term
6313,1,1,1,1,1,referral,travel
6314,1,0,0,0,0,aggregator,travel
6315,1,0,0,0,0,organic_search,motor
6316,1,1,0,0,0,social_media,travel
6317,1,0,0,0,0,social_media,term
6318,1,1,1,1,1,organic_search,health
6319,1,0,0,0,0,social_media,health
6320,1,0,0,0,0,social_media,motor
6321,1,1,1,0,0,aggregator,term
6322,1,1,0,0,0,paid_search,term
6323,1,0,0,0,0,embedded_partner,motor
6324,1,0,0,0,0,aggregator,health
6325,1,1,0,0,0,social_media,motor
6326,1,0,0,0,0,aggregator,health
6327,1,0,0,0,0,embedded_partner,health
6328,1,0,0,0,0,social_media,health
6329,1,0,0,0,0,paid_search,motor
6330,1,1,0,0,0,aggregator,motor
6331,1,0,0,0,0,paid_search,motor
6332,1,0,0,0,0,referral,health
6333,1,0,0,0,0,social_media,travel
6334,1,0,0,0,0,paid_search,term
6335,1,0,0,0,0,organic_search,term
6336,1,1,1,0,0,paid_search,motor
6337,1,0,0,0,0,paid_search,motor
6338,1,0,0,0,0,paid_search,travel
6339,1,0,0,0,0,aggregator,health
6340,1,0,0,0,0,organic_search,motor
6341,1,1,0,0,0,embedded_partner,health
6342,1,1,1,1,1,embedded_partner,term
6343,1,1,0,0,0,embedded_partner,motor
6344,1,0,0,0,0,paid_search,motor
6345,1,0,0,0,0,paid_search,health
6346,1,0,0,0,0,social_media,motor
6347,1,0,0,0,0,referral,health
6348,1,0,0,0,0,organic_search,term
6349,1,1,0,0,0,social_media,travel
6350,1,0,0,0,0,organic_search,motor
6351,1,1,0,0,0,organic_search,motor
6352,1,0,0,0,0,embedded_partner,health
6353,1,1,1,0,0,organic_search,motor
6354,1,0,0,0,0,paid_search,travel
6355,1,0,0,0,0,paid_search,term
6356,1,0,0,0,0,social_media,health
6357,1,0,0,0,0,paid_search,term
6358,1,1,0,0,0,referral,motor
6359,1,0,0,0,0,social_media,health
6360,1,0,0,0,0,social_media,travel
6361,1,0,0,0,0,paid_search,motor
6362,1,0,0,0,0,social_media,motor
6363,1,0,0,0,0,social_media,travel
6364,1,0,0,0,0,aggregator,health
6365,1,0,0,0,0,embedded_partner,motor
6366,1,0,0,0,0,paid_search,motor
6367,1,0,0,0,0,paid_search,health
6368,1,0,0,0,0,aggregator,health
6369,1,1,0,0,0,social_media,health
6370,1,1,0,0,0,organic_search,motor
6371,1,1,0,0,0,embedded_partner,motor
6372,1,1,1,0,0,aggregator,health
6373,1,0,0,0,0,referral,travel
6374,1,1,0,0,0,organic_search,health
6375,1,1,0,0,0,paid_search,health
6376,1,1,0,0,0,aggregator,term
6377,1,1,1,0,0,paid_search,motor
6378,1,0,0,0,0,embedded_partner,motor
6379,1,1,0,0,0,paid_search,motor
6380,1,0,0,0,0,paid_search,motor
6381,1,1,0,0,0,organic_search,travel
6382,1,1,0,0,0,embedded_partner,motor
6383,1,1,1,1,1,organic_search,travel
6384,1,1,0,0,0,organic_search,motor
6385,1,0,0,0,0,aggregator,health
6386,1,1,0,0,0,embedded_partner,motor
6387,1,1,0,0,0,paid_search,motor
6388,1,0,0,0,0,aggregator,motor
6389,1,0,0,0,0,referral,term
6390,1,0,0,0,0,aggregator,health
6391,1,1,0,0,0,aggregator,term
6392,1,0,0,0,0,social_media,travel
6393,1,1,0,0,0,paid_search,health
6394,1,0,0,0,0,aggregator,travel
6395,1,0,0,0,0,social_media,motor
6396,1,1,1,0,0,organic_search,motor
6397,1,1,0,0,0,organic_search,health
6398,1,1,0,0,0,aggregator,health
6399,1,0,0,0,0,social_media,health
6400,1,0,0,0,0,embedded_partner,health
6401,1,0,0,0,0,aggregator,travel
6402,1,0,0,0,0,aggregator,motor
6403,1,0,0,0,0,aggregator,term
6404,1,0,0,0,0,social_media,health
6405,1,1,0,0,0,aggregator,health
6406,1,1,0,0,0,organic_search,motor
6407,1,0,0,0,0,referral,motor
6408,1,0,0,0,0,aggregator,motor
6409,1,1,1,1,1,social_media,term
6410,1,0,0,0,0,aggregator,health
6411,1,0,0,0,0,aggregator,motor
6412,1,0,0,0,0,organic_search,term
6413,1,0,0,0,0,paid_search,term
6414,1,1,0,0,0,referral,travel
6415,1,0,0,0,0,social_media,health
6416,1,1,0,0,0,aggregator,term
6417,1,0,0,0,0,paid_search,health
6418,1,0,0,0,0,aggregator,term
6419,1,1,0,0,0,embedded_partner,health
6420,1,0,0,0,0,organic_search,motor
6421,1,1,0,0,0,paid_search,travel
6422,1,0,0,0,0,social_media,term
6423,1,0,0,0,0,organic_search,health
6424,1,1,1,1,1,organic_search,health
6425,1,0,0,0,0,aggregator,term
6426,1,0,0,0,0,aggregator,motor
6427,1,1,0,0,0,aggregator,motor
6428,1,0,0,0,0,paid_search,motor
6429,1,0,0,0,0,paid_search,motor
6430,1,0,0,0,0,aggregator,motor
6431,1,0,0,0,0,paid_search,term
6432,1,0,0,0,0,paid_search,motor
6433,1,1,0,0,0,aggregator,term
6434,1,1,0,0,0,embedded_partner,travel
6435,1,0,0,0,0,social_media,motor
6436,1,1,0,0,0,paid_search,term
6437,1,0,0,0,0,social_media,health
6438,1,0,0,0,0,paid_search,travel
6439,1,1,0,0,0,embedded_partner,health
6440,1,1,0,0,0,social_media,motor
6441,1,1,0,0,0,social_media,motor
6442,1,0,0,0,0,embedded_partner,travel
6443,1,0,0,0,0,embedded_partner,motor
6444,1,0,0,0,0,embedded_partner,term
6445,1,1,0,0,0,aggregator,motor
6446,1,1,0,0,0,aggregator,health
6447,1,1,0,0,0,organic_search,health
6448,1,0,0,0,0,paid_search,motor
6449,1,1,0,0,0,organic_search,motor
6450,1,1,0,0,0,organic_search,motor
6451,1,0,0,0,0,paid_search,term
6452,1,0,0,0,0,paid_search,term
6453,1,1,1,1,1,social_media,motor
6454,1,0,0,0,0,paid_search,health
6455,1,1,1,1,1,organic_search,motor
6456,1,0,0,0,0,organic_search,term
6457,1,0,0,0,0,social_media,term
6458,1,0,0,0,0,organic_search,travel
6459,1,1,0,0,0,social_media,travel
6460,1,1,0,0,0,organic_search,motor
6461,1,1,0,0,0,aggregator,motor
6462,1,0,0,0,0,organic_search,travel
6463,1,0,0,0,0,organic_search,motor
6464,1,0,0,0,0,paid_search,motor
6465,1,0,0,0,0,social_media,motor
6466,1,1,0,0,0,embedded_partner,term
6467,1,0,0,0,0,aggregator,term
6468,1,1,1,1,1,organic_search,travel
6469,1,1,0,0,0,referral,motor
6470,1,1,0,0,0,embedded_partner,motor
6471,1,1,0,0,0,paid_search,motor
6472,1,0,0,0,0,social_media,term
6473,1,0,0,0,0,referral,motor
6474,1,0,0,0,0,social_media,travel
6475,1,0,0,0,0,aggregator,health
6476,1,1,1,1,1,aggregator,term
6477,1,0,0,0,0,organic_search,term
6478,1,0,0,0,0,paid_search,health
6479,1,0,0,0,0,aggregator,term
6480,1,0,0,0,0,paid_search,motor
6481,1,1,1,1,1,organic_search,term
6482,1,0,0,0,0,paid_search,term
6483,1,0,0,0,0,embedded_partner,health
6484,1,0,0,0,0,organic_search,motor
6485,1,0,0,0,0,referral,travel
6486,1,0,0,0,0,embedded_partner,travel
6487,1,0,0,0,0,paid_search,health
6488,1,0,0,0,0,organic_search,travel
6489,1,0,0,0,0,aggregator,health
6490,1,1,1,0,0,referral,motor
6491,1,0,0,0,0,paid_search,health
6492,1,0,0,0,0,organic_search,motor
6493,1,0,0,0,0,embedded_partner,health
6494,1,1,0,0,0,aggregator,term
6495,1,1,0,0,0,embedded_partner,motor
6496,1,0,0,0,0,aggregator,motor
6497,1,1,0,0,0,paid_search,term
6498,1,0,0,0,0,social_media,term
6499,1,1,1,1,0,paid_search,travel
6500,1,1,1,0,0,social_media,motor
6501,1,0,0,0,0,embedded_partner,term
6502,1,0,0,0,0,paid_search,motor
6503,1,0,0,0,0,social_media,motor
6504,1,0,0,0,0,embedded_partner,term
6505,1,0,0,0,0,organic_search,health
6506,1,0,0,0,0,aggregator,term
6507,1,1,0,0,0,referral,motor
6508,1,1,0,0,0,aggregator,motor
6509,1,0,0,0,0,social_media,health
6510,1,1,0,0,0,social_media,motor
6511,1,0,0,0,0,organic_search,motor
6512,1,0,0,0,0,aggregator,motor
6513,1,1,0,0,0,aggregator,motor
6514,1,1,0,0,0,organic_search,term
6515,1,0,0,0,0,aggregator,motor
6516,1,0,0,0,0,paid_search,health
6517,1,0,0,0,0,organic_search,health
6518,1,0,0,0,0,organic_search,health
6519,1,0,0,0,0,aggregator,health
6520,1,0,0,0,0,paid_search,term
6521,1,1,1,1,1,referral,travel
6522,1,1,0,0,0,paid_search,motor
6523,1,1,1,1,1,aggregator,term
6524,1,1,0,0,0,aggregator,motor
6525,1,1,0,0,0,paid_search,health
6526,1,1,0,0,0,referral,health
6527,1,0,0,0,0,paid_search,motor
6528,1,1,1,0,0,aggregator,motor
6529,1,0,0,0,0,social_media,motor
6530,1,1,0,0,0,aggregator,motor
6531,1,1,1,1,1,paid_search,health
6532,1,1,0,0,0,referral,motor
6533,1,1,1,1,1,organic_search,term
6534,1,0,0,0,0,aggregator,travel
6535,1,0,0,0,0,paid_search,motor
6536,1,1,1,1,0,aggregator,motor
6537,1,0,0,0,0,aggregator,health
6538,1,0,0,0,0,social_media,travel
6539,1,0,0,0,0,social_media,motor
6540,1,0,0,0,0,organic_search,motor
6541,1,0,0,0,0,embedded_partner,travel
6542,1,0,0,0,0,aggregator,health
6543,1,1,1,1,0,embedded_partner,motor
6544,1,1,0,0,0,social_media,travel
6545,1,0,0,0,0,paid_search,travel
6546,1,0,0,0,0,embedded_partner,health
6547,1,0,0,0,0,aggregator,motor
6548,1,1,0,0,0,social_media,health
6549,1,0,0,0,0,organic_search,motor
6550,1,0,0,0,0,paid_search,health
6551,1,1,0,0,0,embedded_partner,motor
6552,1,1,0,0,0,aggregator,health
6553,1,1,1,0,0,embedded_partner,term
6554,1,0,0,0,0,aggregator,travel
6555,1,0,0,0,0,aggregator,term
6556,1,1,0,0,0,paid_search,motor
6557,1,1,1,1,1,embedded_partner,motor
6558,1,0,0,0,0,aggregator,health
6559,1,1,0,0,0,embedded_partner,motor
6560,1,0,0,0,0,aggregator,motor
6561,1,0,0,0,0,paid_search,term
6562,1,0,0,0,0,paid_search,motor
6563,1,0,0,0,0,aggregator,motor
6564,1,1,1,1,0,referral,health
6565,1,0,0,0,0,paid_search,travel
6566,1,1,0,0,0,organic_search,term
6567,1,0,0,0,0,social_media,motor
6568,1,0,0,0,0,social_media,health
6569,1,1,0,0,0,social_media,travel
6570,1,0,0,0,0,embedded_partner,motor
6571,1,1,1,1,1,organic_search,health
6572,1,1,0,0,0,social_media,term
6573,1,0,0,0,0,social_media,term
6574,1,0,0,0,0,social_media,motor
6575,1,0,0,0,0,paid_search,travel
6576,1,0,0,0,0,social_media,motor
6577,1,0,0,0,0,paid_search,motor
6578,1,0,0,0,0,organic_search,motor
6579,1,0,0,0,0,referral,health
6580,1,0,0,0,0,referral,motor
6581,1,1,0,0,0,embedded_partner,term
6582,1,0,0,0,0,social_media,travel
6583,1,0,0,0,0,organic_search,motor
6584,1,0,0,0,0,aggregator,term
6585,1,0,0,0,0,social_media,travel
6586,1,0,0,0,0,paid_search,motor
6587,1,1,0,0,0,aggregator,term
6588,1,1,1,1,1,referral,travel
6589,1,1,0,0,0,embedded_partner,term
6590,1,0,0,0,0,social_media,health
6591,1,0,0,0,0,paid_search,travel
6592,1,1,0,0,0,organic_search,term
6593,1,0,0,0,0,paid_search,motor
6594,1,0,0,0,0,embedded_partner,motor
6595,1,0,0,0,0,referral,health
6596,1,0,0,0,0,paid_search,motor
6597,1,0,0,0,0,aggregator,motor
6598,1,1,0,0,0,paid_search,motor
6599,1,1,0,0,0,aggregator,term
6600,1,0,0,0,0,paid_search,term
6601,1,0,0,0,0,aggregator,motor
6602,1,1,0,0,0,aggregator,motor
6603,1,0,0,0,0,paid_search,motor
6604,1,0,0,0,0,aggregator,motor
6605,1,0,0,0,0,organic_search,health
6606,1,1,0,0,0,aggregator,motor
6607,1,0,0,0,0,embedded_partner,travel
6608,1,0,0,0,0,aggregator,motor
6609,1,0,0,0,0,aggregator,motor
6610,1,0,0,0,0,aggregator,travel
6611,1,1,1,1,1,organic_search,motor
6612,1,0,0,0,0,paid_search,motor
6613,1,0,0,0,0,social_media,motor
6614,1,0,0,0,0,aggregator,term
6615,1,0,0,0,0,referral,motor
6616,1,0,0,0,0,aggregator,term
6617,1,0,0,0,0,paid_search,health
6618,1,0,0,0,0,embedded_partner,travel
6619,1,0,0,0,0,aggregator,health
6620,1,0,0,0,0,paid_search,term
6621,1,0,0,0,0,embedded_partner,term
6622,1,0,0,0,0,paid_search,health
6623,1,1,0,0,0,aggregator,term
6624,1,0,0,0,0,paid_search,term
6625,1,0,0,0,0,aggregator,motor
6626,1,0,0,0,0,embedded_partner,term
6627,1,0,0,0,0,social_media,motor
6628,1,1,0,0,0,social_media,health
6629,1,1,1,1,1,aggregator,motor
6630,1,0,0,0,0,organic_search,motor
6631,1,1,0,0,0,organic_search,motor
6632,1,1,0,0,0,aggregator,motor
6633,1,0,0,0,0,embedded_partner,motor
6634,1,0,0,0,0,social_media,motor
6635,1,1,0,0,0,organic_search,health
6636,1,0,0,0,0,paid_search,health
6637,1,1,0,0,0,aggregator,travel
6638,1,1,0,0,0,organic_search,term
6639,1,1,1,1,1,organic_search,motor
6640,1,0,0,0,0,paid_search,health
6641,1,0,0,0,0,aggregator,health
6642,1,1,0,0,0,embedded_partner,motor
6643,1,0,0,0,0,aggregator,health
6644,1,1,0,0,0,paid_search,term
6645,1,0,0,0,0,social_media,health
6646,1,1,0,0,0,aggregator,motor
6647,1,0,0,0,0,aggregator,term
6648,1,1,0,0,0,aggregator,motor
6649,1,1,0,0,0,embedded_partner,term
6650,1,1,0,0,0,paid_search,travel
6651,1,1,0,0,0,organic_search,motor
6652,1,0,0,0,0,referral,term
6653,1,1,0,0,0,organic_search,term
6654,1,0,0,0,0,social_media,health
6655,1,1,0,0,0,social_media,motor
6656,1,0,0,0,0,paid_search,term
6657,1,0,0,0,0,social_media,health
6658,1,0,0,0,0,referral,motor
6659,1,1,1,1,1,organic_search,health
6660,1,0,0,0,0,paid_search,health
6661,1,0,0,0,0,paid_search,motor
6662,1,1,1,0,0,embedded_partner,travel
6663,1,1,0,0,0,aggregator,motor
6664,1,1,1,1,1,embedded_partner,health
6665,1,1,0,0,0,paid_search,term
6666,1,1,1,0,0,organic_search,motor
6667,1,1,0,0,0,embedded_partner,term
6668,1,0,0,0,0,social_media,health
6669,1,0,0,0,0,aggregator,health
6670,1,0,0,0,0,embedded_partner,health
6671,1,0,0,0,0,paid_search,travel
6672,1,0,0,0,0,paid_search,travel
6673,1,0,0,0,0,social_media,motor
6674,1,0,0,0,0,paid_search,motor
6675,1,1,1,0,0,organic_search,health
6676,1,0,0,0,0,aggregator,travel
6677,1,1,0,0,0,paid_search,term
6678,1,0,0,0,0,embedded_partner,motor
6679,1,1,0,0,0,aggregator,travel
6680,1,0,0,0,0,paid_search,motor
6681,1,0,0,0,0,organic_search,motor
6682,1,0,0,0,0,embedded_partner,health
6683,1,0,0,0,0,social_media,motor
6684,1,0,0,0,0,embedded_partner,health
6685,1,0,0,0,0,aggregator,health
6686,1,0,0,0,0,paid_search,term
6687,1,1,0,0,0,referral,travel
6688,1,0,0,0,0,embedded_partner,motor
6689,1,0,0,0,0,social_media,health
6690,1,1,0,0,0,social_media,term
6691,1,1,0,0,0,paid_search,motor
6692,1,1,0,0,0,aggregator,term
6693,1,0,0,0,0,embedded_partner,health
6694,1,1,0,0,0,embedded_partner,motor
6695,1,1,1,1,1,paid_search,travel
6696,1,0,0,0,0,paid_search,health
6697,1,1,0,0,0,paid_search,motor
6698,1,1,0,0,0,aggregator,motor
6699,1,0,0,0,0,organic_search,term
6700,1,0,0,0,0,social_media,travel
6701,1,0,0,0,0,aggregator,motor
6702,1,0,0,0,0,social_media,motor
6703,1,1,1,1,0,referral,motor
6704,1,0,0,0,0,aggregator,term
6705,1,1,0,0,0,paid_search,motor
6706,1,1,0,0,0,social_media,health
6707,1,1,0,0,0,aggregator,motor
6708,1,0,0,0,0,social_media,health
6709,1,0,0,0,0,social_media,health
6710,1,1,1,1,1,aggregator,health
6711,1,0,0,0,0,aggregator,motor
6712,1,0,0,0,0,embedded_partner,health
6713,1,1,0,0,0,paid_search,health
6714,1,0,0,0,0,social_media,health
6715,1,0,0,0,0,social_media,motor
6716,1,1,0,0,0,embedded_partner,motor
6717,1,1,0,0,0,organic_search,health
6718,1,1,0,0,0,embedded_partner,motor
6719,1,0,0,0,0,social_media,health
6720,1,1,1,1,1,paid_search,motor
6721,1,0,0,0,0,paid_search,motor
6722,1,1,1,0,0,paid_search,term
6723,1,0,0,0,0,paid_search,motor
6724,1,1,0,0,0,aggregator,motor
6725,1,1,1,1,1,paid_search,term
6726,1,0,0,0,0,paid_search,health
6727,1,0,0,0,0,aggregator,travel
6728,1,1,0,0,0,paid_search,motor
6729,1,1,0,0,0,organic_search,travel
6730,1,0,0,0,0,social_media,term
6731,1,1,1,1,1,embedded_partner,motor
6732,1,0,0,0,0,social_media,health
6733,1,1,0,0,0,embedded_partner,term
6734,1,1,0,0,0,organic_search,health
6735,1,1,1,0,0,aggregator,motor
6736,1,1,1,1,1,referral,travel
6737,1,0,0,0,0,aggregator,term
6738,1,0,0,0,0,social_media,travel
6739,1,1,1,0,0,organic_search,term
6740,1,0,0,0,0,paid_search,term
6741,1,0,0,0,0,social_media,term
6742,1,1,1,1,1,paid_search,health
6743,1,0,0,0,0,aggregator,travel
6744,1,0,0,0,0,aggregator,health
6745,1,1,0,0,0,aggregator,motor
6746,1,1,1,0,0,aggregator,health
6747,1,1,0,0,0,social_media,motor
6748,1,0,0,0,0,social_media,travel
6749,1,1,1,1,0,paid_search,health
6750,1,1,0,0,0,organic_search,health
6751,1,1,0,0,0,aggregator,motor
6752,1,1,0,0,0,paid_search,health
6753,1,0,0,0,0,organic_search,motor
6754,1,1,1,1,1,embedded_partner,term
6755,1,0,0,0,0,paid_search,health
6756,1,1,0,0,0,aggregator,health
6757,1,1,0,0,0,organic_search,motor
6758,1,0,0,0,0,embedded_partner,health
6759,1,0,0,0,0,paid_search,health
6760,1,0,0,0,0,aggregator,travel
6761,1,1,0,0,0,aggregator,travel
6762,1,1,0,0,0,social_media,term
6763,1,0,0,0,0,embedded_partner,motor
6764,1,0,0,0,0,organic_search,motor
6765,1,0,0,0,0,paid_search,travel
6766,1,0,0,0,0,social_media,travel
6767,1,0,0,0,0,embedded_partner,motor
6768,1,0,0,0,0,social_media,term
6769,1,0,0,0,0,embedded_partner,health
6770,1,1,0,0,0,paid_search,motor
6771,1,0,0,0,0,paid_search,travel
6772,1,0,0,0,0,social_media,travel
6773,1,0,0,0,0,paid_search,travel
6774,1,0,0,0,0,referral,motor
6775,1,0,0,0,0,social_media,health
6776,1,0,0,0,0,paid_search,travel
6777,1,0,0,0,0,paid_search,term
6778,1,0,0,0,0,social_media,health
6779,1,0,0,0,0,paid_search,health
6780,1,1,0,0,0,organic_search,motor
6781,1,0,0,0,0,paid_search,health
6782,1,0,0,0,0,paid_search,travel
6783,1,0,0,0,0,social_media,motor
6784,1,0,0,0,0,aggregator,motor
6785,1,0,0,0,0,organic_search,health
6786,1,0,0,0,0,social_media,health
6787,1,0,0,0,0,paid_search,motor
6788,1,0,0,0,0,organic_search,motor
6789,1,0,0,0,0,organic_search,term
6790,1,1,0,0,0,embedded_partner,motor
6791,1,1,0,0,0,paid_search,health
6792,1,1,0,0,0,paid_search,health
6793,1,1,1,0,0,organic_search,health
6794,1,0,0,0,0,social_media,health
6795,1,0,0,0,0,social_media,term
6796,1,0,0,0,0,social_media,health
6797,1,0,0,0,0,organic_search,health
6798,1,1,0,0,0,aggregator,health
6799,1,0,0,0,0,social_media,health
6800,1,0,0,0,0,aggregator,health
6801,1,1,0,0,0,paid_search,health
6802,1,1,0,0,0,organic_search,health
6803,1,1,1,1,1,social_media,motor
6804,1,0,0,0,0,paid_search,term
6805,1,0,0,0,0,embedded_partner,motor
6806,1,1,0,0,0,organic_search,travel
6807,1,0,0,0,0,social_media,health
6808,1,1,0,0,0,referral,motor
6809,1,0,0,0,0,paid_search,term
6810,1,0,0,0,0,organic_search,motor
6811,1,1,0,0,0,aggregator,travel
6812,1,1,0,0,0,paid_search,travel
6813,1,0,0,0,0,paid_search,term
6814,1,0,0,0,0,aggregator,health
6815,1,1,0,0,0,social_media,travel
6816,1,1,0,0,0,aggregator,health
6817,1,1,0,0,0,social_media,travel
6818,1,1,0,0,0,aggregator,motor
6819,1,0,0,0,0,aggregator,travel
6820,1,1,0,0,0,referral,term
6821,1,0,0,0,0,organic_search,motor
6822,1,0,0,0,0,referral,travel
6823,1,0,0,0,0,social_media,term
6824,1,1,1,0,0,aggregator,travel
6825,1,0,0,0,0,social_media,motor
6826,1,1,0,0,0,social_media,health
6827,1,0,0,0,0,aggregator,term
6828,1,0,0,0,0,embedded_partner,motor
6829,1,0,0,0,0,social_media,term
6830,1,1,0,0,0,organic_search,term
6831,1,0,0,0,0,social_media,motor
6832,1,0,0,0,0,social_media,term
6833,1,0,0,0,0,paid_search,motor
6834,1,1,1,0,0,referral,term
6835,1,1,0,0,0,paid_search,travel
6836,1,1,0,0,0,aggregator,health
6837,1,1,0,0,0,aggregator,health
6838,1,0,0,0,0,social_media,health
6839,1,0,0,0,0,referral,motor
6840,1,0,0,0,0,embedded_partner,travel
6841,1,1,1,1,1,organic_search,motor
6842,1,1,1,1,1,referral,health
6843,1,0,0,0,0,organic_search,motor
6844,1,1,0,0,0,paid_search,term
6845,1,0,0,0,0,social_media,term
6846,1,1,0,0,0,aggregator,motor
6847,1,0,0,0,0,aggregator,motor
6848,1,0,0,0,0,paid_search,motor
6849,1,1,1,0,0,aggregator,motor
6850,1,0,0,0,0,referral,health
6851,1,0,0,0,0,referral,term
6852,1,1,0,0,0,paid_search,health
6853,1,0,0,0,0,organic_search,motor
6854,1,0,0,0,0,paid_search,health
6855,1,0,0,0,0,aggregator,term
6856,1,0,0,0,0,paid_search,motor
6857,1,0,0,0,0,aggregator,motor
6858,1,0,0,0,0,paid_search,term
6859,1,0,0,0,0,aggregator,motor
6860,1,0,0,0,0,aggregator,term
6861,1,0,0,0,0,aggregator,term
6862,1,1,1,0,0,embedded_partner,travel
6863,1,1,0,0,0,aggregator,motor
6864,1,0,0,0,0,paid_search,motor
6865,1,0,0,0,0,social_media,travel
6866,1,1,0,0,0,paid_search,health
6867,1,1,0,0,0,social_media,motor
6868,1,1,0,0,0,aggregator,health
6869,1,0,0,0,0,social_media,motor
6870,1,0,0,0,0,social_media,health
6871,1,0,0,0,0,organic_search,travel
6872,1,0,0,0,0,social_media,term
6873,1,0,0,0,0,paid_search,health
6874,1,1,0,0,0,paid_search,travel
6875,1,0,0,0,0,aggregator,term
6876,1,0,0,0,0,social_media,motor
6877,1,0,0,0,0,aggregator,term
6878,1,0,0,0,0,paid_search,motor
6879,1,1,1,0,0,organic_search,motor
6880,1,0,0,0,0,aggregator,health
6881,1,0,0,0,0,aggregator,motor
6882,1,0,0,0,0,organic_search,motor
6883,1,1,1,0,0,paid_search,health
6884,1,1,0,0,0,embedded_partner,motor
6885,1,0,0,0,0,referral,health
6886,1,0,0,0,0,referral,motor
6887,1,0,0,0,0,paid_search,term
6888,1,1,0,0,0,paid_search,travel
6889,1,1,1,0,0,social_media,motor
6890,1,0,0,0,0,social_media,term
6891,1,1,0,0,0,social_media,motor
6892,1,0,0,0,0,paid_search,motor
6893,1,1,0,0,0,aggregator,motor
6894,1,1,0,0,0,aggregator,motor
6895,1,0,0,0,0,aggregator,motor
6896,1,0,0,0,0,aggregator,term
6897,1,0,0,0,0,embedded_partner,term
6898,1,1,1,0,0,aggregator,travel
6899,1,0,0,0,0,social_media,travel
6900,1,1,0,0,0,referral,health
6901,1,1,0,0,0,paid_search,motor
6902,1,0,0,0,0,social_media,motor
6903,1,0,0,0,0,organic_search,health
6904,1,0,0,0,0,paid_search,travel
6905,1,0,0,0,0,social_media,motor
6906,1,0,0,0,0,embedded_partner,motor
6907,1,0,0,0,0,organic_search,health
6908,1,0,0,0,0,embedded_partner,travel
6909,1,0,0,0,0,referral,health
6910,1,0,0,0,0,paid_search,term
6911,1,0,0,0,0,organic_search,health
6912,1,0,0,0,0,social_media,motor
6913,1,1,0,0,0,organic_search,health
6914,1,1,1,1,1,organic_search,term
6915,1,1,1,1,1,organic_search,term
6916,1,1,0,0,0,embedded_partner,health
6917,1,0,0,0,0,paid_search,motor
6918,1,0,0,0,0,organic_search,motor
6919,1,0,0,0,0,paid_search,motor
6920,1,1,0,0,0,social_media,motor
6921,1,0,0,0,0,organic_search,motor
6922,1,1,1,0,0,organic_search,term
6923,1,0,0,0,0,paid_search,term
6924,1,0,0,0,0,social_media,term
6925,1,0,0,0,0,paid_search,term
6926,1,0,0,0,0,aggregator,travel
6927,1,0,0,0,0,paid_search,travel
6928,1,1,1,1,1,embedded_partner,motor
6929,1,1,0,0,0,paid_search,motor
6930,1,0,0,0,0,referral,motor
6931,1,1,0,0,0,aggregator,travel
6932,1,0,0,0,0,organic_search,motor
6933,1,1,1,0,0,social_media,motor
6934,1,0,0,0,0,organic_search,health
6935,1,0,0,0,0,social_media,health
6936,1,1,0,0,0,organic_search,health
6937,1,0,0,0,0,embedded_partner,term
6938,1,1,0,0,0,social_media,health
6939,1,0,0,0,0,aggregator,travel
6940,1,1,0,0,0,paid_search,motor
6941,1,1,0,0,0,organic_search,travel
6942,1,0,0,0,0,social_media,health
6943,1,1,0,0,0,social_media,motor
6944,1,1,0,0,0,social_media,travel
6945,1,1,0,0,0,paid_search,travel
6946,1,0,0,0,0,organic_search,term
6947,1,1,0,0,0,organic_search,travel
6948,1,0,0,0,0,organic_search,motor
6949,1,0,0,0,0,organic_search,motor
6950,1,1,0,0,0,embedded_partner,motor
6951,1,0,0,0,0,social_media,travel
6952,1,1,0,0,0,referral,term
6953,1,0,0,0,0,aggregator,travel
6954,1,0,0,0,0,social_media,term
6955,1,1,0,0,0,organic_search,health
6956,1,0,0,0,0,social_media,motor
6957,1,0,0,0,0,paid_search,motor
6958,1,1,0,0,0,social_media,health
6959,1,0,0,0,0,paid_search,term
6960,1,1,0,0,0,embedded_partner,motor
6961,1,0,0,0,0,paid_search,travel
6962,1,1,0,0,0,aggregator,term
6963,1,0,0,0,0,social_media,motor
6964,1,0,0,0,0,paid_search,travel
6965,1,0,0,0,0,aggregator,health
6966,1,0,0,0,0,social_media,term
6967,1,0,0,0,0,social_media,motor
6968,1,1,0,0,0,aggregator,motor
6969,1,0,0,0,0,social_media,motor
6970,1,0,0,0,0,social_media,health
6971,1,0,0,0,0,organic_search,term
6972,1,1,0,0,0,paid_search,travel
6973,1,1,0,0,0,aggregator,travel
6974,1,1,0,0,0,referral,motor
6975,1,1,0,0,0,social_media,travel
6976,1,1,0,0,0,aggregator,motor
6977,1,1,0,0,0,embedded_partner,motor
6978,1,0,0,0,0,aggregator,term
6979,1,0,0,0,0,organic_search,travel
6980,1,1,0,0,0,organic_search,travel
6981,1,1,0,0,0,referral,term
6982,1,1,1,0,0,referral,motor
6983,1,1,0,0,0,paid_search,motor
6984,1,0,0,0,0,organic_search,motor
6985,1,0,0,0,0,paid_search,health
6986,1,1,0,0,0,social_media,health
6987,1,1,0,0,0,social_media,motor
6988,1,1,1,0,0,aggregator,health
6989,1,0,0,0,0,aggregator,health
6990,1,0,0,0,0,aggregator,term
6991,1,1,1,0,0,aggregator,health
6992,1,1,0,0,0,paid_search,motor
6993,1,1,1,1,1,embedded_partner,term
6994,1,0,0,0,0,social_media,term
6995,1,1,0,0,0,organic_search,motor
6996,1,1,0,0,0,embedded_partner,motor
6997,1,1,1,1,1,organic_search,travel
6998,1,1,0,0,0,paid_search,term
6999,1,1,0,0,0,embedded_partner,motor
7000,1,1,0,0,0,organic_search,health
7001,1,1,0,0,0,organic_search,health
7002,1,1,0,0,0,embedded_partner,motor
7003,1,1,1,0,0,social_media,motor
7004,1,1,0,0,0,social_media,travel
7005,1,0,0,0,0,embedded_partner,health
7006,1,0,0,0,0,paid_search,motor
7007,1,0,0,0,0,embedded_partner,term
7008,1,1,1,1,1,aggregator,health
7009,1,1,0,0,0,aggregator,health
7010,1,0,0,0,0,social_media,motor
7011,1,0,0,0,0,aggregator,motor
7012,1,1,0,0,0,referral,motor
7013,1,0,0,0,0,aggregator,travel
7014,1,0,0,0,0,organic_search,health
7015,1,0,0,0,0,aggregator,term
7016,1,0,0,0,0,referral,motor
7017,1,0,0,0,0,paid_search,term
7018,1,1,0,0,0,aggregator,health
7019,1,0,0,0,0,aggregator,term
7020,1,0,0,0,0,social_media,motor
7021,1,1,0,0,0,referral,health
7022,1,1,0,0,0,referral,motor
7023,1,1,0,0,0,paid_search,motor
7024,1,0,0,0,0,social_media,term
7025,1,0,0,0,0,aggregator,motor
7026,1,0,0,0,0,social_media,motor
7027,1,0,0,0,0,social_media,travel
7028,1,0,0,0,0,paid_search,motor
7029,1,1,0,0,0,social_media,health
7030,1,0,0,0,0,embedded_partner,term
7031,1,1,1,1,1,aggregator,term
7032,1,1,1,0,0,aggregator,motor
7033,1,0,0,0,0,aggregator,health
7034,1,0,0,0,0,aggregator,health
7035,1,0,0,0,0,aggregator,motor
7036,1,0,0,0,0,social_media,term
7037,1,0,0,0,0,aggregator,travel
7038,1,1,0,0,0,organic_search,motor
7039,1,0,0,0,0,embedded_partner,motor
7040,1,0,0,0,0,embedded_partner,term
7041,1,1,0,0,0,organic_search,health
7042,1,0,0,0,0,aggregator,term
7043,1,1,1,0,0,aggregator,motor
7044,1,1,1,1,0,aggregator,motor
7045,1,0,0,0,0,referral,term
7046,1,0,0,0,0,referral,travel
7047,1,0,0,0,0,paid_search,motor
7048,1,0,0,0,0,paid_search,travel
7049,1,0,0,0,0,social_media,motor
7050,1,0,0,0,0,paid_search,motor
7051,1,1,1,0,0,referral,health
7052,1,0,0,0,0,aggregator,motor
7053,1,0,0,0,0,paid_search,term
7054,1,1,1,1,1,paid_search,motor
7055,1,0,0,0,0,aggregator,health
7056,1,0,0,0,0,paid_search,motor
7057,1,1,0,0,0,embedded_partner,term
7058,1,0,0,0,0,aggregator,travel
7059,1,1,0,0,0,social_media,health
7060,1,1,0,0,0,paid_search,health
7061,1,0,0,0,0,aggregator,travel
7062,1,1,0,0,0,aggregator,motor
7063,1,0,0,0,0,paid_search,term
7064,1,1,0,0,0,aggregator,health
7065,1,0,0,0,0,paid_search,travel
7066,1,1,0,0,0,embedded_partner,motor
7067,1,1,0,0,0,organic_search,motor
7068,1,0,0,0,0,referral,motor
7069,1,0,0,0,0,paid_search,motor
7070,1,0,0,0,0,organic_search,motor
7071,1,1,0,0,0,organic_search,travel
7072,1,0,0,0,0,aggregator,motor
7073,1,0,0,0,0,paid_search,motor
7074,1,0,0,0,0,social_media,motor
7075,1,1,0,0,0,organic_search,health
7076,1,0,0,0,0,paid_search,health
7077,1,0,0,0,0,aggregator,motor
7078,1,0,0,0,0,referral,term
7079,1,0,0,0,0,aggregator,term
7080,1,1,0,0,0,referral,motor
7081,1,0,0,0,0,embedded_partner,term
7082,1,0,0,0,0,embedded_partner,motor
7083,1,1,0,0,0,organic_search,health
7084,1,0,0,0,0,aggregator,travel
7085,1,1,0,0,0,social_media,travel
7086,1,0,0,0,0,organic_search,motor
7087,1,0,0,0,0,organic_search,health
7088,1,0,0,0,0,paid_search,motor
7089,1,0,0,0,0,aggregator,health
7090,1,0,0,0,0,paid_search,term
7091,1,0,0,0,0,social_media,motor
7092,1,0,0,0,0,social_media,travel
7093,1,1,1,0,0,embedded_partner,term
7094,1,1,1,1,1,organic_search,motor
7095,1,1,0,0,0,organic_search,travel
7096,1,0,0,0,0,paid_search,term
7097,1,0,0,0,0,social_media,motor
7098,1,0,0,0,0,paid_search,health
7099,1,1,1,0,0,aggregator,travel
7100,1,0,0,0,0,aggregator,travel
7101,1,0,0,0,0,paid_search,motor
7102,1,0,0,0,0,paid_search,term
7103,1,0,0,0,0,social_media,travel
7104,1,0,0,0,0,aggregator,travel
7105,1,1,0,0,0,paid_search,motor
7106,1,1,0,0,0,aggregator,health
7107,1,1,0,0,0,social_media,travel
7108,1,0,0,0,0,social_media,motor
7109,1,0,0,0,0,paid_search,health
7110,1,0,0,0,0,aggregator,health
7111,1,1,0,0,0,referral,health
7112,1,0,0,0,0,social_media,term
7113,1,0,0,0,0,organic_search,motor
7114,1,0,0,0,0,social_media,term
7115,1,1,0,0,0,embedded_partner,motor
7116,1,0,0,0,0,embedded_partner,term
7117,1,0,0,0,0,paid_search,health
7118,1,0,0,0,0,organic_search,motor
7119,1,0,0,0,0,aggregator,travel
7120,1,1,1,1,1,organic_search,term
7121,1,0,0,0,0,paid_search,motor
7122,1,0,0,0,0,aggregator,motor
7123,1,1,1,1,1,referral,health
7124,1,1,0,0,0,embedded_partner,travel
7125,1,0,0,0,0,paid_search,motor
7126,1,0,0,0,0,referral,travel
7127,1,1,0,0,0,paid_search,motor
7128,1,0,0,0,0,paid_search,term
7129,1,1,0,0,0,embedded_partner,motor
7130,1,0,0,0,0,paid_search,motor
7131,1,0,0,0,0,paid_search,travel
7132,1,0,0,0,0,organic_search,motor
7133,1,1,1,1,1,aggregator,travel
7134,1,0,0,0,0,paid_search,motor
7135,1,1,0,0,0,paid_search,motor
7136,1,0,0,0,0,organic_search,travel
7137,1,0,0,0,0,aggregator,term
7138,1,1,1,0,0,aggregator,motor
7139,1,1,0,0,0,organic_search,health
7140,1,0,0,0,0,aggregator,motor
7141,1,0,0,0,0,paid_search,travel
7142,1,1,1,0,0,organic_search,motor
7143,1,0,0,0,0,organic_search,health
7144,1,0,0,0,0,aggregator,motor
7145,1,0,0,0,0,embedded_partner,term
7146,1,0,0,0,0,organic_search,travel
7147,1,1,0,0,0,paid_search,term
7148,1,1,0,0,0,organic_search,motor
7149,1,1,0,0,0,organic_search,motor
7150,1,0,0,0,0,social_media,motor
7151,1,0,0,0,0,social_media,travel
7152,1,1,0,0,0,organic_search,motor
7153,1,1,0,0,0,referral,health
7154,1,0,0,0,0,social_media,motor
7155,1,0,0,0,0,embedded_partner,travel
7156,1,0,0,0,0,organic_search,health
7157,1,1,0,0,0,embedded_partner,health
7158,1,1,0,0,0,referral,travel
7159,1,1,0,0,0,aggregator,travel
7160,1,1,0,0,0,aggregator,health
7161,1,1,0,0,0,social_media,term
7162,1,1,0,0,0,paid_search,health
7163,1,1,0,0,0,social_media,health
7164,1,1,0,0,0,organic_search,motor
7165,1,1,1,1,1,referral,term
7166,1,1,0,0,0,paid_search,term
7167,1,1,0,0,0,organic_search,motor
7168,1,1,1,0,0,aggregator,motor
7169,1,0,0,0,0,social_media,term
7170,1,0,0,0,0,aggregator,motor
7171,1,0,0,0,0,social_media,term
7172,1,1,0,0,0,social_media,term
7173,1,1,0,0,0,organic_search,motor
7174,1,0,0,0,0,social_media,motor
7175,1,1,0,0,0,paid_search,motor
7176,1,0,0,0,0,aggregator,motor
7177,1,1,0,0,0,aggregator,health
7178,1,1,1,1,1,referral,term
7179,1,0,0,0,0,embedded_partner,travel
7180,1,0,0,0,0,paid_search,motor
7181,1,0,0,0,0,paid_search,term
7182,1,1,0,0,0,paid_search,motor
7183,1,1,0,0,0,organic_search,term
7184,1,0,0,0,0,paid_search,motor
7185,1,1,0,0,0,aggregator,health
7186,1,0,0,0,0,paid_search,health
7187,1,0,0,0,0,paid_search,motor
7188,1,0,0,0,0,paid_search,travel
7189,1,0,0,0,0,aggregator,motor
7190,1,0,0,0,0,organic_search,motor
7191,1,0,0,0,0,social_media,health
7192,1,0,0,0,0,paid_search,health
7193,1,0,0,0,0,social_media,motor
7194,1,0,0,0,0,social_media,motor
7195,1,1,0,0,0,organic_search,motor
7196,1,1,1,0,0,referral,travel
7197,1,1,0,0,0,aggregator,health
7198,1,0,0,0,0,embedded_partner,motor
7199,1,1,0,0,0,organic_search,motor
7200,1,0,0,0,0,organic_search,travel
7201,1,0,0,0,0,paid_search,travel
7202,1,1,0,0,0,paid_search,motor
7203,1,1,0,0,0,aggregator,term
7204,1,1,1,1,1,referral,motor
7205,1,0,0,0,0,social_media,motor
7206,1,0,0,0,0,paid_search,travel
7207,1,0,0,0,0,social_media,travel
7208,1,1,0,0,0,aggregator,motor
7209,1,1,0,0,0,aggregator,travel
7210,1,0,0,0,0,social_media,term
7211,1,0,0,0,0,social_media,term
7212,1,1,0,0,0,organic_search,term
7213,1,0,0,0,0,organic_search,health
7214,1,0,0,0,0,social_media,travel
7215,1,0,0,0,0,embedded_partner,motor
7216,1,0,0,0,0,aggregator,health
7217,1,1,0,0,0,organic_search,motor
7218,1,0,0,0,0,organic_search,term
7219,1,1,0,0,0,paid_search,motor
7220,1,1,0,0,0,aggregator,health
7221,1,0,0,0,0,aggregator,term
7222,1,0,0,0,0,aggregator,motor
7223,1,0,0,0,0,social_media,motor
7224,1,0,0,0,0,aggregator,motor
7225,1,1,0,0,0,organic_search,term
7226,1,1,0,0,0,aggregator,motor
7227,1,0,0,0,0,aggregator,health
7228,1,0,0,0,0,paid_search,health
7229,1,1,1,0,0,aggregator,travel
7230,1,1,1,1,1,referral,term
7231,1,0,0,0,0,paid_search,motor
7232,1,0,0,0,0,aggregator,travel
7233,1,0,0,0,0,aggregator,term
7234,1,0,0,0,0,paid_search,term
7235,1,0,0,0,0,social_media,health
7236,1,0,0,0,0,organic_search,motor
7237,1,0,0,0,0,paid_search,term
7238,1,0,0,0,0,social_media,health
7239,1,0,0,0,0,social_media,motor
7240,1,1,0,0,0,embedded_partner,motor
7241,1,1,0,0,0,social_media,motor
7242,1,0,0,0,0,paid_search,health
7243,1,1,0,0,0,organic_search,motor
7244,1,0,0,0,0,embedded_partner,term
7245,1,1,0,0,0,paid_search,term
7246,1,0,0,0,0,referral,motor
7247,1,1,1,1,1,embedded_partner,motor
7248,1,0,0,0,0,aggregator,motor
7249,1,0,0,0,0,organic_search,motor
7250,1,0,0,0,0,social_media,term
7251,1,1,0,0,0,social_media,health
7252,1,1,0,0,0,social_media,travel
7253,1,1,0,0,0,embedded_partner,travel
7254,1,0,0,0,0,social_media,motor
7255,1,1,0,0,0,social_media,term
7256,1,0,0,0,0,aggregator,health
7257,1,0,0,0,0,paid_search,health
7258,1,0,0,0,0,embedded_partner,motor
7259,1,0,0,0,0,organic_search,motor
7260,1,1,0,0,0,aggregator,term
7261,1,1,0,0,0,embedded_partner,health
7262,1,0,0,0,0,embedded_partner,motor
7263,1,0,0,0,0,social_media,motor
7264,1,1,0,0,0,aggregator,health
7265,1,0,0,0,0,social_media,term
7266,1,1,0,0,0,aggregator,health
7267,1,1,0,0,0,paid_search,motor
7268,1,0,0,0,0,social_media,motor
7269,1,1,0,0,0,embedded_partner,term
7270,1,0,0,0,0,paid_search,term
7271,1,1,0,0,0,embedded_partner,motor
7272,1,0,0,0,0,embedded_partner,health
7273,1,1,0,0,0,aggregator,health
7274,1,1,1,0,0,aggregator,term
7275,1,1,0,0,0,organic_search,motor
7276,1,1,1,0,0,organic_search,health
7277,1,1,0,0,0,paid_search,travel
7278,1,1,0,0,0,organic_search,motor
7279,1,1,1,0,0,social_media,motor
7280,1,1,0,0,0,organic_search,motor
7281,1,0,0,0,0,organic_search,motor
7282,1,0,0,0,0,aggregator,travel
7283,1,1,0,0,0,aggregator,travel
7284,1,1,1,0,0,aggregator,motor
7285,1,1,1,0,0,referral,travel
7286,1,1,1,0,0,embedded_partner,motor
7287,1,1,0,0,0,organic_search,health
7288,1,0,0,0,0,aggregator,term
7289,1,0,0,0,0,social_media,motor
7290,1,1,1,1,1,aggregator,health
7291,1,0,0,0,0,paid_search,health
7292,1,1,0,0,0,paid_search,motor
7293,1,1,1,1,1,embedded_partner,travel
7294,1,0,0,0,0,aggregator,motor
7295,1,0,0,0,0,social_media,motor
7296,1,0,0,0,0,referral,travel
7297,1,1,1,0,0,organic_search,health
7298,1,0,0,0,0,aggregator,motor
7299,1,1,1,1,1,embedded_partner,motor
7300,1,0,0,0,0,social_media,motor
7301,1,1,0,0,0,paid_search,motor
7302,1,1,0,0,0,organic_search,motor
7303,1,1,0,0,0,embedded_partner,health
7304,1,0,0,0,0,social_media,health
7305,1,1,0,0,0,social_media,travel
7306,1,1,0,0,0,paid_search,travel
7307,1,0,0,0,0,aggregator,motor
7308,1,0,0,0,0,organic_search,travel
7309,1,0,0,0,0,aggregator,travel
7310,1,1,0,0,0,paid_search,travel
7311,1,0,0,0,0,paid_search,term
7312,1,1,0,0,0,paid_search,motor
7313,1,1,1,0,0,paid_search,motor
7314,1,1,1,1,0,social_media,travel
7315,1,1,0,0,0,paid_search,health
7316,1,1,0,0,0,aggregator,travel
7317,1,1,0,0,0,embedded_partner,term
7318,1,0,0,0,0,referral,motor
7319,1,0,0,0,0,paid_search,motor
7320,1,0,0,0,0,paid_search,travel
7321,1,1,1,0,0,aggregator,motor
7322,1,1,0,0,0,aggregator,term
7323,1,1,0,0,0,paid_search,travel
7324,1,1,0,0,0,referral,motor
7325,1,0,0,0,0,organic_search,motor
7326,1,1,1,1,1,paid_search,health
7327,1,1,0,0,0,referral,term
7328,1,0,0,0,0,paid_search,health
7329,1,0,0,0,0,paid_search,motor
7330,1,0,0,0,0,paid_search,motor
7331,1,1,0,0,0,aggregator,motor
7332,1,0,0,0,0,embedded_partner,motor
7333,1,1,0,0,0,paid_search,motor
7334,1,1,1,0,0,organic_search,term
7335,1,1,1,1,1,paid_search,motor
7336,1,1,1,1,1,embedded_partner,term
7337,1,0,0,0,0,social_media,travel
7338,1,0,0,0,0,social_media,health
7339,1,1,1,1,1,aggregator,health
7340,1,0,0,0,0,embedded_partner,motor
7341,1,1,1,1,1,social_media,health
7342,1,1,0,0,0,paid_search,motor
7343,1,0,0,0,0,embedded_partner,motor
7344,1,1,0,0,0,aggregator,health
7345,1,0,0,0,0,paid_search,motor
7346,1,1,0,0,0,social_media,motor
7347,1,0,0,0,0,paid_search,term
7348,1,1,0,0,0,social_media,health
7349,1,1,0,0,0,paid_search,motor
7350,1,0,0,0,0,aggregator,motor
7351,1,0,0,0,0,aggregator,motor
7352,1,1,0,0,0,aggregator,health
7353,1,1,0,0,0,referral,health
7354,1,0,0,0,0,social_media,motor
7355,1,0,0,0,0,social_media,health
7356,1,0,0,0,0,paid_search,travel
7357,1,0,0,0,0,organic_search,health
7358,1,1,0,0,0,aggregator,health
7359,1,1,0,0,0,paid_search,health
7360,1,0,0,0,0,organic_search,travel
7361,1,0,0,0,0,social_media,travel
7362,1,1,0,0,0,organic_search,motor
7363,1,0,0,0,0,embedded_partner,motor
7364,1,1,0,0,0,embedded_partner,motor
7365,1,1,1,0,0,aggregator,term
7366,1,1,0,0,0,aggregator,motor
7367,1,1,0,0,0,aggregator,travel
7368,1,0,0,0,0,organic_search,motor
7369,1,0,0,0,0,embedded_partner,health
7370,1,0,0,0,0,embedded_partner,motor
7371,1,1,0,0,0,paid_search,health
7372,1,0,0,0,0,embedded_partner,health
7373,1,0,0,0,0,social_media,term
7374,1,0,0,0,0,embedded_partner,health
7375,1,0,0,0,0,social_media,health
7376,1,1,0,0,0,aggregator,term
7377,1,0,0,0,0,aggregator,travel
7378,1,1,1,0,0,referral,term
7379,1,0,0,0,0,paid_search,term
7380,1,1,0,0,0,paid_search,health
7381,1,1,0,0,0,paid_search,travel
7382,1,0,0,0,0,paid_search,health
7383,1,0,0,0,0,referral,travel
7384,1,0,0,0,0,aggregator,term
7385,1,0,0,0,0,aggregator,motor
7386,1,1,0,0,0,organic_search,motor
7387,1,0,0,0,0,social_media,term
7388,1,0,0,0,0,aggregator,term
7389,1,0,0,0,0,aggregator,health
7390,1,1,0,0,0,aggregator,travel
7391,1,1,0,0,0,paid_search,health
7392,1,1,1,1,1,aggregator,motor
7393,1,0,0,0,0,aggregator,health
7394,1,1,1,0,0,organic_search,motor
7395,1,0,0,0,0,embedded_partner,health
7396,1,1,0,0,0,embedded_partner,travel
7397,1,0,0,0,0,paid_search,motor
7398,1,1,0,0,0,paid_search,term
7399,1,1,0,0,0,referral,term
7400,1,0,0,0,0,organic_search,motor
7401,1,0,0,0,0,social_media,term
7402,1,0,0,0,0,paid_search,term
7403,1,1,0,0,0,paid_search,health
7404,1,0,0,0,0,social_media,motor
7405,1,0,0,0,0,social_media,motor
7406,1,0,0,0,0,aggregator,health
7407,1,1,1,1,0,referral,motor
7408,1,0,0,0,0,social_media,motor
7409,1,0,0,0,0,social_media,travel
7410,1,1,0,0,0,aggregator,term
7411,1,1,0,0,0,organic_search,term
7412,1,1,1,1,0,organic_search,travel
7413,1,0,0,0,0,aggregator,motor
7414,1,0,0,0,0,social_media,motor
7415,1,0,0,0,0,organic_search,term
7416,1,0,0,0,0,embedded_partner,health
7417,1,0,0,0,0,aggregator,motor
7418,1,0,0,0,0,embedded_partner,term
7419,1,1,0,0,0,paid_search,motor
7420,1,0,0,0,0,aggregator,health
7421,1,0,0,0,0,aggregator,health
7422,1,1,0,0,0,aggregator,health
7423,1,1,0,0,0,paid_search,motor
7424,1,0,0,0,0,social_media,motor
7425,1,1,1,1,1,organic_search,travel
7426,1,0,0,0,0,aggregator,travel
7427,1,0,0,0,0,referral,health
7428,1,1,1,0,0,aggregator,motor
7429,1,0,0,0,0,social_media,health
7430,1,1,1,1,1,embedded_partner,motor
7431,1,0,0,0,0,embedded_partner,motor
7432,1,0,0,0,0,social_media,motor
7433,1,1,0,0,0,organic_search,motor
7434,1,1,0,0,0,aggregator,motor
7435,1,1,0,0,0,aggregator,motor
7436,1,1,0,0,0,paid_search,term
7437,1,0,0,0,0,aggregator,health
7438,1,0,0,0,0,paid_search,health
7439,1,0,0,0,0,aggregator,motor
7440,1,1,1,1,1,embedded_partner,travel
7441,1,1,0,0,0,embedded_partner,motor
7442,1,0,0,0,0,embedded_partner,motor
7443,1,0,0,0,0,organic_search,health
7444,1,0,0,0,0,aggregator,term
7445,1,0,0,0,0,aggregator,term
7446,1,0,0,0,0,organic_search,health
7447,1,0,0,0,0,social_media,motor
7448,1,1,0,0,0,paid_search,motor
7449,1,0,0,0,0,social_media,health
7450,1,1,0,0,0,social_media,motor
7451,1,0,0,0,0,aggregator,motor
7452,1,0,0,0,0,paid_search,motor
7453,1,0,0,0,0,paid_search,travel
7454,1,0,0,0,0,social_media,motor
7455,1,1,1,1,1,referral,motor
7456,1,0,0,0,0,social_media,travel
7457,1,1,0,0,0,organic_search,term
7458,1,0,0,0,0,embedded_partner,health
7459,1,1,0,0,0,aggregator,term
7460,1,0,0,0,0,organic_search,motor
7461,1,0,0,0,0,social_media,term
7462,1,0,0,0,0,social_media,motor
7463,1,1,1,0,0,aggregator,travel
7464,1,1,0,0,0,embedded_partner,motor
7465,1,1,0,0,0,referral,health
7466,1,0,0,0,0,aggregator,health
7467,1,0,0,0,0,aggregator,motor
7468,1,0,0,0,0,aggregator,motor
7469,1,1,1,0,0,organic_search,term
7470,1,0,0,0,0,social_media,motor
7471,1,0,0,0,0,aggregator,travel
7472,1,0,0,0,0,embedded_partner,motor
7473,1,1,0,0,0,paid_search,health
7474,1,1,0,0,0,paid_search,health
7475,1,1,0,0,0,paid_search,health
7476,1,0,0,0,0,social_media,term
7477,1,1,0,0,0,social_media,term
7478,1,1,0,0,0,paid_search,health
7479,1,1,0,0,0,paid_search,health
7480,1,1,0,0,0,embedded_partner,health
7481,1,0,0,0,0,social_media,health
7482,1,0,0,0,0,embedded_partner,motor
7483,1,0,0,0,0,social_media,motor
7484,1,0,0,0,0,organic_search,health
7485,1,1,0,0,0,paid_search,travel
7486,1,1,1,0,0,organic_search,motor
7487,1,0,0,0,0,paid_search,health
7488,1,0,0,0,0,aggregator,motor
7489,1,0,0,0,0,aggregator,health
7490,1,0,0,0,0,aggregator,term
7491,1,0,0,0,0,referral,term
7492,1,1,1,1,1,referral,term
7493,1,0,0,0,0,organic_search,term
7494,1,1,1,0,0,aggregator,motor
7495,1,1,0,0,0,embedded_partner,health
7496,1,0,0,0,0,organic_search,motor
7497,1,0,0,0,0,paid_search,travel
7498,1,0,0,0,0,social_media,term
7499,1,0,0,0,0,organic_search,motor
7500,1,0,0,0,0,aggregator,motor
7501,1,1,0,0,0,social_media,health
7502,1,0,0,0,0,organic_search,travel
7503,1,0,0,0,0,aggregator,motor
7504,1,1,0,0,0,paid_search,health
7505,1,0,0,0,0,social_media,motor
7506,1,0,0,0,0,organic_search,health
7507,1,1,1,0,0,referral,health
7508,1,0,0,0,0,embedded_partner,motor
7509,1,0,0,0,0,social_media,term
7510,1,0,0,0,0,social_media,motor
7511,1,1,0,0,0,social_media,term
7512,1,0,0,0,0,social_media,motor
7513,1,0,0,0,0,aggregator,health
7514,1,0,0,0,0,organic_search,motor
7515,1,1,1,1,1,organic_search,health
7516,1,0,0,0,0,social_media,motor
7517,1,1,0,0,0,embedded_partner,health
7518,1,1,0,0,0,organic_search,motor
7519,1,0,0,0,0,paid_search,motor
7520,1,1,0,0,0,aggregator,term
7521,1,0,0,0,0,aggregator,health
7522,1,0,0,0,0,paid_search,health
7523,1,1,0,0,0,paid_search,health
7524,1,1,0,0,0,aggregator,health
7525,1,1,0,0,0,aggregator,travel
7526,1,0,0,0,0,aggregator,health
7527,1,1,0,0,0,organic_search,travel
7528,1,0,0,0,0,organic_search,travel
7529,1,1,0,0,0,paid_search,health
7530,1,0,0,0,0,aggregator,motor
7531,1,1,1,1,1,aggregator,term
7532,1,0,0,0,0,aggregator,term
7533,1,1,0,0,0,paid_search,motor
7534,1,0,0,0,0,aggregator,motor
7535,1,0,0,0,0,paid_search,motor
7536,1,0,0,0,0,referral,term
7537,1,0,0,0,0,social_media,term
7538,1,0,0,0,0,embedded_partner,motor
7539,1,0,0,0,0,aggregator,health
7540,1,0,0,0,0,paid_search,term
7541,1,1,1,1,1,referral,travel
7542,1,1,1,0,0,paid_search,motor
7543,1,0,0,0,0,social_media,motor
7544,1,1,0,0,0,referral,motor
7545,1,1,0,0,0,social_media,health
7546,1,1,0,0,0,paid_search,motor
7547,1,0,0,0,0,social_media,motor
7548,1,1,0,0,0,aggregator,term
7549,1,0,0,0,0,aggregator,health
7550,1,0,0,0,0,aggregator,motor
7551,1,0,0,0,0,embedded_partner,motor
7552,1,0,0,0,0,organic_search,motor
7553,1,1,1,1,1,paid_search,motor
7554,1,0,0,0,0,aggregator,health
7555,1,1,0,0,0,organic_search,motor
7556,1,0,0,0,0,embedded_partner,motor
7557,1,1,1,1,1,paid_search,travel
7558,1,0,0,0,0,paid_search,travel
7559,1,1,0,0,0,embedded_partner,motor
7560,1,1,0,0,0,embedded_partner,health
7561,1,1,0,0,0,embedded_partner,motor
7562,1,1,0,0,0,paid_search,term
7563,1,0,0,0,0,aggregator,travel
7564,1,1,0,0,0,paid_search,health
7565,1,0,0,0,0,paid_search,health
7566,1,0,0,0,0,embedded_partner,motor
7567,1,0,0,0,0,aggregator,motor
7568,1,1,0,0,0,social_media,health
7569,1,1,0,0,0,embedded_partner,motor
7570,1,1,0,0,0,referral,term
7571,1,0,0,0,0,organic_search,health
7572,1,1,0,0,0,referral,motor
7573,1,1,0,0,0,aggregator,health
7574,1,0,0,0,0,paid_search,term
7575,1,1,1,0,0,aggregator,health
7576,1,0,0,0,0,referral,health
7577,1,1,0,0,0,embedded_partner,term
7578,1,0,0,0,0,aggregator,motor
7579,1,0,0,0,0,aggregator,health
7580,1,1,0,0,0,paid_search,health
7581,1,1,0,0,0,paid_search,motor
7582,1,1,1,0,0,embedded_partner,travel
7583,1,1,1,0,0,aggregator,health
7584,1,0,0,0,0,organic_search,motor
7585,1,0,0,0,0,social_media,motor
7586,1,0,0,0,0,paid_search,travel
7587,1,1,0,0,0,aggregator,travel
7588,1,1,1,1,0,referral,motor
7589,1,1,0,0,0,social_media,health
7590,1,1,0,0,0,paid_search,motor
7591,1,0,0,0,0,paid_search,term
7592,1,0,0,0,0,embedded_partner,health
7593,1,0,0,0,0,embedded_partner,motor
7594,1,0,0,0,0,embedded_partner,health
7595,1,1,0,0,0,social_media,travel
7596,1,0,0,0,0,embedded_partner,motor
7597,1,0,0,0,0,paid_search,motor
7598,1,0,0,0,0,organic_search,travel
7599,1,0,0,0,0,paid_search,motor
7600,1,0,0,0,0,social_media,health
7601,1,1,0,0,0,referral,health
7602,1,1,1,1,1,referral,motor
7603,1,1,0,0,0,social_media,motor
7604,1,0,0,0,0,social_media,motor
7605,1,0,0,0,0,embedded_partner,motor
7606,1,1,0,0,0,referral,health
7607,1,1,0,0,0,organic_search,term
7608,1,0,0,0,0,aggregator,motor
7609,1,1,0,0,0,paid_search,term
7610,1,0,0,0,0,embedded_partner,health
7611,1,1,0,0,0,organic_search,motor
7612,1,1,0,0,0,organic_search,health
7613,1,0,0,0,0,organic_search,motor
7614,1,0,0,0,0,paid_search,health
7615,1,0,0,0,0,paid_search,motor
7616,1,0,0,0,0,embedded_partner,term
7617,1,1,0,0,0,paid_search,travel
7618,1,0,0,0,0,organic_search,motor
7619,1,1,1,0,0,organic_search,travel
7620,1,1,0,0,0,embedded_partner,motor
7621,1,1,0,0,0,paid_search,motor
7622,1,0,0,0,0,organic_search,motor
7623,1,0,0,0,0,aggregator,term
7624,1,0,0,0,0,aggregator,term
7625,1,1,0,0,0,paid_search,travel
7626,1,0,0,0,0,aggregator,term
7627,1,1,0,0,0,referral,health
7628,1,1,0,0,0,embedded_partner,travel
7629,1,1,1,0,0,aggregator,travel
7630,1,0,0,0,0,embedded_partner,term
7631,1,1,0,0,0,social_media,health
7632,1,0,0,0,0,organic_search,term
7633,1,1,0,0,0,embedded_partner,motor
7634,1,0,0,0,0,social_media,travel
7635,1,1,0,0,0,aggregator,travel
7636,1,0,0,0,0,aggregator,term
7637,1,0,0,0,0,social_media,motor
7638,1,0,0,0,0,referral,motor
7639,1,1,0,0,0,social_media,travel
7640,1,0,0,0,0,paid_search,travel
7641,1,0,0,0,0,aggregator,term
7642,1,0,0,0,0,embedded_partner,travel
7643,1,1,0,0,0,paid_search,health
7644,1,1,0,0,0,organic_search,travel
7645,1,0,0,0,0,organic_search,motor
7646,1,0,0,0,0,paid_search,motor
7647,1,0,0,0,0,aggregator,health
7648,1,0,0,0,0,paid_search,motor
7649,1,0,0,0,0,paid_search,health
7650,1,1,1,0,0,organic_search,term
7651,1,1,1,1,1,embedded_partner,motor
7652,1,0,0,0,0,aggregator,term
7653,1,0,0,0,0,social_media,motor
7654,1,0,0,0,0,aggregator,term
7655,1,0,0,0,0,aggregator,motor
7656,1,1,0,0,0,organic_search,term
7657,1,1,0,0,0,organic_search,health
7658,1,1,0,0,0,organic_search,motor
7659,1,1,0,0,0,aggregator,motor
7660,1,0,0,0,0,social_media,motor
7661,1,0,0,0,0,paid_search,motor
7662,1,0,0,0,0,referral,motor
7663,1,1,1,0,0,organic_search,motor
7664,1,1,1,1,1,referral,term
7665,1,1,0,0,0,aggregator,motor
7666,1,1,0,0,0,paid_search,motor
7667,1,0,0,0,0,organic_search,motor
7668,1,0,0,0,0,paid_search,health
7669,1,0,0,0,0,social_media,health
7670,1,1,1,1,1,social_media,term
7671,1,1,1,0,0,referral,health
7672,1,0,0,0,0,aggregator,health
7673,1,1,1,0,0,referral,motor
7674,1,0,0,0,0,paid_search,motor
7675,1,1,0,0,0,paid_search,term
7676,1,1,0,0,0,social_media,motor
7677,1,0,0,0,0,paid_search,term
7678,1,1,1,0,0,referral,health
7679,1,0,0,0,0,embedded_partner,health
7680,1,0,0,0,0,referral,health
7681,1,1,0,0,0,referral,travel
7682,1,0,0,0,0,organic_search,health
7683,1,0,0,0,0,paid_search,health
7684,1,1,1,0,0,embedded_partner,travel
7685,1,1,1,1,0,aggregator,health
7686,1,0,0,0,0,embedded_partner,health
7687,1,0,0,0,0,social_media,motor
7688,1,0,0,0,0,organic_search,motor
7689,1,0,0,0,0,paid_search,term
7690,1,0,0,0,0,paid_search,motor
7691,1,0,0,0,0,aggregator,motor
7692,1,0,0,0,0,paid_search,motor
7693,1,0,0,0,0,paid_search,travel
7694,1,0,0,0,0,aggregator,health
7695,1,0,0,0,0,aggregator,health
7696,1,0,0,0,0,social_media,travel
7697,1,0,0,0,0,paid_search,motor
7698,1,1,1,1,1,embedded_partner,term
7699,1,0,0,0,0,aggregator,term
7700,1,1,0,0,0,social_media,health
7701,1,1,1,0,0,aggregator,term
7702,1,1,1,1,1,social_media,travel
7703,1,1,0,0,0,social_media,motor
7704,1,1,1,1,1,social_media,motor
7705,1,0,0,0,0,paid_search,term
7706,1,0,0,0,0,social_media,health
7707,1,0,0,0,0,aggregator,health
7708,1,0,0,0,0,paid_search,motor
7709,1,1,0,0,0,paid_search,term
7710,1,0,0,0,0,organic_search,term
7711,1,0,0,0,0,paid_search,travel
7712,1,0,0,0,0,organic_search,health
7713,1,1,0,0,0,paid_search,travel
7714,1,0,0,0,0,aggregator,health
7715,1,0,0,0,0,paid_search,health
7716,1,1,1,0,0,aggregator,term
7717,1,0,0,0,0,social_media,health
7718,1,1,1,0,0,embedded_partner,health
7719,1,1,1,0,0,organic_search,motor
7720,1,1,1,0,0,paid_search,motor
7721,1,1,1,0,0,aggregator,term
7722,1,0,0,0,0,embedded_partner,motor
7723,1,0,0,0,0,aggregator,term
7724,1,0,0,0,0,paid_search,motor
7725,1,0,0,0,0,embedded_partner,motor
7726,1,0,0,0,0,paid_search,term
7727,1,0,0,0,0,aggregator,motor
7728,1,0,0,0,0,paid_search,travel
7729,1,1,0,0,0,social_media,travel
7730,1,1,1,0,0,aggregator,health
7731,1,1,1,1,1,organic_search,health
7732,1,0,0,0,0,paid_search,motor
7733,1,0,0,0,0,paid_search,term
7734,1,0,0,0,0,aggregator,motor
7735,1,1,0,0,0,embedded_partner,travel
7736,1,0,0,0,0,paid_search,travel
7737,1,1,0,0,0,organic_search,motor
7738,1,1,0,0,0,paid_search,term
7739,1,1,0,0,0,aggregator,health
7740,1,0,0,0,0,paid_search,health
7741,1,0,0,0,0,social_media,motor
7742,1,0,0,0,0,paid_search,term
7743,1,0,0,0,0,embedded_partner,motor
7744,1,1,1,0,0,embedded_partner,travel
7745,1,1,0,0,0,organic_search,health
7746,1,1,0,0,0,social_media,health
7747,1,0,0,0,0,social_media,travel
7748,1,0,0,0,0,social_media,term
7749,1,1,1,1,1,paid_search,health
7750,1,1,1,1,1,embedded_partner,health
7751,1,1,0,0,0,embedded_partner,health
7752,1,1,0,0,0,paid_search,motor
7753,1,1,0,0,0,embedded_partner,travel
7754,1,0,0,0,0,embedded_partner,motor
7755,1,1,1,1,1,paid_search,health
7756,1,0,0,0,0,embedded_partner,term
7757,1,1,0,0,0,aggregator,motor
7758,1,0,0,0,0,aggregator,travel
7759,1,0,0,0,0,paid_search,motor
7760,1,1,0,0,0,social_media,motor
7761,1,1,0,0,0,paid_search,health
7762,1,1,0,0,0,referral,health
7763,1,1,0,0,0,paid_search,travel
7764,1,0,0,0,0,paid_search,health
7765,1,0,0,0,0,social_media,motor
7766,1,0,0,0,0,aggregator,motor
7767,1,1,0,0,0,organic_search,motor
7768,1,0,0,0,0,paid_search,health
7769,1,1,0,0,0,referral,motor
7770,1,0,0,0,0,organic_search,health
7771,1,0,0,0,0,aggregator,travel
7772,1,0,0,0,0,aggregator,health
7773,1,1,0,0,0,aggregator,term
7774,1,0,0,0,0,referral,motor
7775,1,0,0,0,0,organic_search,term
7776,1,1,0,0,0,paid_search,motor
7777,1,0,0,0,0,aggregator,health
7778,1,0,0,0,0,embedded_partner,motor
7779,1,1,1,1,1,aggregator,motor
7780,1,1,0,0,0,organic_search,motor
7781,1,0,0,0,0,organic_search,motor
7782,1,1,0,0,0,paid_search,travel
7783,1,0,0,0,0,social_media,motor
7784,1,0,0,0,0,aggregator,travel
7785,1,0,0,0,0,paid_search,health
7786,1,1,0,0,0,referral,motor
7787,1,1,0,0,0,organic_search,motor
7788,1,0,0,0,0,embedded_partner,motor
7789,1,0,0,0,0,social_media,term
7790,1,1,1,1,1,aggregator,motor
7791,1,1,1,0,0,organic_search,travel
7792,1,1,0,0,0,social_media,motor
7793,1,0,0,0,0,aggregator,motor
7794,1,1,0,0,0,paid_search,motor
7795,1,0,0,0,0,social_media,term
7796,1,1,0,0,0,organic_search,health
7797,1,0,0,0,0,aggregator,travel
7798,1,0,0,0,0,embedded_partner,motor
7799,1,0,0,0,0,paid_search,motor
7800,1,0,0,0,0,paid_search,term
7801,1,0,0,0,0,aggregator,health
7802,1,1,0,0,0,embedded_partner,term
7803,1,0,0,0,0,paid_search,health
7804,1,0,0,0,0,social_media,term
7805,1,0,0,0,0,aggregator,motor
7806,1,1,1,0,0,organic_search,travel
7807,1,0,0,0,0,organic_search,motor
7808,1,1,0,0,0,paid_search,term
7809,1,0,0,0,0,referral,motor
7810,1,0,0,0,0,aggregator,term
7811,1,0,0,0,0,aggregator,travel
7812,1,1,0,0,0,social_media,travel
7813,1,1,0,0,0,organic_search,health
7814,1,1,0,0,0,paid_search,health
7815,1,0,0,0,0,social_media,term
7816,1,1,0,0,0,paid_search,health
7817,1,0,0,0,0,social_media,health
7818,1,0,0,0,0,organic_search,motor
7819,1,0,0,0,0,referral,health
7820,1,1,0,0,0,paid_search,motor
7821,1,0,0,0,0,social_media,term
7822,1,1,0,0,0,social_media,motor
7823,1,1,0,0,0,paid_search,health
7824,1,0,0,0,0,paid_search,term
7825,1,0,0,0,0,referral,health
7826,1,1,0,0,0,aggregator,travel
7827,1,0,0,0,0,organic_search,motor
7828,1,0,0,0,0,aggregator,health
7829,1,0,0,0,0,embedded_partner,health
7830,1,0,0,0,0,aggregator,health
7831,1,0,0,0,0,referral,term
7832,1,0,0,0,0,organic_search,motor
7833,1,0,0,0,0,aggregator,health
7834,1,0,0,0,0,organic_search,motor
7835,1,0,0,0,0,social_media,health
7836,1,1,0,0,0,paid_search,term
7837,1,0,0,0,0,paid_search,motor
7838,1,0,0,0,0,organic_search,health
7839,1,1,0,0,0,organic_search,health
7840,1,1,0,0,0,paid_search,term
7841,1,0,0,0,0,embedded_partner,motor
7842,1,0,0,0,0,paid_search,health
7843,1,0,0,0,0,aggregator,term
7844,1,0,0,0,0,social_media,health
7845,1,0,0,0,0,aggregator,term
7846,1,0,0,0,0,paid_search,motor
7847,1,0,0,0,0,social_media,travel
7848,1,0,0,0,0,paid_search,motor
7849,1,1,1,1,1,aggregator,motor
7850,1,1,1,0,0,organic_search,health
7851,1,1,0,0,0,social_media,health
7852,1,1,1,0,0,embedded_partner,health
7853,1,0,0,0,0,social_media,motor
7854,1,0,0,0,0,social_media,motor
7855,1,0,0,0,0,paid_search,term
7856,1,0,0,0,0,organic_search,motor
7857,1,0,0,0,0,aggregator,term
7858,1,1,1,0,0,aggregator,health
7859,1,0,0,0,0,embedded_partner,motor
7860,1,0,0,0,0,organic_search,term
7861,1,1,0,0,0,social_media,travel
7862,1,0,0,0,0,aggregator,term
7863,1,0,0,0,0,aggregator,motor
7864,1,0,0,0,0,social_media,health
7865,1,1,0,0,0,organic_search,travel
7866,1,1,0,0,0,paid_search,health
7867,1,0,0,0,0,aggregator,motor
7868,1,1,1,1,1,aggregator,motor
7869,1,1,1,0,0,social_media,term
7870,1,1,0,0,0,organic_search,term
7871,1,1,0,0,0,aggregator,travel
7872,1,0,0,0,0,aggregator,travel
7873,1,1,0,0,0,paid_search,motor
7874,1,1,0,0,0,aggregator,health
7875,1,0,0,0,0,social_media,motor
7876,1,0,0,0,0,aggregator,motor
7877,1,1,0,0,0,social_media,motor
7878,1,1,1,1,1,organic_search,travel
7879,1,0,0,0,0,referral,motor
7880,1,1,0,0,0,referral,health
7881,1,0,0,0,0,paid_search,health
7882,1,1,1,0,0,aggregator,motor
7883,1,1,1,1,1,paid_search,health
7884,1,1,0,0,0,organic_search,motor
7885,1,0,0,0,0,aggregator,motor
7886,1,0,0,0,0,paid_search,health
7887,1,0,0,0,0,paid_search,term
7888,1,1,0,0,0,aggregator,term
7889,1,1,0,0,0,organic_search,term
7890,1,1,1,0,0,organic_search,motor
7891,1,0,0,0,0,social_media,motor
7892,1,0,0,0,0,embedded_partner,health
7893,1,1,0,0,0,aggregator,travel
7894,1,0,0,0,0,aggregator,motor
7895,1,0,0,0,0,paid_search,motor
7896,1,1,0,0,0,organic_search,travel
7897,1,0,0,0,0,social_media,travel
7898,1,1,1,1,1,aggregator,motor
7899,1,1,1,0,0,referral,term
7900,1,0,0,0,0,paid_search,health
7901,1,0,0,0,0,paid_search,health
7902,1,1,0,0,0,social_media,health
7903,1,1,0,0,0,referral,travel
7904,1,1,0,0,0,organic_search,motor
7905,1,1,0,0,0,referral,term
7906,1,0,0,0,0,aggregator,motor
7907,1,0,0,0,0,social_media,health
7908,1,0,0,0,0,embedded_partner,term
7909,1,1,0,0,0,social_media,term
7910,1,1,0,0,0,paid_search,travel
7911,1,0,0,0,0,referral,term
7912,1,0,0,0,0,aggregator,term
7913,1,1,0,0,0,paid_search,motor
7914,1,1,0,0,0,embedded_partner,travel
7915,1,0,0,0,0,embedded_partner,health
7916,1,1,1,0,0,referral,health
7917,1,1,0,0,0,embedded_partner,health
7918,1,0,0,0,0,aggregator,motor
7919,1,1,0,0,0,embedded_partner,health
7920,1,0,0,0,0,paid_search,motor
7921,1,1,0,0,0,organic_search,motor
7922,1,0,0,0,0,paid_search,travel
7923,1,1,0,0,0,embedded_partner,travel
7924,1,0,0,0,0,social_media,health
7925,1,0,0,0,0,embedded_partner,travel
7926,1,0,0,0,0,aggregator,health
7927,1,0,0,0,0,aggregator,motor
7928,1,1,0,0,0,paid_search,travel
7929,1,0,0,0,0,aggregator,health
7930,1,0,0,0,0,organic_search,term
7931,1,0,0,0,0,paid_search,health
7932,1,0,0,0,0,social_media,health
7933,1,0,0,0,0,aggregator,motor
7934,1,1,0,0,0,aggregator,travel
7935,1,0,0,0,0,social_media,motor
7936,1,1,1,0,0,paid_search,health
7937,1,1,0,0,0,aggregator,motor
7938,1,0,0,0,0,aggregator,health
7939,1,1,1,1,1,aggregator,motor
7940,1,0,0,0,0,social_media,term
7941,1,1,0,0,0,aggregator,health
7942,1,1,0,0,0,paid_search,motor
7943,1,1,0,0,0,organic_search,motor
7944,1,0,0,0,0,social_media,motor
7945,1,0,0,0,0,social_media,term
7946,1,1,0,0,0,paid_search,term
7947,1,1,0,0,0,referral,motor
7948,1,0,0,0,0,paid_search,health
7949,1,0,0,0,0,paid_search,motor
7950,1,0,0,0,0,embedded_partner,travel
7951,1,0,0,0,0,organic_search,travel
7952,1,0,0,0,0,social_media,term
7953,1,1,0,0,0,embedded_partner,motor
7954,1,0,0,0,0,aggregator,health
7955,1,0,0,0,0,embedded_partner,travel
7956,1,0,0,0,0,organic_search,motor
7957,1,0,0,0,0,paid_search,term
7958,1,0,0,0,0,paid_search,travel
7959,1,1,0,0,0,aggregator,term
7960,1,0,0,0,0,referral,health
7961,1,1,1,0,0,aggregator,health
7962,1,1,0,0,0,paid_search,travel
7963,1,0,0,0,0,organic_search,motor
7964,1,1,0,0,0,organic_search,travel
7965,1,0,0,0,0,aggregator,health
7966,1,0,0,0,0,embedded_partner,term
7967,1,0,0,0,0,social_media,travel
7968,1,1,1,0,0,embedded_partner,health
7969,1,0,0,0,0,aggregator,motor
7970,1,1,0,0,0,aggregator,motor
7971,1,1,0,0,0,social_media,term
7972,1,1,0,0,0,aggregator,health
7973,1,0,0,0,0,social_media,motor
7974,1,0,0,0,0,aggregator,travel
7975,1,1,1,0,0,organic_search,travel
7976,1,0,0,0,0,embedded_partner,travel
7977,1,0,0,0,0,embedded_partner,health
7978,1,1,0,0,0,referral,travel
7979,1,0,0,0,0,embedded_partner,travel
7980,1,1,0,0,0,paid_search,motor
7981,1,1,0,0,0,paid_search,travel
7982,1,0,0,0,0,embedded_partner,health
7983,1,1,0,0,0,embedded_partner,travel
7984,1,1,0,0,0,referral,term
7985,1,0,0,0,0,organic_search,health
7986,1,1,0,0,0,aggregator,motor
7987,1,1,0,0,0,referral,motor
7988,1,1,0,0,0,referral,motor
7989,1,0,0,0,0,organic_search,term
7990,1,1,0,0,0,embedded_partner,travel
7991,1,0,0,0,0,social_media,motor
7992,1,1,1,1,1,referral,motor
7993,1,1,0,0,0,aggregator,term
7994,1,1,0,0,0,embedded_partner,motor
7995,1,0,0,0,0,aggregator,motor
7996,1,1,0,0,0,paid_search,motor
7997,1,1,0,0,0,aggregator,health
7998,1,0,0,0,0,social_media,health
7999,1,0,0,0,0,aggregator,travel
8000,1,0,0,0,0,referral,motor
8001,1,0,0,0,0,social_media,motor
8002,1,0,0,0,0,embedded_partner,term
8003,1,0,0,0,0,paid_search,travel
8004,1,0,0,0,0,aggregator,motor
8005,1,0,0,0,0,organic_search,travel
8006,1,1,0,0,0,organic_search,term
8007,1,0,0,0,0,social_media,travel
8008,1,0,0,0,0,embedded_partner,health
8009,1,0,0,0,0,embedded_partner,motor
8010,1,0,0,0,0,social_media,motor
8011,1,1,0,0,0,referral,term
8012,1,0,0,0,0,organic_search,travel
8013,1,1,1,1,1,organic_search,health
8014,1,0,0,0,0,paid_search,motor
8015,1,1,0,0,0,aggregator,motor
8016,1,0,0,0,0,aggregator,health
8017,1,0,0,0,0,organic_search,travel
8018,1,1,0,0,0,organic_search,motor
8019,1,0,0,0,0,paid_search,term
8020,1,0,0,0,0,social_media,health
8021,1,0,0,0,0,aggregator,travel
8022,1,0,0,0,0,paid_search,term
8023,1,1,0,0,0,referral,motor
8024,1,0,0,0,0,paid_search,term
8025,1,1,0,0,0,aggregator,term
8026,1,1,0,0,0,social_media,travel
8027,1,1,1,0,0,paid_search,health
8028,1,0,0,0,0,organic_search,motor
8029,1,1,1,1,1,referral,health
8030,1,0,0,0,0,social_media,term
8031,1,1,0,0,0,social_media,motor
8032,1,0,0,0,0,paid_search,travel
8033,1,1,0,0,0,social_media,motor
8034,1,0,0,0,0,paid_search,travel
8035,1,0,0,0,0,aggregator,health
8036,1,1,0,0,0,embedded_partner,motor
8037,1,0,0,0,0,paid_search,health
8038,1,0,0,0,0,social_media,health
8039,1,0,0,0,0,aggregator,travel
8040,1,0,0,0,0,embedded_partner,health
8041,1,0,0,0,0,aggregator,motor
8042,1,0,0,0,0,paid_search,travel
8043,1,1,0,0,0,embedded_partner,health
8044,1,0,0,0,0,paid_search,motor
8045,1,0,0,0,0,referral,travel
8046,1,0,0,0,0,aggregator,motor
8047,1,0,0,0,0,organic_search,motor
8048,1,0,0,0,0,referral,health
8049,1,0,0,0,0,social_media,health
8050,1,1,0,0,0,organic_search,health
8051,1,1,1,1,1,paid_search,travel
8052,1,1,0,0,0,organic_search,motor
8053,1,0,0,0,0,embedded_partner,travel
8054,1,1,1,0,0,organic_search,motor
8055,1,0,0,0,0,referral,motor
8056,1,0,0,0,0,social_media,motor
8057,1,1,0,0,0,social_media,motor
8058,1,0,0,0,0,paid_search,health
8059,1,1,0,0,0,organic_search,travel
8060,1,1,0,0,0,embedded_partner,term
8061,1,0,0,0,0,social_media,term
8062,1,0,0,0,0,aggregator,motor
8063,1,1,0,0,0,social_media,travel
8064,1,0,0,0,0,organic_search,motor
8065,1,0,0,0,0,referral,term
8066,1,0,0,0,0,aggregator,term
8067,1,0,0,0,0,aggregator,motor
8068,1,1,1,1,0,paid_search,health
8069,1,0,0,0,0,aggregator,travel
8070,1,0,0,0,0,referral,motor
8071,1,0,0,0,0,paid_search,term
8072,1,0,0,0,0,social_media,travel
8073,1,1,0,0,0,aggregator,motor
8074,1,0,0,0,0,paid_search,motor
8075,1,1,1,1,1,referral,health
8076,1,1,0,0,0,social_media,term
8077,1,1,0,0,0,aggregator,health
8078,1,1,0,0,0,aggregator,health
8079,1,1,1,1,1,referral,motor
8080,1,0,0,0,0,referral,travel
8081,1,1,1,0,0,aggregator,travel
8082,1,0,0,0,0,social_media,health
8083,1,0,0,0,0,aggregator,travel
8084,1,1,0,0,0,social_media,term
8085,1,1,0,0,0,aggregator,travel
8086,1,1,0,0,0,embedded_partner,motor
8087,1,1,0,0,0,referral,motor
8088,1,0,0,0,0,aggregator,travel
8089,1,0,0,0,0,paid_search,health
8090,1,0,0,0,0,aggregator,motor
8091,1,0,0,0,0,paid_search,term
8092,1,0,0,0,0,aggregator,health
8093,1,1,0,0,0,paid_search,motor
8094,1,0,0,0,0,referral,motor
8095,1,0,0,0,0,aggregator,health
8096,1,0,0,0,0,embedded_partner,motor
8097,1,0,0,0,0,aggregator,motor
8098,1,0,0,0,0,social_media,health
8099,1,0,0,0,0,paid_search,term
8100,1,0,0,0,0,referral,health
8101,1,1,1,0,0,aggregator,motor
8102,1,1,0,0,0,aggregator,term
8103,1,0,0,0,0,organic_search,motor
8104,1,1,0,0,0,organic_search,motor
8105,1,0,0,0,0,organic_search,motor
8106,1,0,0,0,0,aggregator,term
8107,1,1,0,0,0,paid_search,motor
8108,1,0,0,0,0,embedded_partner,health
8109,1,0,0,0,0,social_media,health
8110,1,0,0,0,0,social_media,term
8111,1,0,0,0,0,paid_search,term
8112,1,1,0,0,0,paid_search,travel
8113,1,0,0,0,0,referral,term
8114,1,1,0,0,0,organic_search,motor
8115,1,0,0,0,0,aggregator,motor
8116,1,0,0,0,0,referral,motor
8117,1,0,0,0,0,social_media,motor
8118,1,1,0,0,0,paid_search,motor
8119,1,0,0,0,0,paid_search,motor
8120,1,0,0,0,0,organic_search,term
8121,1,0,0,0,0,paid_search,term
8122,1,1,0,0,0,social_media,motor
8123,1,1,0,0,0,organic_search,health
8124,1,0,0,0,0,aggregator,motor
8125,1,1,1,1,0,referral,health
8126,1,1,1,0,0,paid_search,health
8127,1,0,0,0,0,paid_search,motor
8128,1,1,0,0,0,organic_search,motor
8129,1,0,0,0,0,social_media,travel
8130,1,0,0,0,0,paid_search,health
8131,1,1,0,0,0,social_media,health
8132,1,1,0,0,0,embedded_partner,motor
8133,1,0,0,0,0,embedded_partner,motor
8134,1,1,1,1,1,embedded_partner,motor
8135,1,1,0,0,0,paid_search,travel
8136,1,0,0,0,0,paid_search,motor
8137,1,1,0,0,0,social_media,motor
8138,1,0,0,0,0,aggregator,travel
8139,1,0,0,0,0,organic_search,health
8140,1,0,0,0,0,paid_search,motor
8141,1,0,0,0,0,paid_search,health
8142,1,1,1,0,0,paid_search,health
8143,1,0,0,0,0,paid_search,travel
8144,1,0,0,0,0,paid_search,motor
8145,1,0,0,0,0,social_media,term
8146,1,0,0,0,0,social_media,motor
8147,1,1,1,0,0,paid_search,term
8148,1,1,0,0,0,aggregator,term
8149,1,0,0,0,0,embedded_partner,term
8150,1,0,0,0,0,aggregator,travel
8151,1,0,0,0,0,social_media,term
8152,1,1,0,0,0,social_media,motor
8153,1,1,0,0,0,social_media,motor
8154,1,0,0,0,0,embedded_partner,motor
8155,1,0,0,0,0,social_media,health
8156,1,1,1,1,1,referral,motor
8157,1,0,0,0,0,embedded_partner,term
8158,1,0,0,0,0,aggregator,term
8159,1,0,0,0,0,aggregator,travel
8160,1,0,0,0,0,paid_search,health
8161,1,0,0,0,0,paid_search,term
8162,1,0,0,0,0,social_media,term
8163,1,1,0,0,0,aggregator,travel
8164,1,0,0,0,0,aggregator,term
8165,1,0,0,0,0,paid_search,motor
8166,1,1,0,0,0,organic_search,motor
8167,1,0,0,0,0,organic_search,travel
8168,1,0,0,0,0,referral,term
8169,1,0,0,0,0,aggregator,term
8170,1,1,0,0,0,paid_search,term
8171,1,0,0,0,0,referral,term
8172,1,0,0,0,0,organic_search,term
8173,1,1,0,0,0,social_media,travel
8174,1,0,0,0,0,social_media,travel
8175,1,1,0,0,0,aggregator,motor
8176,1,1,0,0,0,embedded_partner,motor
8177,1,0,0,0,0,social_media,motor
8178,1,1,0,0,0,social_media,health
8179,1,1,0,0,0,social_media,term
8180,1,1,0,0,0,paid_search,term
8181,1,0,0,0,0,paid_search,health
8182,1,0,0,0,0,organic_search,motor
8183,1,1,0,0,0,social_media,health
8184,1,1,1,0,0,aggregator,term
8185,1,1,0,0,0,paid_search,health
8186,1,0,0,0,0,embedded_partner,motor
8187,1,1,0,0,0,paid_search,motor
8188,1,1,0,0,0,paid_search,health
8189,1,0,0,0,0,social_media,health
8190,1,0,0,0,0,embedded_partner,term
8191,1,0,0,0,0,organic_search,travel
8192,1,1,0,0,0,embedded_partner,motor
8193,1,1,0,0,0,aggregator,motor
8194,1,1,1,1,1,embedded_partner,motor
8195,1,0,0,0,0,embedded_partner,motor
8196,1,0,0,0,0,social_media,health
8197,1,0,0,0,0,social_media,motor
8198,1,0,0,0,0,aggregator,motor
8199,1,0,0,0,0,paid_search,term
8200,1,0,0,0,0,aggregator,motor
8201,1,1,0,0,0,aggregator,term
8202,1,1,0,0,0,referral,motor
8203,1,0,0,0,0,paid_search,motor
8204,1,1,0,0,0,social_media,motor
8205,1,1,0,0,0,paid_search,motor
8206,1,0,0,0,0,paid_search,motor
8207,1,0,0,0,0,paid_search,term
8208,1,0,0,0,0,paid_search,travel
8209,1,1,0,0,0,social_media,motor
8210,1,0,0,0,0,referral,motor
8211,1,1,0,0,0,paid_search,motor
8212,1,1,0,0,0,referral,term
8213,1,0,0,0,0,organic_search,motor
8214,1,1,0,0,0,social_media,motor
8215,1,0,0,0,0,aggregator,travel
8216,1,1,0,0,0,aggregator,travel
8217,1,1,0,0,0,embedded_partner,term
8218,1,1,0,0,0,social_media,motor
8219,1,0,0,0,0,paid_search,motor
8220,1,1,0,0,0,embedded_partner,motor
8221,1,0,0,0,0,paid_search,term
8222,1,0,0,0,0,organic_search,term
8223,1,0,0,0,0,paid_search,motor
8224,1,1,0,0,0,embedded_partner,travel
8225,1,1,0,0,0,paid_search,health
8226,1,1,0,0,0,aggregator,term
8227,1,1,0,0,0,organic_search,motor
8228,1,1,1,0,0,aggregator,motor
8229,1,1,0,0,0,referral,motor
8230,1,1,1,0,0,organic_search,term
8231,1,1,0,0,0,aggregator,motor
8232,1,1,0,0,0,aggregator,motor
8233,1,0,0,0,0,embedded_partner,term
8234,1,1,0,0,0,social_media,term
8235,1,1,0,0,0,embedded_partner,health
8236,1,1,0,0,0,aggregator,term
8237,1,0,0,0,0,embedded_partner,term
8238,1,0,0,0,0,social_media,health
8239,1,0,0,0,0,organic_search,motor
8240,1,0,0,0,0,paid_search,motor
8241,1,0,0,0,0,aggregator,health
8242,1,1,1,1,1,referral,motor
8243,1,1,0,0,0,referral,health
8244,1,1,0,0,0,paid_search,health
8245,1,1,1,1,1,referral,motor
8246,1,1,1,0,0,aggregator,term
8247,1,1,0,0,0,aggregator,term
8248,1,1,0,0,0,aggregator,health
8249,1,1,0,0,0,paid_search,travel
8250,1,0,0,0,0,aggregator,motor
8251,1,0,0,0,0,paid_search,motor
8252,1,0,0,0,0,aggregator,motor
8253,1,0,0,0,0,organic_search,health
8254,1,1,1,0,0,embedded_partner,motor
8255,1,1,0,0,0,organic_search,travel
8256,1,0,0,0,0,aggregator,motor
8257,1,1,1,1,1,organic_search,health
8258,1,1,1,0,0,aggregator,health
8259,1,1,1,1,0,organic_search,motor
8260,1,1,0,0,0,social_media,term
8261,1,0,0,0,0,paid_search,term
8262,1,1,1,1,0,aggregator,term
8263,1,0,0,0,0,embedded_partner,health
8264,1,1,0,0,0,referral,health
8265,1,0,0,0,0,organic_search,health
8266,1,1,0,0,0,referral,term
8267,1,1,1,0,0,referral,motor
8268,1,1,1,1,1,aggregator,health
8269,1,0,0,0,0,organic_search,motor
8270,1,0,0,0,0,paid_search,term
8271,1,1,0,0,0,social_media,motor
8272,1,0,0,0,0,aggregator,travel
8273,1,1,0,0,0,referral,motor
8274,1,0,0,0,0,organic_search,motor
8275,1,1,0,0,0,paid_search,motor
8276,1,0,0,0,0,paid_search,motor
8277,1,0,0,0,0,paid_search,motor
8278,1,0,0,0,0,organic_search,term
8279,1,0,0,0,0,embedded_partner,motor
8280,1,1,0,0,0,paid_search,motor
8281,1,0,0,0,0,social_media,motor
8282,1,0,0,0,0,social_media,motor
8283,1,0,0,0,0,paid_search,travel
8284,1,0,0,0,0,social_media,motor
8285,1,0,0,0,0,aggregator,term
8286,1,1,1,0,0,aggregator,health
8287,1,0,0,0,0,paid_search,health
8288,1,1,1,0,0,embedded_partner,term
8289,1,1,0,0,0,paid_search,motor
8290,1,0,0,0,0,aggregator,travel
8291,1,1,0,0,0,organic_search,health
8292,1,1,1,1,1,referral,motor
8293,1,0,0,0,0,paid_search,travel
8294,1,0,0,0,0,aggregator,motor
8295,1,0,0,0,0,organic_search,travel
8296,1,1,0,0,0,paid_search,travel
8297,1,0,0,0,0,organic_search,motor
8298,1,0,0,0,0,paid_search,motor
8299,1,1,0,0,0,aggregator,term
8300,1,0,0,0,0,paid_search,motor
8301,1,0,0,0,0,organic_search,term
8302,1,0,0,0,0,paid_search,motor
8303,1,1,0,0,0,aggregator,motor
8304,1,0,0,0,0,paid_search,health
8305,1,0,0,0,0,organic_search,term
8306,1,0,0,0,0,aggregator,term
8307,1,1,1,1,1,organic_search,health
8308,1,1,1,0,0,organic_search,motor
8309,1,0,0,0,0,paid_search,health
8310,1,0,0,0,0,referral,motor
8311,1,0,0,0,0,embedded_partner,motor
8312,1,1,1,0,0,paid_search,motor
8313,1,0,0,0,0,aggregator,health
8314,1,0,0,0,0,paid_search,motor
8315,1,0,0,0,0,aggregator,motor
8316,1,0,0,0,0,social_media,term
8317,1,0,0,0,0,embedded_partner,motor
8318,1,1,0,0,0,embedded_partner,travel
8319,1,0,0,0,0,paid_search,motor
8320,1,1,0,0,0,paid_search,motor
8321,1,0,0,0,0,aggregator,travel
8322,1,1,0,0,0,social_media,health
8323,1,0,0,0,0,aggregator,term
8324,1,1,0,0,0,referral,health
8325,1,0,0,0,0,embedded_partner,motor
8326,1,0,0,0,0,aggregator,term
8327,1,1,0,0,0,organic_search,health
8328,1,0,0,0,0,social_media,health
8329,1,1,1,0,0,embedded_partner,motor
8330,1,1,0,0,0,social_media,motor
8331,1,1,0,0,0,aggregator,motor
8332,1,0,0,0,0,social_media,term
8333,1,1,0,0,0,aggregator,motor
8334,1,1,0,0,0,social_media,travel
8335,1,0,0,0,0,aggregator,motor
8336,1,0,0,0,0,organic_search,health
8337,1,1,0,0,0,embedded_partner,motor
8338,1,0,0,0,0,aggregator,term
8339,1,1,0,0,0,paid_search,term
8340,1,1,0,0,0,organic_search,health
8341,1,0,0,0,0,aggregator,motor
8342,1,0,0,0,0,social_media,term
8343,1,1,0,0,0,organic_search,motor
8344,1,1,0,0,0,paid_search,health
8345,1,1,0,0,0,embedded_partner,term
8346,1,1,0,0,0,social_media,motor
8347,1,0,0,0,0,social_media,term
8348,1,0,0,0,0,aggregator,term
8349,1,0,0,0,0,aggregator,motor
8350,1,0,0,0,0,aggregator,motor
8351,1,0,0,0,0,embedded_partner,health
8352,1,0,0,0,0,embedded_partner,term
8353,1,0,0,0,0,embedded_partner,health
8354,1,0,0,0,0,aggregator,health
8355,1,1,0,0,0,social_media,motor
8356,1,0,0,0,0,organic_search,motor
8357,1,1,0,0,0,organic_search,motor
8358,1,0,0,0,0,aggregator,motor
8359,1,1,1,0,0,embedded_partner,motor
8360,1,0,0,0,0,aggregator,motor
8361,1,1,0,0,0,aggregator,health
8362,1,0,0,0,0,embedded_partner,health
8363,1,0,0,0,0,social_media,motor
8364,1,1,1,0,0,paid_search,health
8365,1,1,0,0,0,social_media,motor
8366,1,1,0,0,0,referral,motor
8367,1,0,0,0,0,aggregator,travel
8368,1,0,0,0,0,organic_search,health
8369,1,0,0,0,0,paid_search,motor
8370,1,1,1,0,0,aggregator,motor
8371,1,1,1,1,1,paid_search,term
8372,1,0,0,0,0,social_media,motor
8373,1,0,0,0,0,aggregator,travel
8374,1,0,0,0,0,paid_search,health
8375,1,1,0,0,0,social_media,motor
8376,1,0,0,0,0,social_media,health
8377,1,0,0,0,0,organic_search,term
8378,1,1,0,0,0,embedded_partner,health
8379,1,0,0,0,0,paid_search,travel
8380,1,0,0,0,0,paid_search,travel
8381,1,0,0,0,0,social_media,motor
8382,1,1,0,0,0,social_media,motor
8383,1,1,0,0,0,aggregator,motor
8384,1,1,1,0,0,paid_search,health
8385,1,0,0,0,0,aggregator,health
8386,1,1,0,0,0,paid_search,motor
8387,1,1,0,0,0,referral,travel
8388,1,0,0,0,0,social_media,motor
8389,1,0,0,0,0,paid_search,term
8390,1,0,0,0,0,social_media,term
8391,1,1,1,1,0,organic_search,motor
8392,1,0,0,0,0,paid_search,motor
8393,1,1,1,1,1,paid_search,motor
8394,1,1,0,0,0,organic_search,travel
8395,1,1,0,0,0,aggregator,motor
8396,1,0,0,0,0,social_media,term
8397,1,1,0,0,0,social_media,health
8398,1,0,0,0,0,organic_search,health
8399,1,1,1,0,0,referral,travel
8400,1,1,0,0,0,organic_search,health
8401,1,0,0,0,0,social_media,term
8402,1,0,0,0,0,aggregator,health
8403,1,0,0,0,0,social_media,motor
8404,1,1,0,0,0,embedded_partner,motor
8405,1,0,0,0,0,referral,motor
8406,1,1,0,0,0,embedded_partner,term
8407,1,0,0,0,0,aggregator,motor
8408,1,1,0,0,0,organic_search,health
8409,1,1,0,0,0,embedded_partner,motor
8410,1,0,0,0,0,organic_search,health
8411,1,1,1,1,1,organic_search,term
8412,1,0,0,0,0,social_media,health
8413,1,1,0,0,0,social_media,travel
8414,1,0,0,0,0,paid_search,motor
8415,1,1,0,0,0,aggregator,motor
8416,1,0,0,0,0,embedded_partner,health
8417,1,1,0,0,0,referral,motor
8418,1,0,0,0,0,embedded_partner,term
8419,1,0,0,0,0,paid_search,term
8420,1,0,0,0,0,aggregator,motor
8421,1,1,0,0,0,paid_search,travel
8422,1,0,0,0,0,embedded_partner,motor
8423,1,1,0,0,0,organic_search,term
8424,1,0,0,0,0,referral,motor
8425,1,1,0,0,0,paid_search,term
8426,1,1,1,0,0,social_media,motor
8427,1,1,0,0,0,organic_search,travel
8428,1,1,0,0,0,aggregator,travel
8429,1,0,0,0,0,referral,health
8430,1,1,1,1,1,social_media,health
8431,1,0,0,0,0,aggregator,health
8432,1,0,0,0,0,aggregator,health
8433,1,0,0,0,0,embedded_partner,health
8434,1,0,0,0,0,social_media,health
8435,1,0,0,0,0,organic_search,travel
8436,1,1,0,0,0,organic_search,health
8437,1,0,0,0,0,paid_search,motor
8438,1,0,0,0,0,organic_search,travel
8439,1,1,1,1,1,referral,motor
8440,1,1,0,0,0,aggregator,motor
8441,1,1,0,0,0,organic_search,travel
8442,1,1,0,0,0,paid_search,motor
8443,1,1,0,0,0,paid_search,motor
8444,1,1,0,0,0,paid_search,health
8445,1,1,0,0,0,embedded_partner,term
8446,1,1,1,1,1,aggregator,motor
8447,1,0,0,0,0,paid_search,health
8448,1,1,1,0,0,organic_search,motor
8449,1,0,0,0,0,aggregator,health
8450,1,1,0,0,0,organic_search,motor
8451,1,1,0,0,0,referral,motor
8452,1,0,0,0,0,aggregator,travel
8453,1,0,0,0,0,aggregator,health
8454,1,1,0,0,0,referral,term
8455,1,0,0,0,0,aggregator,travel
8456,1,0,0,0,0,aggregator,travel
8457,1,0,0,0,0,referral,term
8458,1,0,0,0,0,embedded_partner,motor
8459,1,1,0,0,0,organic_search,term
8460,1,1,0,0,0,social_media,health
8461,1,1,0,0,0,embedded_partner,motor
8462,1,0,0,0,0,organic_search,motor
8463,1,0,0,0,0,organic_search,motor
8464,1,0,0,0,0,embedded_partner,health
8465,1,1,1,1,1,organic_search,term
8466,1,1,0,0,0,social_media,health
8467,1,1,0,0,0,paid_search,motor
8468,1,0,0,0,0,social_media,motor
8469,1,0,0,0,0,social_media,travel
8470,1,1,0,0,0,paid_search,health
8471,1,1,0,0,0,paid_search,health
8472,1,1,1,0,0,embedded_partner,term
8473,1,0,0,0,0,paid_search,term
8474,1,0,0,0,0,aggregator,health
8475,1,1,0,0,0,paid_search,health
8476,1,1,1,0,0,aggregator,motor
8477,1,1,0,0,0,organic_search,travel
8478,1,0,0,0,0,paid_search,health
8479,1,0,0,0,0,paid_search,term
8480,1,1,0,0,0,embedded_partner,motor
8481,1,0,0,0,0,aggregator,health
8482,1,0,0,0,0,aggregator,motor
8483,1,0,0,0,0,embedded_partner,health
8484,1,1,0,0,0,social_media,term
8485,1,1,0,0,0,organic_search,term
8486,1,0,0,0,0,embedded_partner,motor
8487,1,1,0,0,0,referral,travel
8488,1,0,0,0,0,aggregator,motor
8489,1,1,0,0,0,organic_search,health
8490,1,1,0,0,0,organic_search,motor
8491,1,0,0,0,0,aggregator,motor
8492,1,1,1,1,1,referral,travel
8493,1,0,0,0,0,paid_search,motor
8494,1,0,0,0,0,embedded_partner,travel
8495,1,0,0,0,0,social_media,motor
8496,1,0,0,0,0,social_media,term
8497,1,0,0,0,0,aggregator,motor
8498,1,0,0,0,0,embedded_partner,health
8499,1,1,0,0,0,social_media,travel
8500,1,1,1,0,0,aggregator,health
8501,1,1,0,0,0,aggregator,motor
8502,1,1,0,0,0,organic_search,term
8503,1,1,0,0,0,aggregator,term
8504,1,0,0,0,0,social_media,motor
8505,1,0,0,0,0,organic_search,term
8506,1,0,0,0,0,paid_search,term
8507,1,1,0,0,0,social_media,term
8508,1,1,0,0,0,aggregator,motor
8509,1,1,0,0,0,referral,health
8510,1,0,0,0,0,embedded_partner,travel
8511,1,1,0,0,0,paid_search,health
8512,1,0,0,0,0,social_media,health
8513,1,0,0,0,0,social_media,travel
8514,1,0,0,0,0,referral,motor
8515,1,0,0,0,0,paid_search,motor
8516,1,1,0,0,0,social_media,term
8517,1,0,0,0,0,embedded_partner,term
8518,1,0,0,0,0,aggregator,travel
8519,1,0,0,0,0,social_media,term
8520,1,0,0,0,0,aggregator,motor
8521,1,1,0,0,0,social_media,motor
8522,1,1,0,0,0,paid_search,motor
8523,1,0,0,0,0,referral,travel
8524,1,0,0,0,0,paid_search,motor
8525,1,0,0,0,0,aggregator,health
8526,1,1,1,0,0,embedded_partner,health
8527,1,1,1,0,0,embedded_partner,motor
8528,1,0,0,0,0,organic_search,motor
8529,1,1,1,1,1,organic_search,health
8530,1,0,0,0,0,paid_search,motor
8531,1,0,0,0,0,social_media,travel
8532,1,1,0,0,0,aggregator,travel
8533,1,1,0,0,0,aggregator,motor
8534,1,1,0,0,0,referral,travel
8535,1,0,0,0,0,organic_search,motor
8536,1,1,0,0,0,aggregator,motor
8537,1,1,0,0,0,aggregator,motor
8538,1,1,0,0,0,referral,term
8539,1,0,0,0,0,aggregator,term
8540,1,1,0,0,0,paid_search,motor
8541,1,0,0,0,0,aggregator,term
8542,1,0,0,0,0,aggregator,term
8543,1,0,0,0,0,paid_search,term
8544,1,0,0,0,0,referral,health
8545,1,0,0,0,0,paid_search,term
8546,1,0,0,0,0,social_media,health
8547,1,0,0,0,0,organic_search,motor
8548,1,1,1,0,0,social_media,term
8549,1,1,1,1,1,organic_search,motor
8550,1,1,0,0,0,organic_search,term
8551,1,1,0,0,0,social_media,term
8552,1,1,1,0,0,social_media,motor
8553,1,1,0,0,0,organic_search,motor
8554,1,0,0,0,0,organic_search,term
8555,1,0,0,0,0,organic_search,term
8556,1,0,0,0,0,aggregator,term
8557,1,0,0,0,0,organic_search,health
8558,1,1,0,0,0,organic_search,motor
8559,1,1,0,0,0,paid_search,motor
8560,1,0,0,0,0,embedded_partner,term
8561,1,1,0,0,0,paid_search,health
8562,1,0,0,0,0,aggregator,term
8563,1,0,0,0,0,embedded_partner,motor
8564,1,1,0,0,0,aggregator,motor
8565,1,1,1,0,0,paid_search,health
8566,1,0,0,0,0,paid_search,health
8567,1,0,0,0,0,embedded_partner,health
8568,1,0,0,0,0,paid_search,motor
8569,1,0,0,0,0,organic_search,term
8570,1,1,0,0,0,organic_search,health
8571,1,0,0,0,0,social_media,term
8572,1,0,0,0,0,referral,health
8573,1,1,0,0,0,embedded_partner,health
8574,1,1,0,0,0,paid_search,term
8575,1,1,0,0,0,referral,health
8576,1,0,0,0,0,social_media,health
8577,1,0,0,0,0,aggregator,health
8578,1,0,0,0,0,paid_search,motor
8579,1,0,0,0,0,social_media,travel
8580,1,0,0,0,0,aggregator,motor
8581,1,1,0,0,0,social_media,motor
8582,1,0,0,0,0,paid_search,term
8583,1,1,0,0,0,social_media,motor
8584,1,1,0,0,0,aggregator,travel
8585,1,1,1,0,0,embedded_partner,health
8586,1,0,0,0,0,paid_search,motor
8587,1,0,0,0,0,aggregator,motor
8588,1,0,0,0,0,paid_search,motor
8589,1,0,0,0,0,social_media,motor
8590,1,0,0,0,0,social_media,motor
8591,1,0,0,0,0,social_media,motor
8592,1,1,0,0,0,aggregator,motor
8593,1,1,0,0,0,embedded_partner,health
8594,1,1,0,0,0,paid_search,motor
8595,1,1,0,0,0,aggregator,motor
8596,1,0,0,0,0,organic_search,motor
8597,1,1,0,0,0,organic_search,motor
8598,1,0,0,0,0,social_media,motor
8599,1,0,0,0,0,paid_search,motor
8600,1,1,0,0,0,paid_search,motor
8601,1,0,0,0,0,social_media,travel
8602,1,0,0,0,0,aggregator,motor
8603,1,0,0,0,0,paid_search,motor
8604,1,1,1,1,1,referral,term
8605,1,0,0,0,0,organic_search,health
8606,1,0,0,0,0,paid_search,motor
8607,1,0,0,0,0,aggregator,term
8608,1,0,0,0,0,organic_search,term
8609,1,1,0,0,0,paid_search,travel
8610,1,0,0,0,0,aggregator,travel
8611,1,0,0,0,0,aggregator,health
8612,1,1,0,0,0,organic_search,term
8613,1,0,0,0,0,social_media,health
8614,1,0,0,0,0,aggregator,travel
8615,1,0,0,0,0,aggregator,health
8616,1,0,0,0,0,social_media,motor
8617,1,0,0,0,0,social_media,motor
8618,1,1,0,0,0,organic_search,health
8619,1,1,0,0,0,aggregator,health
8620,1,1,0,0,0,organic_search,term
8621,1,0,0,0,0,referral,motor
8622,1,0,0,0,0,social_media,term
8623,1,1,0,0,0,aggregator,motor
8624,1,1,1,0,0,organic_search,health
8625,1,0,0,0,0,paid_search,motor
8626,1,0,0,0,0,aggregator,motor
8627,1,0,0,0,0,paid_search,health
8628,1,0,0,0,0,embedded_partner,motor
8629,1,1,0,0,0,paid_search,motor
8630,1,0,0,0,0,embedded_partner,term
8631,1,0,0,0,0,social_media,motor
8632,1,0,0,0,0,social_media,term
8633,1,1,0,0,0,aggregator,term
8634,1,1,0,0,0,social_media,motor
8635,1,1,0,0,0,aggregator,travel
8636,1,0,0,0,0,social_media,term
8637,1,1,0,0,0,paid_search,term
8638,1,0,0,0,0,paid_search,term
8639,1,1,0,0,0,social_media,health
8640,1,0,0,0,0,aggregator,travel
8641,1,1,0,0,0,paid_search,motor
8642,1,0,0,0,0,referral,motor
8643,1,0,0,0,0,aggregator,term
8644,1,0,0,0,0,paid_search,motor
8645,1,1,0,0,0,paid_search,health
8646,1,0,0,0,0,paid_search,motor
8647,1,1,0,0,0,organic_search,motor
8648,1,1,1,1,1,aggregator,travel
8649,1,0,0,0,0,paid_search,motor
8650,1,1,1,1,1,social_media,motor
8651,1,0,0,0,0,paid_search,term
8652,1,1,0,0,0,referral,term
8653,1,0,0,0,0,referral,term
8654,1,0,0,0,0,aggregator,motor
8655,1,0,0,0,0,paid_search,travel
8656,1,0,0,0,0,aggregator,health
8657,1,0,0,0,0,aggregator,term
8658,1,0,0,0,0,social_media,motor
8659,1,0,0,0,0,social_media,motor
8660,1,0,0,0,0,paid_search,health
8661,1,0,0,0,0,paid_search,health
8662,1,0,0,0,0,paid_search,motor
8663,1,1,0,0,0,referral,health
8664,1,0,0,0,0,embedded_partner,term
8665,1,0,0,0,0,aggregator,motor
8666,1,1,0,0,0,organic_search,health
8667,1,1,0,0,0,paid_search,motor
8668,1,1,1,0,0,organic_search,travel
8669,1,1,1,1,1,social_media,health
8670,1,0,0,0,0,embedded_partner,health
8671,1,0,0,0,0,aggregator,travel
8672,1,1,0,0,0,paid_search,term
8673,1,1,0,0,0,referral,motor
8674,1,1,0,0,0,aggregator,health
8675,1,1,1,0,0,aggregator,travel
8676,1,1,1,1,1,organic_search,motor
8677,1,1,0,0,0,organic_search,health
8678,1,1,1,0,0,organic_search,motor
8679,1,1,0,0,0,organic_search,term
8680,1,1,0,0,0,organic_search,health
8681,1,0,0,0,0,aggregator,travel
8682,1,1,0,0,0,social_media,term
8683,1,0,0,0,0,organic_search,motor
8684,1,0,0,0,0,embedded_partner,health
8685,1,1,1,0,0,aggregator,travel
8686,1,1,1,1,1,aggregator,motor
8687,1,1,1,1,1,organic_search,motor
8688,1,0,0,0,0,paid_search,term
8689,1,0,0,0,0,aggregator,health
8690,1,0,0,0,0,embedded_partner,motor
8691,1,0,0,0,0,social_media,motor
8692,1,0,0,0,0,paid_search,motor
8693,1,0,0,0,0,aggregator,term
8694,1,0,0,0,0,aggregator,health
8695,1,1,0,0,0,organic_search,health
8696,1,1,1,1,1,social_media,term
8697,1,0,0,0,0,aggregator,motor
8698,1,0,0,0,0,paid_search,term
8699,1,0,0,0,0,aggregator,motor
8700,1,1,0,0,0,aggregator,health
8701,1,1,0,0,0,paid_search,health
8702,1,1,1,0,0,social_media,term
8703,1,1,1,0,0,aggregator,travel
8704,1,0,0,0,0,paid_search,motor
8705,1,1,0,0,0,social_media,motor
8706,1,0,0,0,0,paid_search,health
8707,1,1,0,0,0,aggregator,health
8708,1,0,0,0,0,aggregator,motor
8709,1,0,0,0,0,aggregator,travel
8710,1,0,0,0,0,paid_search,term
8711,1,0,0,0,0,organic_search,health
8712,1,0,0,0,0,aggregator,health
8713,1,0,0,0,0,organic_search,motor
8714,1,0,0,0,0,organic_search,health
8715,1,0,0,0,0,aggregator,health
8716,1,1,0,0,0,aggregator,travel
8717,1,0,0,0,0,aggregator,health
8718,1,0,0,0,0,aggregator,motor
8719,1,0,0,0,0,social_media,motor
8720,1,1,0,0,0,aggregator,motor
8721,1,0,0,0,0,embedded_partner,travel
8722,1,0,0,0,0,social_media,term
8723,1,1,0,0,0,organic_search,term
8724,1,1,0,0,0,organic_search,term
8725,1,1,0,0,0,social_media,motor
8726,1,1,0,0,0,embedded_partner,term
8727,1,1,0,0,0,referral,term
8728,1,0,0,0,0,paid_search,motor
8729,1,1,0,0,0,aggregator,health
8730,1,0,0,0,0,paid_search,term
8731,1,0,0,0,0,aggregator,travel
8732,1,0,0,0,0,social_media,motor
8733,1,0,0,0,0,paid_search,travel
8734,1,0,0,0,0,social_media,travel
8735,1,1,1,0,0,organic_search,travel
8736,1,1,0,0,0,paid_search,motor
8737,1,0,0,0,0,social_media,motor
8738,1,0,0,0,0,paid_search,term
8739,1,1,0,0,0,organic_search,motor
8740,1,0,0,0,0,social_media,motor
8741,1,0,0,0,0,aggregator,term
8742,1,0,0,0,0,organic_search,motor
8743,1,0,0,0,0,aggregator,health
8744,1,1,1,1,1,organic_search,travel
8745,1,0,0,0,0,social_media,health
8746,1,0,0,0,0,paid_search,travel
8747,1,1,0,0,0,organic_search,health
8748,1,0,0,0,0,embedded_partner,motor
8749,1,0,0,0,0,organic_search,motor
8750,1,0,0,0,0,social_media,motor
8751,1,1,1,0,0,organic_search,motor
8752,1,0,0,0,0,paid_search,term
8753,1,0,0,0,0,organic_search,travel
8754,1,0,0,0,0,embedded_partner,motor
8755,1,0,0,0,0,aggregator,motor
8756,1,0,0,0,0,aggregator,health
8757,1,0,0,0,0,paid_search,health
8758,1,1,0,0,0,aggregator,motor
8759,1,0,0,0,0,paid_search,motor
8760,1,0,0,0,0,aggregator,motor
8761,1,0,0,0,0,social_media,health
8762,1,1,0,0,0,aggregator,motor
8763,1,1,0,0,0,paid_search,term
8764,1,1,0,0,0,organic_search,motor
8765,1,0,0,0,0,paid_search,health
8766,1,0,0,0,0,paid_search,health
8767,1,0,0,0,0,organic_search,motor
8768,1,1,1,0,0,referral,travel
8769,1,0,0,0,0,social_media,term
8770,1,0,0,0,0,aggregator,travel
8771,1,1,0,0,0,aggregator,health
8772,1,0,0,0,0,referral,health
8773,1,1,0,0,0,organic_search,motor
8774,1,1,0,0,0,organic_search,health
8775,1,1,1,1,1,organic_search,health
8776,1,1,0,0,0,aggregator,health
8777,1,0,0,0,0,paid_search,motor
8778,1,1,1,1,0,organic_search,motor
8779,1,1,0,0,0,embedded_partner,motor
8780,1,1,0,0,0,aggregator,motor
8781,1,0,0,0,0,social_media,health
8782,1,0,0,0,0,aggregator,travel
8783,1,1,1,1,1,referral,motor
8784,1,0,0,0,0,paid_search,motor
8785,1,0,0,0,0,organic_search,motor
8786,1,1,0,0,0,aggregator,motor
8787,1,1,0,0,0,social_media,term
8788,1,1,0,0,0,organic_search,motor
8789,1,0,0,0,0,paid_search,travel
8790,1,0,0,0,0,embedded_partner,travel
8791,1,1,1,0,0,embedded_partner,health
8792,1,1,0,0,0,embedded_partner,travel
8793,1,0,0,0,0,paid_search,health
8794,1,1,0,0,0,organic_search,travel
8795,1,1,1,0,0,social_media,motor
8796,1,1,1,0,0,social_media,travel
8797,1,0,0,0,0,social_media,motor
8798,1,1,0,0,0,social_media,motor
8799,1,1,0,0,0,aggregator,travel
8800,1,0,0,0,0,paid_search,motor
8801,1,0,0,0,0,aggregator,motor
8802,1,0,0,0,0,paid_search,motor
8803,1,1,0,0,0,aggregator,motor
8804,1,1,0,0,0,aggregator,motor
8805,1,1,1,1,1,organic_search,health
8806,1,0,0,0,0,social_media,health
8807,1,0,0,0,0,aggregator,term
8808,1,0,0,0,0,organic_search,motor
8809,1,0,0,0,0,embedded_partner,term
8810,1,0,0,0,0,embedded_partner,health
8811,1,1,0,0,0,embedded_partner,term
8812,1,0,0,0,0,referral,term
8813,1,0,0,0,0,social_media,travel
8814,1,1,1,1,1,referral,motor
8815,1,1,0,0,0,referral,health
8816,1,1,1,1,1,paid_search,travel
8817,1,0,0,0,0,embedded_partner,term
8818,1,0,0,0,0,organic_search,motor
8819,1,1,1,0,0,organic_search,health
8820,1,0,0,0,0,embedded_partner,term
8821,1,0,0,0,0,paid_search,motor
8822,1,0,0,0,0,paid_search,health
8823,1,0,0,0,0,social_media,term
8824,1,1,1,0,0,organic_search,health
8825,1,1,0,0,0,embedded_partner,motor
8826,1,1,1,0,0,embedded_partner,health
8827,1,1,0,0,0,organic_search,health
8828,1,0,0,0,0,referral,health
8829,1,1,1,1,1,aggregator,term
8830,1,1,0,0,0,referral,health
8831,1,1,0,0,0,aggregator,travel
8832,1,0,0,0,0,social_media,term
8833,1,1,1,1,1,aggregator,term
8834,1,0,0,0,0,social_media,health
8835,1,0,0,0,0,paid_search,motor
8836,1,1,0,0,0,aggregator,term
8837,1,1,0,0,0,social_media,motor
8838,1,1,0,0,0,organic_search,health
8839,1,0,0,0,0,aggregator,motor
8840,1,1,0,0,0,organic_search,health
8841,1,1,0,0,0,aggregator,term
8842,1,1,0,0,0,aggregator,health
8843,1,0,0,0,0,aggregator,health
8844,1,0,0,0,0,social_media,motor
8845,1,0,0,0,0,organic_search,motor
8846,1,1,0,0,0,social_media,health
8847,1,1,1,1,1,embedded_partner,travel
8848,1,0,0,0,0,social_media,travel
8849,1,0,0,0,0,organic_search,travel
8850,1,1,0,0,0,referral,motor
8851,1,0,0,0,0,paid_search,motor
8852,1,1,0,0,0,aggregator,health
8853,1,1,1,0,0,aggregator,health
8854,1,1,0,0,0,social_media,term
8855,1,0,0,0,0,social_media,term
8856,1,0,0,0,0,aggregator,health
8857,1,0,0,0,0,embedded_partner,health
8858,1,1,0,0,0,referral,travel
8859,1,0,0,0,0,paid_search,motor
8860,1,0,0,0,0,aggregator,term
8861,1,1,0,0,0,aggregator,term
8862,1,0,0,0,0,paid_search,motor
8863,1,1,0,0,0,embedded_partner,travel
8864,1,1,1,0,0,social_media,travel
8865,1,0,0,0,0,aggregator,term
8866,1,0,0,0,0,social_media,motor
8867,1,1,1,0,0,aggregator,motor
8868,1,0,0,0,0,paid_search,term
8869,1,0,0,0,0,paid_search,motor
8870,1,1,0,0,0,social_media,motor
8871,1,0,0,0,0,social_media,health
8872,1,0,0,0,0,embedded_partner,motor
8873,1,1,0,0,0,aggregator,term
8874,1,0,0,0,0,organic_search,health
8875,1,0,0,0,0,aggregator,motor
8876,1,0,0,0,0,paid_search,health
8877,1,1,1,0,0,embedded_partner,motor
8878,1,0,0,0,0,organic_search,motor
8879,1,0,0,0,0,aggregator,health
8880,1,0,0,0,0,social_media,health
8881,1,1,0,0,0,organic_search,motor
8882,1,1,0,0,0,referral,health
8883,1,1,1,0,0,social_media,motor
8884,1,1,1,0,0,aggregator,health
8885,1,0,0,0,0,social_media,motor
8886,1,0,0,0,0,aggregator,term
8887,1,1,0,0,0,aggregator,health
8888,1,0,0,0,0,social_media,motor
8889,1,1,0,0,0,organic_search,term
8890,1,1,0,0,0,aggregator,term
8891,1,1,0,0,0,organic_search,motor
8892,1,1,0,0,0,organic_search,health
8893,1,1,0,0,0,organic_search,term
8894,1,1,0,0,0,aggregator,motor
8895,1,1,0,0,0,paid_search,travel
8896,1,1,0,0,0,aggregator,health
8897,1,1,0,0,0,aggregator,term
8898,1,1,0,0,0,paid_search,travel
8899,1,1,0,0,0,paid_search,travel
8900,1,0,0,0,0,aggregator,health
8901,1,0,0,0,0,aggregator,term
8902,1,0,0,0,0,embedded_partner,motor
8903,1,0,0,0,0,organic_search,motor
8904,1,0,0,0,0,paid_search,travel
8905,1,1,1,0,0,referral,motor
8906,1,1,0,0,0,aggregator,term
8907,1,1,0,0,0,paid_search,motor
8908,1,0,0,0,0,embedded_partner,motor
8909,1,0,0,0,0,paid_search,motor
8910,1,0,0,0,0,aggregator,health
8911,1,0,0,0,0,paid_search,motor
8912,1,1,0,0,0,social_media,motor
8913,1,0,0,0,0,social_media,travel
8914,1,1,0,0,0,paid_search,term
8915,1,0,0,0,0,paid_search,term
8916,1,1,1,1,1,paid_search,motor
8917,1,0,0,0,0,social_media,motor
8918,1,1,1,0,0,aggregator,term
8919,1,0,0,0,0,embedded_partner,motor
8920,1,0,0,0,0,organic_search,health
8921,1,0,0,0,0,paid_search,travel
8922,1,0,0,0,0,organic_search,motor
8923,1,0,0,0,0,aggregator,travel
8924,1,1,0,0,0,paid_search,motor
8925,1,0,0,0,0,paid_search,motor
8926,1,0,0,0,0,paid_search,motor
8927,1,1,0,0,0,organic_search,travel
8928,1,1,0,0,0,referral,health
8929,1,0,0,0,0,paid_search,term
8930,1,0,0,0,0,paid_search,motor
8931,1,0,0,0,0,social_media,travel
8932,1,0,0,0,0,paid_search,health
8933,1,0,0,0,0,aggregator,health
8934,1,1,0,0,0,referral,term
8935,1,0,0,0,0,embedded_partner,term
8936,1,0,0,0,0,referral,term
8937,1,1,1,0,0,aggregator,motor
8938,1,0,0,0,0,aggregator,travel
8939,1,0,0,0,0,paid_search,motor
8940,1,0,0,0,0,referral,travel
8941,1,1,0,0,0,aggregator,motor
8942,1,0,0,0,0,aggregator,motor
8943,1,1,1,0,0,aggregator,motor
8944,1,1,0,0,0,organic_search,health
8945,1,1,0,0,0,organic_search,motor
8946,1,0,0,0,0,organic_search,term
8947,1,1,1,1,0,aggregator,term
8948,1,0,0,0,0,organic_search,motor
8949,1,0,0,0,0,paid_search,health
8950,1,0,0,0,0,aggregator,term
8951,1,0,0,0,0,paid_search,travel
8952,1,1,0,0,0,social_media,motor
8953,1,0,0,0,0,paid_search,travel
8954,1,1,0,0,0,referral,motor
8955,1,1,0,0,0,social_media,term
8956,1,1,1,1,0,paid_search,term
8957,1,1,0,0,0,organic_search,health
8958,1,1,1,0,0,organic_search,motor
8959,1,1,0,0,0,aggregator,term
8960,1,0,0,0,0,social_media,motor
8961,1,0,0,0,0,aggregator,motor
8962,1,0,0,0,0,paid_search,motor
8963,1,1,0,0,0,organic_search,term
8964,1,0,0,0,0,social_media,motor
8965,1,0,0,0,0,paid_search,health
8966,1,0,0,0,0,aggregator,travel
8967,1,0,0,0,0,social_media,term
8968,1,0,0,0,0,paid_search,health
8969,1,1,0,0,0,embedded_partner,health
8970,1,0,0,0,0,social_media,motor
8971,1,1,0,0,0,embedded_partner,health
8972,1,1,0,0,0,paid_search,motor
8973,1,1,0,0,0,embedded_partner,motor
8974,1,0,0,0,0,aggregator,motor
8975,1,1,0,0,0,paid_search,health
8976,1,0,0,0,0,aggregator,motor
8977,1,0,0,0,0,aggregator,motor
8978,1,1,0,0,0,embedded_partner,travel
8979,1,0,0,0,0,organic_search,motor
8980,1,0,0,0,0,social_media,term
8981,1,0,0,0,0,social_media,health
8982,1,0,0,0,0,social_media,health
8983,1,0,0,0,0,social_media,motor
8984,1,1,1,0,0,embedded_partner,motor
8985,1,0,0,0,0,social_media,term
8986,1,1,0,0,0,organic_search,health
8987,1,1,0,0,0,paid_search,motor
8988,1,1,0,0,0,referral,motor
8989,1,0,0,0,0,aggregator,health
8990,1,0,0,0,0,paid_search,motor
8991,1,1,0,0,0,embedded_partner,health
8992,1,0,0,0,0,aggregator,health
8993,1,0,0,0,0,aggregator,health
8994,1,1,0,0,0,paid_search,term
8995,1,0,0,0,0,paid_search,health
8996,1,1,0,0,0,referral,travel
8997,1,0,0,0,0,embedded_partner,health
8998,1,1,1,1,1,paid_search,health
8999,1,0,0,0,0,referral,term
9000,1,1,0,0,0,social_media,health
9001,1,0,0,0,0,embedded_partner,motor
9002,1,0,0,0,0,aggregator,travel
9003,1,1,0,0,0,social_media,travel
9004,1,0,0,0,0,aggregator,motor
9005,1,0,0,0,0,aggregator,health
9006,1,0,0,0,0,organic_search,term
9007,1,1,0,0,0,aggregator,travel
9008,1,0,0,0,0,social_media,health
9009,1,0,0,0,0,organic_search,motor
9010,1,0,0,0,0,aggregator,term
9011,1,0,0,0,0,paid_search,motor
9012,1,1,0,0,0,organic_search,term
9013,1,0,0,0,0,embedded_partner,health
9014,1,1,0,0,0,paid_search,health
9015,1,1,0,0,0,referral,motor
9016,1,0,0,0,0,embedded_partner,health
9017,1,0,0,0,0,organic_search,health
9018,1,0,0,0,0,paid_search,motor
9019,1,0,0,0,0,organic_search,motor
9020,1,0,0,0,0,embedded_partner,motor
9021,1,1,0,0,0,paid_search,travel
9022,1,1,0,0,0,referral,health
9023,1,0,0,0,0,embedded_partner,term
9024,1,0,0,0,0,social_media,health
9025,1,0,0,0,0,organic_search,term
9026,1,1,0,0,0,social_media,health
9027,1,1,0,0,0,organic_search,motor
9028,1,0,0,0,0,embedded_partner,motor
9029,1,1,0,0,0,aggregator,motor
9030,1,0,0,0,0,aggregator,term
9031,1,1,0,0,0,paid_search,term
9032,1,1,0,0,0,embedded_partner,term
9033,1,0,0,0,0,paid_search,term
9034,1,1,0,0,0,embedded_partner,term
9035,1,0,0,0,0,paid_search,travel
9036,1,1,0,0,0,paid_search,term
9037,1,0,0,0,0,embedded_partner,motor
9038,1,0,0,0,0,social_media,motor
9039,1,1,0,0,0,paid_search,health
9040,1,1,1,0,0,aggregator,term
9041,1,0,0,0,0,aggregator,health
9042,1,1,0,0,0,aggregator,motor
9043,1,0,0,0,0,paid_search,term
9044,1,0,0,0,0,social_media,health
9045,1,0,0,0,0,paid_search,motor
9046,1,1,0,0,0,aggregator,term
9047,1,1,0,0,0,paid_search,health
9048,1,0,0,0,0,paid_search,motor
9049,1,1,1,1,1,referral,motor
9050,1,0,0,0,0,paid_search,health
9051,1,1,1,0,0,aggregator,health
9052,1,0,0,0,0,social_media,motor
9053,1,0,0,0,0,embedded_partner,health
9054,1,0,0,0,0,organic_search,term
9055,1,0,0,0,0,embedded_partner,motor
9056,1,0,0,0,0,embedded_partner,health
9057,1,1,1,0,0,social_media,health
9058,1,0,0,0,0,referral,motor
9059,1,0,0,0,0,aggregator,motor
9060,1,0,0,0,0,embedded_partner,motor
9061,1,1,1,0,0,embedded_partner,health
9062,1,1,0,0,0,embedded_partner,term
9063,1,0,0,0,0,social_media,health
9064,1,0,0,0,0,organic_search,travel
9065,1,0,0,0,0,aggregator,motor
9066,1,1,0,0,0,social_media,term
9067,1,0,0,0,0,paid_search,health
9068,1,0,0,0,0,social_media,term
9069,1,0,0,0,0,organic_search,travel
9070,1,1,1,0,0,paid_search,health
9071,1,0,0,0,0,aggregator,health
9072,1,0,0,0,0,paid_search,travel
9073,1,1,1,1,1,organic_search,travel
9074,1,1,0,0,0,organic_search,travel
9075,1,0,0,0,0,organic_search,motor
9076,1,1,1,1,1,aggregator,motor
9077,1,0,0,0,0,embedded_partner,health
9078,1,0,0,0,0,organic_search,term
9079,1,1,0,0,0,aggregator,motor
9080,1,0,0,0,0,paid_search,motor
9081,1,0,0,0,0,paid_search,health
9082,1,0,0,0,0,paid_search,motor
9083,1,0,0,0,0,aggregator,term
9084,1,1,1,0,0,aggregator,motor
9085,1,0,0,0,0,aggregator,term
9086,1,1,0,0,0,aggregator,motor
9087,1,0,0,0,0,paid_search,health
9088,1,1,0,0,0,embedded_partner,health
9089,1,0,0,0,0,social_media,motor
9090,1,0,0,0,0,paid_search,health
9091,1,1,1,0,0,organic_search,term
9092,1,1,0,0,0,social_media,health
9093,1,0,0,0,0,aggregator,motor
9094,1,1,0,0,0,aggregator,term
9095,1,0,0,0,0,aggregator,motor
9096,1,0,0,0,0,social_media,health
9097,1,0,0,0,0,paid_search,health
9098,1,0,0,0,0,paid_search,health
9099,1,0,0,0,0,social_media,motor
9100,1,1,0,0,0,referral,motor
9101,1,0,0,0,0,paid_search,motor
9102,1,1,0,0,0,social_media,health
9103,1,0,0,0,0,social_media,health
9104,1,0,0,0,0,organic_search,term
9105,1,1,1,0,0,organic_search,motor
9106,1,0,0,0,0,organic_search,motor
9107,1,1,0,0,0,aggregator,term
9108,1,0,0,0,0,paid_search,health
9109,1,0,0,0,0,embedded_partner,term
9110,1,0,0,0,0,paid_search,motor
9111,1,0,0,0,0,referral,motor
9112,1,0,0,0,0,paid_search,motor
9113,1,0,0,0,0,social_media,health
9114,1,0,0,0,0,social_media,health
9115,1,0,0,0,0,paid_search,motor
9116,1,1,0,0,0,embedded_partner,motor
9117,1,1,0,0,0,aggregator,term
9118,1,1,0,0,0,social_media,motor
9119,1,0,0,0,0,social_media,term
9120,1,0,0,0,0,embedded_partner,motor
9121,1,0,0,0,0,social_media,motor
9122,1,0,0,0,0,referral,motor
9123,1,1,1,0,0,embedded_partner,travel
9124,1,0,0,0,0,paid_search,motor
9125,1,1,1,1,1,embedded_partner,motor
9126,1,1,1,1,1,referral,term
9127,1,0,0,0,0,paid_search,motor
9128,1,0,0,0,0,social_media,motor
9129,1,1,0,0,0,paid_search,motor
9130,1,0,0,0,0,social_media,term
9131,1,1,0,0,0,aggregator,health
9132,1,1,0,0,0,organic_search,term
9133,1,1,0,0,0,paid_search,term
9134,1,0,0,0,0,social_media,health
9135,1,1,0,0,0,aggregator,motor
9136,1,1,0,0,0,organic_search,term
9137,1,0,0,0,0,social_media,travel
9138,1,0,0,0,0,social_media,term
9139,1,0,0,0,0,paid_search,motor
9140,1,1,0,0,0,aggregator,term
9141,1,0,0,0,0,paid_search,term
9142,1,1,1,1,1,referral,travel
9143,1,0,0,0,0,aggregator,motor
9144,1,1,1,1,1,organic_search,term
9145,1,1,1,1,1,aggregator,term
9146,1,0,0,0,0,organic_search,travel
9147,1,0,0,0,0,aggregator,term
9148,1,0,0,0,0,paid_search,travel
9149,1,1,0,0,0,paid_search,motor
9150,1,0,0,0,0,aggregator,motor
9151,1,1,0,0,0,paid_search,motor
9152,1,1,1,0,0,paid_search,term
9153,1,0,0,0,0,social_media,motor
9154,1,1,0,0,0,referral,health
9155,1,0,0,0,0,social_media,travel
9156,1,1,0,0,0,embedded_partner,travel
9157,1,0,0,0,0,paid_search,term
9158,1,1,1,0,0,aggregator,term
9159,1,1,0,0,0,aggregator,motor
9160,1,0,0,0,0,paid_search,health
9161,1,1,0,0,0,paid_search,health
9162,1,1,1,0,0,embedded_partner,term
9163,1,0,0,0,0,organic_search,motor
9164,1,0,0,0,0,social_media,motor
9165,1,0,0,0,0,social_media,term
9166,1,1,0,0,0,paid_search,health
9167,1,0,0,0,0,social_media,term
9168,1,0,0,0,0,aggregator,health
9169,1,0,0,0,0,aggregator,term
9170,1,1,0,0,0,paid_search,health
9171,1,1,0,0,0,aggregator,term
9172,1,1,1,1,1,organic_search,term
9173,1,1,0,0,0,aggregator,motor
9174,1,0,0,0,0,aggregator,motor
9175,1,1,0,0,0,embedded_partner,travel
9176,1,1,0,0,0,referral,motor
9177,1,0,0,0,0,social_media,term
9178,1,0,0,0,0,social_media,motor
9179,1,1,0,0,0,organic_search,term
9180,1,1,0,0,0,aggregator,motor
9181,1,1,0,0,0,paid_search,health
9182,1,0,0,0,0,aggregator,health
9183,1,0,0,0,0,paid_search,motor
9184,1,1,0,0,0,referral,health
9185,1,1,0,0,0,organic_search,travel
9186,1,0,0,0,0,referral,term
9187,1,1,1,0,0,organic_search,travel
9188,1,1,0,0,0,social_media,term
9189,1,1,0,0,0,organic_search,health
9190,1,0,0,0,0,organic_search,health
9191,1,1,0,0,0,paid_search,travel
9192,1,1,0,0,0,paid_search,health
9193,1,0,0,0,0,social_media,health
9194,1,0,0,0,0,paid_search,term
9195,1,0,0,0,0,social_media,travel
9196,1,1,1,0,0,aggregator,health
9197,1,0,0,0,0,social_media,motor
9198,1,0,0,0,0,aggregator,health
9199,1,0,0,0,0,paid_search,term
9200,1,0,0,0,0,social_media,motor
9201,1,1,0,0,0,aggregator,term
9202,1,0,0,0,0,referral,health
9203,1,1,0,0,0,paid_search,motor
9204,1,0,0,0,0,paid_search,health
9205,1,0,0,0,0,aggregator,motor
9206,1,1,0,0,0,embedded_partner,term
9207,1,0,0,0,0,social_media,motor
9208,1,0,0,0,0,paid_search,term
9209,1,0,0,0,0,aggregator,motor
9210,1,0,0,0,0,organic_search,travel
9211,1,1,0,0,0,referral,term
9212,1,1,0,0,0,paid_search,motor
9213,1,0,0,0,0,aggregator,travel
9214,1,0,0,0,0,aggregator,health
9215,1,0,0,0,0,aggregator,health
9216,1,1,1,0,0,organic_search,travel
9217,1,1,1,0,0,referral,travel
9218,1,1,1,1,1,referral,term
9219,1,1,1,0,0,organic_search,travel
9220,1,0,0,0,0,aggregator,motor
9221,1,1,0,0,0,referral,motor
9222,1,0,0,0,0,paid_search,motor
9223,1,0,0,0,0,paid_search,motor
9224,1,0,0,0,0,organic_search,health
9225,1,0,0,0,0,aggregator,motor
9226,1,1,0,0,0,embedded_partner,health
9227,1,1,0,0,0,referral,motor
9228,1,0,0,0,0,organic_search,motor
9229,1,0,0,0,0,organic_search,term
9230,1,0,0,0,0,paid_search,motor
9231,1,0,0,0,0,aggregator,term
9232,1,1,0,0,0,organic_search,term
9233,1,0,0,0,0,social_media,health
9234,1,0,0,0,0,embedded_partner,travel
9235,1,0,0,0,0,aggregator,travel
9236,1,1,0,0,0,paid_search,motor
9237,1,0,0,0,0,paid_search,term
9238,1,1,1,1,1,organic_search,motor
9239,1,1,0,0,0,organic_search,health
9240,1,0,0,0,0,referral,health
9241,1,1,0,0,0,paid_search,term
9242,1,0,0,0,0,social_media,term
9243,1,0,0,0,0,aggregator,term
9244,1,0,0,0,0,paid_search,term
9245,1,0,0,0,0,paid_search,health
9246,1,0,0,0,0,social_media,motor
9247,1,0,0,0,0,social_media,motor
9248,1,0,0,0,0,paid_search,health
9249,1,0,0,0,0,social_media,term
9250,1,1,0,0,0,embedded_partner,motor
9251,1,0,0,0,0,aggregator,health
9252,1,0,0,0,0,paid_search,motor
9253,1,0,0,0,0,organic_search,health
9254,1,0,0,0,0,organic_search,motor
9255,1,1,1,0,0,embedded_partner,motor
9256,1,0,0,0,0,aggregator,motor
9257,1,0,0,0,0,social_media,motor
9258,1,0,0,0,0,embedded_partner,health
9259,1,0,0,0,0,paid_search,travel
9260,1,0,0,0,0,paid_search,motor
9261,1,1,0,0,0,referral,health
9262,1,1,0,0,0,aggregator,health
9263,1,1,0,0,0,organic_search,health
9264,1,0,0,0,0,embedded_partner,motor
9265,1,0,0,0,0,aggregator,motor
9266,1,1,0,0,0,organic_search,travel
9267,1,0,0,0,0,paid_search,travel
9268,1,0,0,0,0,embedded_partner,health
9269,1,1,0,0,0,embedded_partner,health
9270,1,0,0,0,0,embedded_partner,motor
9271,1,1,0,0,0,aggregator,motor
9272,1,0,0,0,0,organic_search,motor
9273,1,0,0,0,0,embedded_partner,term
9274,1,0,0,0,0,social_media,motor
9275,1,0,0,0,0,social_media,motor
9276,1,0,0,0,0,aggregator,motor
9277,1,1,1,1,1,embedded_partner,motor
9278,1,1,0,0,0,aggregator,health
9279,1,0,0,0,0,paid_search,health
9280,1,1,1,0,0,embedded_partner,health
9281,1,1,0,0,0,referral,health
9282,1,1,0,0,0,referral,health
9283,1,0,0,0,0,social_media,term
9284,1,0,0,0,0,aggregator,motor
9285,1,1,0,0,0,social_media,motor
9286,1,1,0,0,0,aggregator,travel
9287,1,1,1,1,1,embedded_partner,term
9288,1,1,1,0,0,social_media,health
9289,1,0,0,0,0,paid_search,motor
9290,1,0,0,0,0,aggregator,motor
9291,1,1,1,0,0,paid_search,motor
9292,1,1,0,0,0,embedded_partner,travel
9293,1,0,0,0,0,organic_search,health
9294,1,1,0,0,0,aggregator,motor
9295,1,0,0,0,0,aggregator,motor
9296,1,0,0,0,0,paid_search,motor
9297,1,0,0,0,0,aggregator,motor
9298,1,1,0,0,0,referral,health
9299,1,1,0,0,0,organic_search,motor
9300,1,0,0,0,0,aggregator,travel
9301,1,1,0,0,0,organic_search,term
9302,1,0,0,0,0,paid_search,travel
9303,1,1,1,0,0,aggregator,travel
9304,1,1,1,0,0,social_media,travel
9305,1,1,1,0,0,aggregator,travel
9306,1,1,0,0,0,paid_search,motor
9307,1,0,0,0,0,embedded_partner,motor
9308,1,1,1,0,0,embedded_partner,motor
9309,1,0,0,0,0,paid_search,health
9310,1,0,0,0,0,social_media,term
9311,1,1,0,0,0,aggregator,motor
9312,1,1,0,0,0,social_media,term
9313,1,0,0,0,0,paid_search,term
9314,1,0,0,0,0,social_media,health
9315,1,0,0,0,0,aggregator,health
9316,1,0,0,0,0,referral,motor
9317,1,0,0,0,0,embedded_partner,health
9318,1,0,0,0,0,paid_search,motor
9319,1,1,0,0,0,organic_search,health
9320,1,0,0,0,0,aggregator,motor
9321,1,1,0,0,0,organic_search,motor
9322,1,0,0,0,0,paid_search,health
9323,1,0,0,0,0,aggregator,health
9324,1,1,0,0,0,organic_search,motor
9325,1,0,0,0,0,paid_search,travel
9326,1,0,0,0,0,social_media,motor
9327,1,1,0,0,0,social_media,travel
9328,1,0,0,0,0,aggregator,motor
9329,1,0,0,0,0,aggregator,motor
9330,1,0,0,0,0,social_media,travel
9331,1,0,0,0,0,social_media,term
9332,1,0,0,0,0,aggregator,health
9333,1,0,0,0,0,paid_search,term
9334,1,1,0,0,0,social_media,health
9335,1,1,0,0,0,organic_search,term
9336,1,0,0,0,0,embedded_partner,motor
9337,1,0,0,0,0,paid_search,term
9338,1,0,0,0,0,social_media,travel
9339,1,1,0,0,0,social_media,travel
9340,1,1,0,0,0,paid_search,term
9341,1,0,0,0,0,aggregator,term
9342,1,1,0,0,0,aggregator,health
9343,1,1,0,0,0,embedded_partner,motor
9344,1,0,0,0,0,aggregator,travel
9345,1,1,1,0,0,social_media,health
9346,1,0,0,0,0,social_media,health
9347,1,0,0,0,0,paid_search,term
9348,1,0,0,0,0,embedded_partner,motor
9349,1,1,0,0,0,organic_search,term
9350,1,0,0,0,0,aggregator,term
9351,1,1,0,0,0,organic_search,motor
9352,1,0,0,0,0,social_media,motor
9353,1,0,0,0,0,paid_search,term
9354,1,1,0,0,0,organic_search,motor
9355,1,1,0,0,0,organic_search,travel
9356,1,0,0,0,0,paid_search,motor
9357,1,1,0,0,0,referral,motor
9358,1,0,0,0,0,social_media,motor
9359,1,0,0,0,0,social_media,term
9360,1,1,0,0,0,aggregator,health
9361,1,0,0,0,0,paid_search,term
9362,1,0,0,0,0,paid_search,travel
9363,1,0,0,0,0,social_media,health
9364,1,0,0,0,0,social_media,motor
9365,1,1,1,0,0,organic_search,motor
9366,1,0,0,0,0,paid_search,travel
9367,1,0,0,0,0,organic_search,motor
9368,1,1,1,1,1,embedded_partner,travel
9369,1,1,1,1,1,organic_search,travel
9370,1,1,0,0,0,organic_search,health
9371,1,0,0,0,0,embedded_partner,health
9372,1,1,0,0,0,aggregator,travel
9373,1,1,0,0,0,organic_search,term
9374,1,1,1,1,0,referral,term
9375,1,0,0,0,0,social_media,health
9376,1,0,0,0,0,aggregator,health
9377,1,1,0,0,0,referral,motor
9378,1,0,0,0,0,aggregator,travel
9379,1,0,0,0,0,paid_search,health
9380,1,1,0,0,0,aggregator,term
9381,1,0,0,0,0,paid_search,motor
9382,1,0,0,0,0,paid_search,travel
9383,1,0,0,0,0,social_media,health
9384,1,0,0,0,0,embedded_partner,term
9385,1,1,0,0,0,social_media,motor
9386,1,0,0,0,0,social_media,travel
9387,1,0,0,0,0,embedded_partner,term
9388,1,1,0,0,0,embedded_partner,health
9389,1,0,0,0,0,aggregator,motor
9390,1,0,0,0,0,aggregator,motor
9391,1,0,0,0,0,social_media,motor
9392,1,1,0,0,0,embedded_partner,motor
9393,1,0,0,0,0,social_media,health
9394,1,0,0,0,0,aggregator,health
9395,1,0,0,0,0,organic_search,health
9396,1,1,1,1,1,organic_search,term
9397,1,1,0,0,0,social_media,health
9398,1,0,0,0,0,embedded_partner,motor
9399,1,1,0,0,0,organic_search,travel
9400,1,0,0,0,0,organic_search,health
9401,1,1,0,0,0,organic_search,term
9402,1,1,1,1,1,organic_search,travel
9403,1,0,0,0,0,social_media,term
9404,1,0,0,0,0,paid_search,health
9405,1,0,0,0,0,organic_search,health
9406,1,0,0,0,0,social_media,term
9407,1,0,0,0,0,social_media,term
9408,1,0,0,0,0,aggregator,motor
9409,1,0,0,0,0,organic_search,health
9410,1,0,0,0,0,social_media,travel
9411,1,0,0,0,0,paid_search,term
9412,1,0,0,0,0,paid_search,motor
9413,1,0,0,0,0,aggregator,health
9414,1,1,0,0,0,referral,health
9415,1,0,0,0,0,embedded_partner,motor
9416,1,0,0,0,0,social_media,term
9417,1,1,1,1,0,paid_search,health
9418,1,0,0,0,0,organic_search,motor
9419,1,0,0,0,0,social_media,motor
9420,1,0,0,0,0,referral,travel
9421,1,1,0,0,0,aggregator,travel
9422,1,0,0,0,0,aggregator,term
9423,1,1,0,0,0,social_media,travel
9424,1,0,0,0,0,aggregator,travel
9425,1,0,0,0,0,social_media,health
9426,1,0,0,0,0,organic_search,motor
9427,1,1,0,0,0,aggregator,term
9428,1,0,0,0,0,paid_search,health
9429,1,1,0,0,0,organic_search,motor
9430,1,0,0,0,0,embedded_partner,travel
9431,1,1,1,1,1,social_media,motor
9432,1,1,1,0,0,aggregator,travel
9433,1,0,0,0,0,social_media,health
9434,1,1,0,0,0,paid_search,motor
9435,1,1,0,0,0,organic_search,travel
9436,1,0,0,0,0,social_media,term
9437,1,1,0,0,0,paid_search,health
9438,1,0,0,0,0,organic_search,health
9439,1,0,0,0,0,social_media,motor
9440,1,0,0,0,0,aggregator,motor
9441,1,0,0,0,0,social_media,motor
9442,1,1,0,0,0,referral,motor
9443,1,0,0,0,0,organic_search,motor
9444,1,0,0,0,0,paid_search,health
9445,1,0,0,0,0,organic_search,motor
9446,1,0,0,0,0,paid_search,health
9447,1,0,0,0,0,social_media,motor
9448,1,0,0,0,0,social_media,motor
9449,1,1,0,0,0,aggregator,travel
9450,1,1,0,0,0,paid_search,travel
9451,1,0,0,0,0,referral,term
9452,1,1,0,0,0,paid_search,motor
9453,1,1,1,0,0,embedded_partner,term
9454,1,0,0,0,0,organic_search,motor
9455,1,0,0,0,0,social_media,health
9456,1,0,0,0,0,aggregator,travel
9457,1,0,0,0,0,aggregator,motor
9458,1,1,0,0,0,aggregator,travel
9459,1,0,0,0,0,social_media,term
9460,1,0,0,0,0,referral,motor
9461,1,0,0,0,0,embedded_partner,motor
9462,1,1,0,0,0,aggregator,term
9463,1,0,0,0,0,paid_search,health
9464,1,1,0,0,0,aggregator,motor
9465,1,0,0,0,0,referral,motor
9466,1,1,0,0,0,aggregator,travel
9467,1,0,0,0,0,aggregator,motor
9468,1,1,0,0,0,social_media,travel
9469,1,0,0,0,0,social_media,term
9470,1,0,0,0,0,aggregator,motor
9471,1,0,0,0,0,organic_search,motor
9472,1,0,0,0,0,aggregator,term
9473,1,0,0,0,0,aggregator,health
9474,1,0,0,0,0,aggregator,motor
9475,1,1,0,0,0,paid_search,motor
9476,1,1,0,0,0,referral,travel
9477,1,1,1,0,0,social_media,term
9478,1,1,0,0,0,organic_search,health
9479,1,0,0,0,0,paid_search,motor
9480,1,0,0,0,0,organic_search,health
9481,1,1,1,0,0,referral,term
9482,1,0,0,0,0,paid_search,motor
9483,1,1,1,0,0,referral,travel
9484,1,0,0,0,0,social_media,travel
9485,1,0,0,0,0,organic_search,motor
9486,1,1,0,0,0,paid_search,travel
9487,1,0,0,0,0,social_media,term
9488,1,0,0,0,0,social_media,term
9489,1,1,1,0,0,referral,motor
9490,1,0,0,0,0,embedded_partner,travel
9491,1,1,0,0,0,paid_search,health
9492,1,0,0,0,0,referral,term
9493,1,1,0,0,0,embedded_partner,motor
9494,1,0,0,0,0,social_media,motor
9495,1,1,0,0,0,aggregator,travel
9496,1,1,0,0,0,aggregator,health
9497,1,0,0,0,0,aggregator,motor
9498,1,1,0,0,0,aggregator,term
9499,1,1,1,0,0,referral,motor
9500,1,0,0,0,0,aggregator,travel
9501,1,1,0,0,0,organic_search,travel
9502,1,0,0,0,0,social_media,motor
9503,1,1,0,0,0,social_media,health
9504,1,0,0,0,0,aggregator,travel
9505,1,1,0,0,0,social_media,travel
9506,1,0,0,0,0,social_media,health
9507,1,0,0,0,0,social_media,term
9508,1,0,0,0,0,aggregator,health
9509,1,1,1,1,1,organic_search,motor
9510,1,0,0,0,0,aggregator,term
9511,1,0,0,0,0,social_media,motor
9512,1,0,0,0,0,paid_search,motor
9513,1,0,0,0,0,paid_search,health
9514,1,1,0,0,0,embedded_partner,travel
9515,1,1,1,1,0,aggregator,motor
9516,1,0,0,0,0,referral,motor
9517,1,1,0,0,0,embedded_partner,motor
9518,1,0,0,0,0,paid_search,motor
9519,1,0,0,0,0,paid_search,travel
9520,1,1,0,0,0,aggregator,health
9521,1,1,0,0,0,embedded_partner,motor
9522,1,0,0,0,0,social_media,travel
9523,1,1,0,0,0,aggregator,motor
9524,1,0,0,0,0,social_media,health
9525,1,0,0,0,0,aggregator,term
9526,1,1,0,0,0,social_media,term
9527,1,0,0,0,0,social_media,motor
9528,1,0,0,0,0,aggregator,term
9529,1,1,0,0,0,embedded_partner,health
9530,1,0,0,0,0,paid_search,term
9531,1,0,0,0,0,social_media,motor
9532,1,1,1,1,1,social_media,term
9533,1,0,0,0,0,referral,health
9534,1,1,0,0,0,social_media,term
9535,1,0,0,0,0,embedded_partner,travel
9536,1,0,0,0,0,paid_search,travel
9537,1,1,0,0,0,embedded_partner,term
9538,1,1,0,0,0,aggregator,motor
9539,1,1,1,1,1,organic_search,motor
9540,1,0,0,0,0,aggregator,health
9541,1,0,0,0,0,referral,motor
9542,1,1,1,0,0,referral,term
9543,1,1,0,0,0,paid_search,term
9544,1,0,0,0,0,social_media,health
9545,1,0,0,0,0,social_media,motor
9546,1,0,0,0,0,paid_search,travel
9547,1,0,0,0,0,organic_search,health
9548,1,1,1,1,1,organic_search,health
9549,1,0,0,0,0,social_media,health
9550,1,0,0,0,0,aggregator,motor
9551,1,0,0,0,0,embedded_partner,term
9552,1,0,0,0,0,aggregator,motor
9553,1,0,0,0,0,social_media,health
9554,1,1,0,0,0,aggregator,motor
9555,1,1,0,0,0,aggregator,motor
9556,1,1,1,0,0,aggregator,motor
9557,1,1,0,0,0,paid_search,motor
9558,1,1,0,0,0,social_media,travel
9559,1,0,0,0,0,social_media,term
9560,1,1,1,0,0,organic_search,motor
9561,1,0,0,0,0,organic_search,motor
9562,1,1,0,0,0,aggregator,term
9563,1,1,0,0,0,aggregator,motor
9564,1,0,0,0,0,social_media,health
9565,1,1,0,0,0,organic_search,motor
9566,1,0,0,0,0,social_media,health
9567,1,0,0,0,0,aggregator,travel
9568,1,1,0,0,0,embedded_partner,motor
9569,1,0,0,0,0,aggregator,travel
9570,1,1,1,0,0,social_media,travel
9571,1,0,0,0,0,aggregator,travel
9572,1,1,0,0,0,organic_search,term
9573,1,0,0,0,0,paid_search,travel
9574,1,1,1,1,1,organic_search,health
9575,1,1,1,0,0,aggregator,travel
9576,1,0,0,0,0,social_media,motor
9577,1,0,0,0,0,aggregator,term
9578,1,1,1,0,0,organic_search,health
9579,1,1,0,0,0,aggregator,motor
9580,1,0,0,0,0,aggregator,motor
9581,1,0,0,0,0,organic_search,motor
9582,1,0,0,0,0,aggregator,health
9583,1,1,0,0,0,aggregator,motor
9584,1,1,0,0,0,embedded_partner,motor
9585,1,1,0,0,0,embedded_partner,motor
9586,1,0,0,0,0,embedded_partner,health
9587,1,0,0,0,0,paid_search,motor
9588,1,0,0,0,0,social_media,motor
9589,1,1,0,0,0,organic_search,motor
9590,1,1,0,0,0,aggregator,health
9591,1,1,1,1,1,organic_search,motor
9592,1,1,0,0,0,aggregator,travel
9593,1,1,0,0,0,embedded_partner,motor
9594,1,0,0,0,0,social_media,motor
9595,1,1,0,0,0,social_media,health
9596,1,0,0,0,0,social_media,travel
9597,1,0,0,0,0,aggregator,health
9598,1,1,0,0,0,paid_search,motor
9599,1,0,0,0,0,organic_search,health
9600,1,0,0,0,0,social_media,health
9601,1,0,0,0,0,social_media,health
9602,1,1,0,0,0,aggregator,travel
9603,1,0,0,0,0,organic_search,travel
9604,1,1,1,0,0,paid_search,health
9605,1,1,0,0,0,aggregator,motor
9606,1,1,0,0,0,referral,health
9607,1,0,0,0,0,social_media,travel
9608,1,0,0,0,0,social_media,travel
9609,1,0,0,0,0,referral,motor
9610,1,1,0,0,0,paid_search,motor
9611,1,1,0,0,0,referral,motor
9612,1,1,0,0,0,organic_search,term
9613,1,0,0,0,0,social_media,health
9614,1,1,0,0,0,aggregator,motor
9615,1,0,0,0,0,aggregator,motor
9616,1,0,0,0,0,paid_search,motor
9617,1,1,0,0,0,aggregator,travel
9618,1,0,0,0,0,aggregator,health
9619,1,1,0,0,0,social_media,motor
9620,1,0,0,0,0,organic_search,term
9621,1,0,0,0,0,aggregator,health
9622,1,1,1,0,0,organic_search,term
9623,1,1,1,0,0,referral,term
9624,1,1,0,0,0,organic_search,motor
9625,1,0,0,0,0,organic_search,motor
9626,1,0,0,0,0,organic_search,motor
9627,1,1,0,0,0,aggregator,term
9628,1,0,0,0,0,paid_search,travel
9629,1,1,0,0,0,referral,motor
9630,1,1,0,0,0,organic_search,term
9631,1,0,0,0,0,organic_search,term
9632,1,1,1,1,0,referral,travel
9633,1,1,1,1,1,aggregator,health
9634,1,1,0,0,0,paid_search,motor
9635,1,0,0,0,0,social_media,term
9636,1,0,0,0,0,aggregator,term
9637,1,0,0,0,0,social_media,term
9638,1,1,0,0,0,embedded_partner,travel
9639,1,1,0,0,0,social_media,motor
9640,1,1,1,0,0,paid_search,term
9641,1,0,0,0,0,organic_search,motor
9642,1,0,0,0,0,aggregator,health
9643,1,1,0,0,0,embedded_partner,motor
9644,1,1,1,0,0,aggregator,motor
9645,1,0,0,0,0,embedded_partner,motor
9646,1,0,0,0,0,social_media,term
9647,1,0,0,0,0,paid_search,travel
9648,1,0,0,0,0,social_media,motor
9649,1,0,0,0,0,aggregator,health
9650,1,1,0,0,0,paid_search,motor
9651,1,0,0,0,0,embedded_partner,health
9652,1,0,0,0,0,embedded_partner,motor
9653,1,0,0,0,0,aggregator,health
9654,1,0,0,0,0,organic_search,travel
9655,1,1,0,0,0,embedded_partner,health
9656,1,0,0,0,0,embedded_partner,term
9657,1,1,0,0,0,paid_search,term
9658,1,1,0,0,0,aggregator,motor
9659,1,0,0,0,0,referral,motor
9660,1,0,0,0,0,paid_search,motor
9661,1,0,0,0,0,paid_search,health
9662,1,1,0,0,0,organic_search,travel
9663,1,1,0,0,0,paid_search,health
9664,1,0,0,0,0,embedded_partner,health
9665,1,0,0,0,0,aggregator,motor
9666,1,1,1,0,0,organic_search,motor
9667,1,1,1,1,1,referral,travel
9668,1,1,0,0,0,referral,motor
9669,1,0,0,0,0,embedded_partner,term
9670,1,1,0,0,0,embedded_partner,motor
9671,1,0,0,0,0,paid_search,motor
9672,1,0,0,0,0,referral,motor
9673,1,1,0,0,0,embedded_partner,travel
9674,1,0,0,0,0,social_media,motor
9675,1,0,0,0,0,paid_search,term
9676,1,1,1,0,0,aggregator,motor
9677,1,0,0,0,0,social_media,health
9678,1,0,0,0,0,organic_search,health
9679,1,0,0,0,0,paid_search,health
9680,1,0,0,0,0,paid_search,motor
9681,1,0,0,0,0,social_media,motor
9682,1,0,0,0,0,aggregator,travel
9683,1,1,0,0,0,referral,health
9684,1,0,0,0,0,paid_search,motor
9685,1,1,0,0,0,aggregator,health
9686,1,0,0,0,0,aggregator,motor
9687,1,0,0,0,0,embedded_partner,health
9688,1,1,1,0,0,embedded_partner,health
9689,1,1,1,0,0,aggregator,motor
9690,1,1,1,0,0,aggregator,health
9691,1,0,0,0,0,paid_search,health
9692,1,0,0,0,0,aggregator,travel
9693,1,1,0,0,0,organic_search,term
9694,1,1,0,0,0,aggregator,health
9695,1,1,0,0,0,social_media,term
9696,1,0,0,0,0,paid_search,motor
9697,1,1,0,0,0,paid_search,term
9698,1,0,0,0,0,paid_search,motor
9699,1,1,0,0,0,aggregator,motor
9700,1,0,0,0,0,aggregator,health
9701,1,1,0,0,0,aggregator,motor
9702,1,0,0,0,0,aggregator,term
9703,1,1,0,0,0,referral,health
9704,1,0,0,0,0,paid_search,motor
9705,1,1,0,0,0,paid_search,motor
9706,1,0,0,0,0,aggregator,health
9707,1,1,1,1,1,organic_search,term
9708,1,0,0,0,0,embedded_partner,term
9709,1,1,0,0,0,organic_search,motor
9710,1,0,0,0,0,social_media,term
9711,1,1,0,0,0,embedded_partner,motor
9712,1,0,0,0,0,paid_search,motor
9713,1,1,1,1,0,embedded_partner,health
9714,1,1,0,0,0,organic_search,motor
9715,1,1,1,0,0,aggregator,motor
9716,1,0,0,0,0,social_media,motor
9717,1,0,0,0,0,paid_search,term
9718,1,1,1,0,0,aggregator,travel
9719,1,1,1,0,0,embedded_partner,travel
9720,1,0,0,0,0,aggregator,motor
9721,1,1,0,0,0,organic_search,health
9722,1,1,0,0,0,referral,term
9723,1,1,0,0,0,social_media,motor
9724,1,0,0,0,0,paid_search,motor
9725,1,0,0,0,0,social_media,motor
9726,1,0,0,0,0,embedded_partner,health
9727,1,0,0,0,0,aggregator,term
9728,1,0,0,0,0,paid_search,motor
9729,1,0,0,0,0,social_media,motor
9730,1,1,0,0,0,referral,term
9731,1,0,0,0,0,paid_search,health
9732,1,0,0,0,0,paid_search,motor
9733,1,0,0,0,0,referral,motor
9734,1,0,0,0,0,aggregator,travel
9735,1,0,0,0,0,aggregator,health
9736,1,0,0,0,0,social_media,health
9737,1,0,0,0,0,aggregator,health
9738,1,0,0,0,0,aggregator,travel
9739,1,0,0,0,0,social_media,motor
9740,1,0,0,0,0,organic_search,motor
9741,1,0,0,0,0,social_media,motor
9742,1,0,0,0,0,paid_search,term
9743,1,1,0,0,0,social_media,motor
9744,1,0,0,0,0,social_media,motor
9745,1,0,0,0,0,embedded_partner,motor
9746,1,1,0,0,0,organic_search,health
9747,1,1,0,0,0,organic_search,health
9748,1,0,0,0,0,embedded_partner,motor
9749,1,0,0,0,0,embedded_partner,motor
9750,1,0,0,0,0,aggregator,term
9751,1,1,1,0,0,referral,motor
9752,1,1,1,1,1,embedded_partner,term
9753,1,0,0,0,0,paid_search,motor
9754,1,0,0,0,0,aggregator,travel
9755,1,0,0,0,0,social_media,health
9756,1,0,0,0,0,paid_search,health
9757,1,0,0,0,0,organic_search,motor
9758,1,0,0,0,0,social_media,motor
9759,1,1,0,0,0,aggregator,term
9760,1,1,1,1,1,aggregator,health
9761,1,0,0,0,0,embedded_partner,term
9762,1,0,0,0,0,aggregator,health
9763,1,0,0,0,0,organic_search,health
9764,1,0,0,0,0,paid_search,travel
9765,1,0,0,0,0,paid_search,health
9766,1,0,0,0,0,social_media,travel
9767,1,0,0,0,0,paid_search,motor
9768,1,1,0,0,0,organic_search,motor
9769,1,0,0,0,0,organic_search,term
9770,1,0,0,0,0,aggregator,motor
9771,1,0,0,0,0,paid_search,motor
9772,1,1,0,0,0,organic_search,motor
9773,1,1,0,0,0,organic_search,health
9774,1,1,0,0,0,social_media,health
9775,1,0,0,0,0,organic_search,motor
9776,1,0,0,0,0,aggregator,motor
9777,1,0,0,0,0,aggregator,motor
9778,1,1,1,0,0,organic_search,motor
9779,1,1,0,0,0,organic_search,motor
9780,1,0,0,0,0,embedded_partner,motor
9781,1,1,0,0,0,aggregator,term
9782,1,1,0,0,0,social_media,term
9783,1,1,0,0,0,organic_search,motor
9784,1,1,0,0,0,aggregator,motor
9785,1,0,0,0,0,social_media,motor
9786,1,1,0,0,0,social_media,motor
9787,1,1,1,0,0,aggregator,motor
9788,1,1,0,0,0,paid_search,travel
9789,1,0,0,0,0,aggregator,term
9790,1,0,0,0,0,embedded_partner,health
9791,1,1,0,0,0,aggregator,motor
9792,1,0,0,0,0,aggregator,term
9793,1,1,0,0,0,aggregator,travel
9794,1,0,0,0,0,aggregator,motor
9795,1,0,0,0,0,aggregator,term
9796,1,0,0,0,0,social_media,motor
9797,1,1,0,0,0,aggregator,term
9798,1,0,0,0,0,paid_search,motor
9799,1,0,0,0,0,aggregator,health
9800,1,1,0,0,0,paid_search,motor
9801,1,1,1,0,0,aggregator,health
9802,1,0,0,0,0,social_media,health
9803,1,0,0,0,0,organic_search,health
9804,1,1,0,0,0,organic_search,term
9805,1,0,0,0,0,aggregator,motor
9806,1,1,0,0,0,embedded_partner,term
9807,1,0,0,0,0,organic_search,motor
9808,1,0,0,0,0,aggregator,term
9809,1,0,0,0,0,paid_search,motor
9810,1,1,0,0,0,organic_search,health
9811,1,0,0,0,0,paid_search,motor
9812,1,0,0,0,0,paid_search,travel
9813,1,0,0,0,0,social_media,health
9814,1,1,1,0,0,aggregator,motor
9815,1,1,0,0,0,referral,term
9816,1,0,0,0,0,aggregator,motor
9817,1,0,0,0,0,aggregator,motor
9818,1,0,0,0,0,aggregator,motor
9819,1,1,0,0,0,paid_search,term
9820,1,1,0,0,0,embedded_partner,travel
9821,1,0,0,0,0,embedded_partner,travel
9822,1,1,0,0,0,embedded_partner,motor
9823,1,0,0,0,0,social_media,motor
9824,1,0,0,0,0,paid_search,term
9825,1,1,0,0,0,paid_search,motor
9826,1,1,0,0,0,aggregator,health
9827,1,0,0,0,0,embedded_partner,travel
9828,1,0,0,0,0,social_media,motor
9829,1,0,0,0,0,paid_search,motor
9830,1,1,0,0,0,social_media,travel
9831,1,1,1,0,0,organic_search,health
9832,1,0,0,0,0,aggregator,travel
9833,1,1,0,0,0,organic_search,health
9834,1,1,0,0,0,organic_search,motor
9835,1,0,0,0,0,embedded_partner,term
9836,1,0,0,0,0,aggregator,term
9837,1,1,0,0,0,aggregator,travel
9838,1,0,0,0,0,social_media,health
9839,1,0,0,0,0,embedded_partner,health
9840,1,1,0,0,0,referral,motor
9841,1,0,0,0,0,social_media,motor
9842,1,0,0,0,0,aggregator,travel
9843,1,0,0,0,0,aggregator,travel
9844,1,0,0,0,0,social_media,health
9845,1,1,1,0,0,aggregator,travel
9846,1,1,0,0,0,social_media,motor
9847,1,1,1,1,0,embedded_partner,term
9848,1,1,0,0,0,paid_search,health
9849,1,1,1,1,0,paid_search,term
9850,1,0,0,0,0,aggregator,term
9851,1,1,0,0,0,paid_search,health
9852,1,1,0,0,0,organic_search,travel
9853,1,1,0,0,0,paid_search,motor
9854,1,1,0,0,0,aggregator,term
9855,1,0,0,0,0,aggregator,motor
9856,1,1,0,0,0,aggregator,motor
9857,1,0,0,0,0,organic_search,term
9858,1,1,0,0,0,social_media,term
9859,1,0,0,0,0,social_media,travel
9860,1,1,0,0,0,social_media,motor
9861,1,0,0,0,0,aggregator,motor
9862,1,1,0,0,0,social_media,health
9863,1,0,0,0,0,aggregator,travel
9864,1,0,0,0,0,embedded_partner,travel
9865,1,0,0,0,0,aggregator,travel
9866,1,0,0,0,0,paid_search,health
9867,1,0,0,0,0,aggregator,travel
9868,1,0,0,0,0,organic_search,motor
9869,1,1,0,0,0,aggregator,travel
9870,1,0,0,0,0,embedded_partner,health
9871,1,0,0,0,0,aggregator,motor
9872,1,0,0,0,0,embedded_partner,health
9873,1,0,0,0,0,organic_search,term
9874,1,0,0,0,0,aggregator,motor
9875,1,1,0,0,0,aggregator,motor
9876,1,0,0,0,0,paid_search,term
9877,1,0,0,0,0,embedded_partner,travel
9878,1,0,0,0,0,embedded_partner,health
9879,1,0,0,0,0,aggregator,motor
9880,1,1,0,0,0,paid_search,health
9881,1,0,0,0,0,aggregator,motor
9882,1,0,0,0,0,aggregator,motor
9883,1,0,0,0,0,social_media,motor
9884,1,1,1,1,1,paid_search,health
9885,1,1,1,1,1,aggregator,motor
9886,1,0,0,0,0,embedded_partner,motor
9887,1,0,0,0,0,organic_search,motor
9888,1,1,0,0,0,organic_search,health
9889,1,1,0,0,0,aggregator,motor
9890,1,0,0,0,0,embedded_partner,motor
9891,1,0,0,0,0,social_media,health
9892,1,0,0,0,0,social_media,term
9893,1,1,0,0,0,aggregator,term
9894,1,0,0,0,0,embedded_partner,health
9895,1,0,0,0,0,social_media,term
9896,1,1,0,0,0,embedded_partner,term
9897,1,0,0,0,0,organic_search,term
9898,1,0,0,0,0,organic_search,health
9899,1,0,0,0,0,organic_search,motor
9900,1,1,1,0,0,embedded_partner,motor
9901,1,0,0,0,0,aggregator,motor
9902,1,0,0,0,0,aggregator,motor
9903,1,1,0,0,0,organic_search,travel
9904,1,1,0,0,0,social_media,motor
9905,1,0,0,0,0,social_media,health
9906,1,1,0,0,0,organic_search,travel
9907,1,1,0,0,0,social_media,health
9908,1,0,0,0,0,organic_search,motor
9909,1,1,1,0,0,paid_search,travel
9910,1,1,0,0,0,embedded_partner,motor
9911,1,0,0,0,0,aggregator,motor
9912,1,1,0,0,0,social_media,health
9913,1,0,0,0,0,embedded_partner,motor
9914,1,0,0,0,0,paid_search,term
9915,1,0,0,0,0,paid_search,motor
9916,1,0,0,0,0,paid_search,term
9917,1,0,0,0,0,social_media,motor
9918,1,0,0,0,0,paid_search,travel
9919,1,0,0,0,0,aggregator,motor
9920,1,0,0,0,0,embedded_partner,travel
9921,1,0,0,0,0,aggregator,motor
9922,1,0,0,0,0,social_media,travel
9923,1,0,0,0,0,social_media,term
9924,1,0,0,0,0,aggregator,health
9925,1,1,0,0,0,aggregator,motor
9926,1,1,0,0,0,referral,health
9927,1,0,0,0,0,organic_search,health
9928,1,1,0,0,0,aggregator,health
9929,1,0,0,0,0,organic_search,health
9930,1,0,0,0,0,social_media,travel
9931,1,0,0,0,0,aggregator,travel
9932,1,0,0,0,0,organic_search,health
9933,1,0,0,0,0,social_media,motor
9934,1,1,0,0,0,aggregator,motor
9935,1,1,0,0,0,embedded_partner,term
9936,1,1,0,0,0,paid_search,travel
9937,1,0,0,0,0,paid_search,health
9938,1,0,0,0,0,paid_search,motor
9939,1,1,1,0,0,organic_search,motor
9940,1,1,0,0,0,organic_search,motor
9941,1,1,0,0,0,embedded_partner,travel
9942,1,0,0,0,0,aggregator,term
9943,1,0,0,0,0,organic_search,motor
9944,1,0,0,0,0,social_media,motor
9945,1,0,0,0,0,paid_search,motor
9946,1,0,0,0,0,aggregator,term
9947,1,1,0,0,0,embedded_partner,term
9948,1,0,0,0,0,aggregator,motor
9949,1,1,0,0,0,social_media,motor
9950,1,0,0,0,0,social_media,travel
9951,1,0,0,0,0,aggregator,term
9952,1,1,0,0,0,referral,health
9953,1,1,0,0,0,embedded_partner,health
9954,1,0,0,0,0,social_media,travel
9955,1,0,0,0,0,organic_search,term
9956,1,0,0,0,0,social_media,travel
9957,1,1,0,0,0,organic_search,motor
9958,1,0,0,0,0,aggregator,motor
9959,1,1,1,0,0,paid_search,motor
9960,1,0,0,0,0,paid_search,travel
9961,1,1,0,0,0,paid_search,term
9962,1,0,0,0,0,paid_search,motor
9963,1,0,0,0,0,aggregator,travel
9964,1,1,1,1,0,referral,travel
9965,1,0,0,0,0,aggregator,motor
9966,1,1,0,0,0,aggregator,health
9967,1,1,0,0,0,paid_search,term
9968,1,1,0,0,0,social_media,motor
9969,1,0,0,0,0,aggregator,term
9970,1,0,0,0,0,social_media,motor
9971,1,1,0,0,0,organic_search,travel
9972,1,1,1,0,0,aggregator,term
9973,1,0,0,0,0,referral,travel
9974,1,1,1,0,0,paid_search,term
9975,1,1,0,0,0,social_media,motor
9976,1,0,0,0,0,aggregator,motor
9977,1,0,0,0,0,organic_search,term
9978,1,1,0,0,0,embedded_partner,motor
9979,1,0,0,0,0,aggregator,term
9980,1,0,0,0,0,aggregator,motor
9981,1,0,0,0,0,paid_search,motor
9982,1,0,0,0,0,aggregator,health
9983,1,1,1,1,1,referral,term
9984,1,1,0,0,0,social_media,health
9985,1,1,0,0,0,social_media,health
9986,1,0,0,0,0,referral,health
9987,1,1,0,0,0,embedded_partner,term
9988,1,0,0,0,0,embedded_partner,health
9989,1,1,0,0,0,paid_search,health
9990,1,1,0,0,0,paid_search,health
9991,1,0,0,0,0,paid_search,health
9992,1,0,0,0,0,paid_search,motor
9993,1,0,0,0,0,paid_search,term
9994,1,0,0,0,0,aggregator,motor
9995,1,0,0,0,0,paid_search,travel
9996,1,1,0,0,0,paid_search,term
9997,1,0,0,0,0,paid_search,health
9998,1,0,0,0,0,aggregator,term
9999,1,0,0,0,0,paid_search,term
10000,1,1,0,0,0,social_media,motor
